cycle,ts,rss_kb,fd,threads,dropped,clock_lost,sw_epoch,tl_epoch,frames_v,frames_a,observed,target
1,1788839855,1197800,14,31,0,0,1,0,28,37,6ede00d0-baf4-573f-a0dd-4a503bf7f766,6ede00d0-baf4-573f-a0dd-4a503bf7f766
2,1788839884,1270944,14,29,0,0,2,0,892,1189,4fa33dcb-5f76-5f76-aea8-330df7ada03e,4fa33dcb-5f76-5f76-aea8-330df7ada03e
3,1788839913,1276532,14,29,0,0,3,0,1756,2341,6ede00d0-baf4-573f-a0dd-4a503bf7f766,6ede00d0-baf4-573f-a0dd-4a503bf7f766
4,1788839942,1276536,14,29,0,0,4,0,2621,3494,4fa33dcb-5f76-5f76-aea8-330df7ada03e,4fa33dcb-5f76-5f76-aea8-330df7ada03e
5,1788839970,1276536,14,29,0,0,5,0,3488,4649,6ede00d0-baf4-573f-a0dd-4a503bf7f766,6ede00d0-baf4-573f-a0dd-4a503bf7f766
6,1788839999,1276536,14,29,0,0,6,0,4352,5801,4fa33dcb-5f76-5f76-aea8-330df7ada03e,4fa33dcb-5f76-5f76-aea8-330df7ada03e
7,1788840028,1276536,14,29,0,0,7,0,5216,6954,6ede00d0-baf4-573f-a0dd-4a503bf7f766,6ede00d0-baf4-573f-a0dd-4a503bf7f766
8,1788840057,1276536,14,29,0,0,8,0,6080,8105,4fa33dcb-5f76-5f76-aea8-330df7ada03e,4fa33dcb-5f76-5f76-aea8-330df7ada03e
9,1788840086,1276540,14,29,0,0,9,0,6944,9258,6ede00d0-baf4-573f-a0dd-4a503bf7f766,6ede00d0-baf4-573f-a0dd-4a503bf7f766
10,1788840114,1276540,14,29,0,0,10,0,7811,10413,4fa33dcb-5f76-5f76-aea8-330df7ada03e,4fa33dcb-5f76-5f76-aea8-330df7ada03e
11,1788840143,1276540,14,29,0,0,11,0,8675,11565,6ede00d0-baf4-573f-a0dd-4a503bf7f766,6ede00d0-baf4-573f-a0dd-4a503bf7f766
12,1788840172,1276540,14,29,0,0,12,0,9539,12717,4fa33dcb-5f76-5f76-aea8-330df7ada03e,4fa33dcb-5f76-5f76-aea8-330df7ada03e
13,1788840201,1276540,14,29,0,0,13,0,10403,13869,6ede00d0-baf4-573f-a0dd-4a503bf7f766,6ede00d0-baf4-573f-a0dd-4a503bf7f766
14,1788840230,1276552,14,29,0,0,14,0,11267,15021,4fa33dcb-5f76-5f76-aea8-330df7ada03e,4fa33dcb-5f76-5f76-aea8-330df7ada03e
15,1788840259,1276552,14,29,0,0,15,0,12135,16177,6ede00d0-baf4-573f-a0dd-4a503bf7f766,6ede00d0-baf4-573f-a0dd-4a503bf7f766
16,1788840287,1276552,14,29,0,0,16,0,12999,17329,4fa33dcb-5f76-5f76-aea8-330df7ada03e,4fa33dcb-5f76-5f76-aea8-330df7ada03e
17,1788840316,1276552,14,29,0,0,17,0,13863,18481,6ede00d0-baf4-573f-a0dd-4a503bf7f766,6ede00d0-baf4-573f-a0dd-4a503bf7f766
18,1788840345,1276552,14,29,0,0,18,0,14727,19632,4fa33dcb-5f76-5f76-aea8-330df7ada03e,4fa33dcb-5f76-5f76-aea8-330df7ada03e
19,1788840374,1276556,14,29,0,0,19,0,15590,20784,6ede00d0-baf4-573f-a0dd-4a503bf7f766,6ede00d0-baf4-573f-a0dd-4a503bf7f766
20,1788840403,1276556,14,29,0,0,20,0,16457,21940,4fa33dcb-5f76-5f76-aea8-330df7ada03e,4fa33dcb-5f76-5f76-aea8-330df7ada03e
21,1788840431,1276556,14,29,0,0,21,0,17321,23091,6ede00d0-baf4-573f-a0dd-4a503bf7f766,6ede00d0-baf4-573f-a0dd-4a503bf7f766
22,1788840460,1276560,14,29,0,0,22,0,18185,24242,4fa33dcb-5f76-5f76-aea8-330df7ada03e,4fa33dcb-5f76-5f76-aea8-330df7ada03e
23,1788840489,1276560,14,29,0,0,23,0,19049,25394,6ede00d0-baf4-573f-a0dd-4a503bf7f766,6ede00d0-baf4-573f-a0dd-4a503bf7f766
24,1788840518,1276560,14,29,0,0,24,0,19913,26546,4fa33dcb-5f76-5f76-aea8-330df7ada03e,4fa33dcb-5f76-5f76-aea8-330df7ada03e
25,1788840547,1276560,14,29,0,0,25,0,20779,27701,6ede00d0-baf4-573f-a0dd-4a503bf7f766,6ede00d0-baf4-573f-a0dd-4a503bf7f766
26,1788840575,1276560,14,29,0,0,26,0,21643,28852,4fa33dcb-5f76-5f76-aea8-330df7ada03e,4fa33dcb-5f76-5f76-aea8-330df7ada03e
27,1788840604,1276564,14,29,0,0,27,0,22507,30004,6ede00d0-baf4-573f-a0dd-4a503bf7f766,6ede00d0-baf4-573f-a0dd-4a503bf7f766
28,1788840633,1276564,14,29,0,0,28,0,23370,31155,4fa33dcb-5f76-5f76-aea8-330df7ada03e,4fa33dcb-5f76-5f76-aea8-330df7ada03e
29,1788840662,1276568,14,29,0,0,29,0,24235,32307,6ede00d0-baf4-573f-a0dd-4a503bf7f766,6ede00d0-baf4-573f-a0dd-4a503bf7f766
30,1788840691,1276568,14,29,0,0,30,0,25102,33463,4fa33dcb-5f76-5f76-aea8-330df7ada03e,4fa33dcb-5f76-5f76-aea8-330df7ada03e
31,1788840719,1276568,14,29,0,0,31,0,25966,34615,6ede00d0-baf4-573f-a0dd-4a503bf7f766,6ede00d0-baf4-573f-a0dd-4a503bf7f766
32,1788840748,1276568,14,29,0,0,32,0,26829,35766,4fa33dcb-5f76-5f76-aea8-330df7ada03e,4fa33dcb-5f76-5f76-aea8-330df7ada03e
33,1788840777,1276568,14,29,0,0,33,0,27694,36918,6ede00d0-baf4-573f-a0dd-4a503bf7f766,6ede00d0-baf4-573f-a0dd-4a503bf7f766
34,1788840806,1276568,14,29,0,0,34,0,28557,38070,4fa33dcb-5f76-5f76-aea8-330df7ada03e,4fa33dcb-5f76-5f76-aea8-330df7ada03e
35,1788840834,1276568,14,29,0,0,35,0,29423,39225,6ede00d0-baf4-573f-a0dd-4a503bf7f766,6ede00d0-baf4-573f-a0dd-4a503bf7f766
36,1788840863,1276568,14,29,0,0,36,0,30287,40376,4fa33dcb-5f76-5f76-aea8-330df7ada03e,4fa33dcb-5f76-5f76-aea8-330df7ada03e
37,1788840892,1276568,14,29,0,0,37,0,31152,41529,6ede00d0-baf4-573f-a0dd-4a503bf7f766,6ede00d0-baf4-573f-a0dd-4a503bf7f766
38,1788840921,1276568,14,29,0,0,38,0,32016,42680,4fa33dcb-5f76-5f76-aea8-330df7ada03e,4fa33dcb-5f76-5f76-aea8-330df7ada03e
39,1788840950,1276568,14,29,0,0,39,0,32879,43832,6ede00d0-baf4-573f-a0dd-4a503bf7f766,6ede00d0-baf4-573f-a0dd-4a503bf7f766
40,1788840978,1276568,14,29,0,0,40,0,33746,44987,4fa33dcb-5f76-5f76-aea8-330df7ada03e,4fa33dcb-5f76-5f76-aea8-330df7ada03e
41,1788841007,1276572,14,29,0,0,41,0,34610,46139,6ede00d0-baf4-573f-a0dd-4a503bf7f766,6ede00d0-baf4-573f-a0dd-4a503bf7f766
42,1788841036,1276572,14,29,0,0,42,0,35475,47292,4fa33dcb-5f76-5f76-aea8-330df7ada03e,4fa33dcb-5f76-5f76-aea8-330df7ada03e
43,1788841065,1276572,14,29,0,0,43,0,36339,48443,6ede00d0-baf4-573f-a0dd-4a503bf7f766,6ede00d0-baf4-573f-a0dd-4a503bf7f766
44,1788841094,1276572,14,29,0,0,44,0,37203,49595,4fa33dcb-5f76-5f76-aea8-330df7ada03e,4fa33dcb-5f76-5f76-aea8-330df7ada03e
45,1788841123,1276572,14,29,0,0,45,0,38069,50751,6ede00d0-baf4-573f-a0dd-4a503bf7f766,6ede00d0-baf4-573f-a0dd-4a503bf7f766
46,1788841151,1276572,14,29,0,0,46,0,38933,51902,4fa33dcb-5f76-5f76-aea8-330df7ada03e,4fa33dcb-5f76-5f76-aea8-330df7ada03e
47,1788841180,1276572,14,29,0,0,47,0,39797,53054,6ede00d0-baf4-573f-a0dd-4a503bf7f766,6ede00d0-baf4-573f-a0dd-4a503bf7f766
48,1788841209,1276572,14,29,0,0,48,0,40661,54205,4fa33dcb-5f76-5f76-aea8-330df7ada03e,4fa33dcb-5f76-5f76-aea8-330df7ada03e
49,1788841238,1276572,14,29,0,0,49,0,41525,55357,6ede00d0-baf4-573f-a0dd-4a503bf7f766,6ede00d0-baf4-573f-a0dd-4a503bf7f766
50,1788841266,1276572,14,29,0,0,50,0,42391,56512,4fa33dcb-5f76-5f76-aea8-330df7ada03e,4fa33dcb-5f76-5f76-aea8-330df7ada03e
51,1788841295,1276572,14,29,0,0,51,0,43255,57664,6ede00d0-baf4-573f-a0dd-4a503bf7f766,6ede00d0-baf4-573f-a0dd-4a503bf7f766
52,1788841324,1276572,14,29,0,0,52,0,44121,58818,4fa33dcb-5f76-5f76-aea8-330df7ada03e,4fa33dcb-5f76-5f76-aea8-330df7ada03e
53,1788841353,1276572,14,29,0,0,53,0,44984,59970,6ede00d0-baf4-573f-a0dd-4a503bf7f766,6ede00d0-baf4-573f-a0dd-4a503bf7f766
54,1788841382,1276572,14,29,0,0,54,0,45848,61121,4fa33dcb-5f76-5f76-aea8-330df7ada03e,4fa33dcb-5f76-5f76-aea8-330df7ada03e
55,1788841411,1276572,14,29,0,0,55,0,46715,62277,6ede00d0-baf4-573f-a0dd-4a503bf7f766,6ede00d0-baf4-573f-a0dd-4a503bf7f766
56,1788841439,1276572,14,29,0,0,56,0,47579,63428,4fa33dcb-5f76-5f76-aea8-330df7ada03e,4fa33dcb-5f76-5f76-aea8-330df7ada03e
57,1788841468,1276580,14,29,0,0,57,0,48443,64580,6ede00d0-baf4-573f-a0dd-4a503bf7f766,6ede00d0-baf4-573f-a0dd-4a503bf7f766
58,1788841497,1276580,14,29,0,0,58,0,49307,65732,4fa33dcb-5f76-5f76-aea8-330df7ada03e,4fa33dcb-5f76-5f76-aea8-330df7ada03e
59,1788841526,1276580,14,29,0,0,59,0,50172,66885,6ede00d0-baf4-573f-a0dd-4a503bf7f766,6ede00d0-baf4-573f-a0dd-4a503bf7f766
60,1788841555,1276580,14,29,0,0,60,0,51038,68040,4fa33dcb-5f76-5f76-aea8-330df7ada03e,4fa33dcb-5f76-5f76-aea8-330df7ada03e
61,1788841583,1276584,14,29,0,0,61,0,51903,69192,6ede00d0-baf4-573f-a0dd-4a503bf7f766,6ede00d0-baf4-573f-a0dd-4a503bf7f766
62,1788841612,1276584,14,29,0,0,62,0,52767,70344,4fa33dcb-5f76-5f76-aea8-330df7ada03e,4fa33dcb-5f76-5f76-aea8-330df7ada03e
63,1788841641,1276584,14,29,0,0,63,0,53631,71496,6ede00d0-baf4-573f-a0dd-4a503bf7f766,6ede00d0-baf4-573f-a0dd-4a503bf7f766
64,1788841670,1276584,14,29,0,0,64,0,54495,72648,4fa33dcb-5f76-5f76-aea8-330df7ada03e,4fa33dcb-5f76-5f76-aea8-330df7ada03e
65,1788841699,1276584,14,29,0,0,65,0,55361,73803,6ede00d0-baf4-573f-a0dd-4a503bf7f766,6ede00d0-baf4-573f-a0dd-4a503bf7f766
66,1788841727,1276584,14,29,0,0,66,0,56225,74954,4fa33dcb-5f76-5f76-aea8-330df7ada03e,4fa33dcb-5f76-5f76-aea8-330df7ada03e
67,1788841756,1276584,14,29,0,0,67,0,57089,76105,6ede00d0-baf4-573f-a0dd-4a503bf7f766,6ede00d0-baf4-573f-a0dd-4a503bf7f766
68,1788841785,1276584,14,29,0,0,68,0,57954,77257,4fa33dcb-5f76-5f76-aea8-330df7ada03e,4fa33dcb-5f76-5f76-aea8-330df7ada03e
69,1788841814,1276584,14,29,0,0,69,0,58818,78409,6ede00d0-baf4-573f-a0dd-4a503bf7f766,6ede00d0-baf4-573f-a0dd-4a503bf7f766
70,1788841843,1276584,14,29,0,0,70,0,59685,79565,4fa33dcb-5f76-5f76-aea8-330df7ada03e,4fa33dcb-5f76-5f76-aea8-330df7ada03e
71,1788841871,1276584,14,29,0,0,71,0,60549,80717,6ede00d0-baf4-573f-a0dd-4a503bf7f766,6ede00d0-baf4-573f-a0dd-4a503bf7f766
72,1788841900,1276584,14,29,0,0,72,0,61413,81869,4fa33dcb-5f76-5f76-aea8-330df7ada03e,4fa33dcb-5f76-5f76-aea8-330df7ada03e
73,1788841929,1276584,14,29,0,0,73,0,62277,83021,6ede00d0-baf4-573f-a0dd-4a503bf7f766,6ede00d0-baf4-573f-a0dd-4a503bf7f766
74,1788841958,1276584,14,29,0,0,74,0,63141,84172,4fa33dcb-5f76-5f76-aea8-330df7ada03e,4fa33dcb-5f76-5f76-aea8-330df7ada03e
75,1788841987,1276584,14,29,0,0,75,0,64008,85329,6ede00d0-baf4-573f-a0dd-4a503bf7f766,6ede00d0-baf4-573f-a0dd-4a503bf7f766
76,1788842015,1276584,14,29,0,0,76,0,64872,86481,4fa33dcb-5f76-5f76-aea8-330df7ada03e,4fa33dcb-5f76-5f76-aea8-330df7ada03e
77,1788842044,1276584,14,29,0,0,77,0,65736,87632,6ede00d0-baf4-573f-a0dd-4a503bf7f766,6ede00d0-baf4-573f-a0dd-4a503bf7f766
78,1788842073,1276584,14,29,0,0,78,0,66601,88785,4fa33dcb-5f76-5f76-aea8-330df7ada03e,4fa33dcb-5f76-5f76-aea8-330df7ada03e
79,1788842102,1276584,14,29,0,0,79,0,67465,89937,6ede00d0-baf4-573f-a0dd-4a503bf7f766,6ede00d0-baf4-573f-a0dd-4a503bf7f766
80,1788842131,1276584,14,29,0,0,80,0,68331,91092,4fa33dcb-5f76-5f76-aea8-330df7ada03e,4fa33dcb-5f76-5f76-aea8-330df7ada03e
81,1788842159,1276584,14,29,0,0,81,0,69195,92244,6ede00d0-baf4-573f-a0dd-4a503bf7f766,6ede00d0-baf4-573f-a0dd-4a503bf7f766
82,1788842188,1276584,14,29,0,0,82,0,70059,93395,4fa33dcb-5f76-5f76-aea8-330df7ada03e,4fa33dcb-5f76-5f76-aea8-330df7ada03e
83,1788842217,1276584,14,29,0,0,83,0,70923,94548,6ede00d0-baf4-573f-a0dd-4a503bf7f766,6ede00d0-baf4-573f-a0dd-4a503bf7f766
84,1788842246,1276584,14,29,0,0,84,0,71787,95699,4fa33dcb-5f76-5f76-aea8-330df7ada03e,4fa33dcb-5f76-5f76-aea8-330df7ada03e
85,1788842275,1276584,14,29,0,0,85,0,72653,96854,6ede00d0-baf4-573f-a0dd-4a503bf7f766,6ede00d0-baf4-573f-a0dd-4a503bf7f766
86,1788842303,1276588,14,29,0,0,86,0,73517,98006,4fa33dcb-5f76-5f76-aea8-330df7ada03e,4fa33dcb-5f76-5f76-aea8-330df7ada03e
87,1788842332,1276588,14,29,0,0,87,0,74381,99157,6ede00d0-baf4-573f-a0dd-4a503bf7f766,6ede00d0-baf4-573f-a0dd-4a503bf7f766
88,1788842361,1276588,14,29,0,0,88,0,75245,100309,4fa33dcb-5f76-5f76-aea8-330df7ada03e,4fa33dcb-5f76-5f76-aea8-330df7ada03e
89,1788842390,1276588,14,29,0,0,89,0,76108,101460,6ede00d0-baf4-573f-a0dd-4a503bf7f766,6ede00d0-baf4-573f-a0dd-4a503bf7f766
90,1788842419,1276588,14,29,0,0,90,0,76976,102617,4fa33dcb-5f76-5f76-aea8-330df7ada03e,4fa33dcb-5f76-5f76-aea8-330df7ada03e
91,1788842447,1276588,14,29,0,0,91,0,77840,103769,6ede00d0-baf4-573f-a0dd-4a503bf7f766,6ede00d0-baf4-573f-a0dd-4a503bf7f766
92,1788842476,1276588,14,29,0,0,92,0,78704,104920,4fa33dcb-5f76-5f76-aea8-330df7ada03e,4fa33dcb-5f76-5f76-aea8-330df7ada03e
93,1788842505,1276588,14,29,0,0,93,0,79569,106073,6ede00d0-baf4-573f-a0dd-4a503bf7f766,6ede00d0-baf4-573f-a0dd-4a503bf7f766
94,1788842534,1276588,14,29,0,0,94,0,80432,107225,4fa33dcb-5f76-5f76-aea8-330df7ada03e,4fa33dcb-5f76-5f76-aea8-330df7ada03e
95,1788842563,1276588,14,29,0,0,95,0,81299,108380,6ede00d0-baf4-573f-a0dd-4a503bf7f766,6ede00d0-baf4-573f-a0dd-4a503bf7f766
96,1788842591,1276588,14,29,0,0,96,0,82163,109531,4fa33dcb-5f76-5f76-aea8-330df7ada03e,4fa33dcb-5f76-5f76-aea8-330df7ada03e
97,1788842620,1276588,14,29,0,0,97,0,83026,110683,6ede00d0-baf4-573f-a0dd-4a503bf7f766,6ede00d0-baf4-573f-a0dd-4a503bf7f766
98,1788842649,1276588,14,29,0,0,98,0,83890,111834,4fa33dcb-5f76-5f76-aea8-330df7ada03e,4fa33dcb-5f76-5f76-aea8-330df7ada03e
99,1788842678,1276588,14,29,0,0,99,0,84754,112986,6ede00d0-baf4-573f-a0dd-4a503bf7f766,6ede00d0-baf4-573f-a0dd-4a503bf7f766
100,1788842707,1276588,14,29,0,0,100,0,85620,114141,4fa33dcb-5f76-5f76-aea8-330df7ada03e,4fa33dcb-5f76-5f76-aea8-330df7ada03e
101,1788842735,1276588,14,29,0,0,101,0,86485,115293,6ede00d0-baf4-573f-a0dd-4a503bf7f766,6ede00d0-baf4-573f-a0dd-4a503bf7f766
102,1788842764,1276592,14,29,0,0,102,0,87348,116444,4fa33dcb-5f76-5f76-aea8-330df7ada03e,4fa33dcb-5f76-5f76-aea8-330df7ada03e
103,1788842793,1276608,14,29,0,0,103,0,88212,117596,6ede00d0-baf4-573f-a0dd-4a503bf7f766,6ede00d0-baf4-573f-a0dd-4a503bf7f766
104,1788842822,1276608,14,29,0,0,104,0,89076,118748,4fa33dcb-5f76-5f76-aea8-330df7ada03e,4fa33dcb-5f76-5f76-aea8-330df7ada03e
105,1788842851,1276608,14,29,0,0,105,0,89943,119903,6ede00d0-baf4-573f-a0dd-4a503bf7f766,6ede00d0-baf4-573f-a0dd-4a503bf7f766
106,1788842879,1276608,14,29,0,0,106,0,90807,121055,4fa33dcb-5f76-5f76-aea8-330df7ada03e,4fa33dcb-5f76-5f76-aea8-330df7ada03e
107,1788842908,1276608,14,29,0,0,107,0,91671,122207,6ede00d0-baf4-573f-a0dd-4a503bf7f766,6ede00d0-baf4-573f-a0dd-4a503bf7f766
108,1788842937,1276608,14,29,0,0,108,0,92535,123359,4fa33dcb-5f76-5f76-aea8-330df7ada03e,4fa33dcb-5f76-5f76-aea8-330df7ada03e
109,1788842966,1276608,14,29,0,0,109,0,93399,124511,6ede00d0-baf4-573f-a0dd-4a503bf7f766,6ede00d0-baf4-573f-a0dd-4a503bf7f766
110,1788842995,1276608,14,29,0,0,110,0,94265,125666,4fa33dcb-5f76-5f76-aea8-330df7ada03e,4fa33dcb-5f76-5f76-aea8-330df7ada03e
111,1788843023,1276608,14,29,0,0,111,0,95130,126818,6ede00d0-baf4-573f-a0dd-4a503bf7f766,6ede00d0-baf4-573f-a0dd-4a503bf7f766
112,1788843052,1276608,14,29,0,0,112,0,95993,127969,4fa33dcb-5f76-5f76-aea8-330df7ada03e,4fa33dcb-5f76-5f76-aea8-330df7ada03e
113,1788843081,1276620,14,29,0,0,113,0,96858,129122,6ede00d0-baf4-573f-a0dd-4a503bf7f766,6ede00d0-baf4-573f-a0dd-4a503bf7f766
114,1788843110,1276620,14,29,0,0,114,0,97721,130273,4fa33dcb-5f76-5f76-aea8-330df7ada03e,4fa33dcb-5f76-5f76-aea8-330df7ada03e
115,1788843139,1276620,14,29,0,0,115,0,98588,131428,6ede00d0-baf4-573f-a0dd-4a503bf7f766,6ede00d0-baf4-573f-a0dd-4a503bf7f766
116,1788843167,1276624,14,29,0,0,116,0,99452,132580,4fa33dcb-5f76-5f76-aea8-330df7ada03e,4fa33dcb-5f76-5f76-aea8-330df7ada03e
117,1788843196,1276624,14,29,0,0,117,0,100316,133732,6ede00d0-baf4-573f-a0dd-4a503bf7f766,6ede00d0-baf4-573f-a0dd-4a503bf7f766
118,1788843225,1276624,14,29,0,0,118,0,101180,134884,4fa33dcb-5f76-5f76-aea8-330df7ada03e,4fa33dcb-5f76-5f76-aea8-330df7ada03e
119,1788843254,1276624,14,29,0,0,119,0,102044,136036,6ede00d0-baf4-573f-a0dd-4a503bf7f766,6ede00d0-baf4-573f-a0dd-4a503bf7f766
120,1788843283,1276624,14,29,0,0,120,0,102911,137191,4fa33dcb-5f76-5f76-aea8-330df7ada03e,4fa33dcb-5f76-5f76-aea8-330df7ada03e
121,1788843311,1276624,14,29,0,0,121,0,103774,138343,6ede00d0-baf4-573f-a0dd-4a503bf7f766,6ede00d0-baf4-573f-a0dd-4a503bf7f766
122,1788843340,1276624,14,29,0,0,122,0,104638,139494,4fa33dcb-5f76-5f76-aea8-330df7ada03e,4fa33dcb-5f76-5f76-aea8-330df7ada03e
123,1788843369,1276624,14,29,0,0,123,0,105503,140647,6ede00d0-baf4-573f-a0dd-4a503bf7f766,6ede00d0-baf4-573f-a0dd-4a503bf7f766
124,1788843398,1276624,14,29,0,0,124,0,106366,141798,4fa33dcb-5f76-5f76-aea8-330df7ada03e,4fa33dcb-5f76-5f76-aea8-330df7ada03e
125,1788843427,1276624,14,29,0,0,125,0,107233,142953,6ede00d0-baf4-573f-a0dd-4a503bf7f766,6ede00d0-baf4-573f-a0dd-4a503bf7f766
126,1788843455,1276624,14,29,0,0,126,0,108097,144105,4fa33dcb-5f76-5f76-aea8-330df7ada03e,4fa33dcb-5f76-5f76-aea8-330df7ada03e
127,1788843484,1276624,14,29,0,0,127,0,108961,145257,6ede00d0-baf4-573f-a0dd-4a503bf7f766,6ede00d0-baf4-573f-a0dd-4a503bf7f766
128,1788843513,1276624,14,29,0,0,128,0,109825,146409,4fa33dcb-5f76-5f76-aea8-330df7ada03e,4fa33dcb-5f76-5f76-aea8-330df7ada03e
129,1788843542,1276624,14,29,0,0,129,0,110689,147561,6ede00d0-baf4-573f-a0dd-4a503bf7f766,6ede00d0-baf4-573f-a0dd-4a503bf7f766
130,1788843571,1276624,14,29,0,0,130,0,111556,148716,4fa33dcb-5f76-5f76-aea8-330df7ada03e,4fa33dcb-5f76-5f76-aea8-330df7ada03e
131,1788843599,1276624,14,29,0,0,131,0,112419,149868,6ede00d0-baf4-573f-a0dd-4a503bf7f766,6ede00d0-baf4-573f-a0dd-4a503bf7f766
132,1788843628,1276624,14,29,0,0,132,0,113283,151019,4fa33dcb-5f76-5f76-aea8-330df7ada03e,4fa33dcb-5f76-5f76-aea8-330df7ada03e
133,1788843657,1276624,14,29,0,0,133,0,114147,152171,6ede00d0-baf4-573f-a0dd-4a503bf7f766,6ede00d0-baf4-573f-a0dd-4a503bf7f766
134,1788843686,1276624,14,29,0,0,134,0,115011,153323,4fa33dcb-5f76-5f76-aea8-330df7ada03e,4fa33dcb-5f76-5f76-aea8-330df7ada03e
135,1788843715,1276628,14,29,0,0,135,0,115878,154478,6ede00d0-baf4-573f-a0dd-4a503bf7f766,6ede00d0-baf4-573f-a0dd-4a503bf7f766
136,1788843743,1276628,14,29,0,0,136,0,116742,155630,4fa33dcb-5f76-5f76-aea8-330df7ada03e,4fa33dcb-5f76-5f76-aea8-330df7ada03e
137,1788843772,1276628,14,29,0,0,137,0,117606,156782,6ede00d0-baf4-573f-a0dd-4a503bf7f766,6ede00d0-baf4-573f-a0dd-4a503bf7f766
138,1788843801,1276628,14,29,0,0,138,0,118469,157933,4fa33dcb-5f76-5f76-aea8-330df7ada03e,4fa33dcb-5f76-5f76-aea8-330df7ada03e
139,1788843830,1276628,14,29,0,0,139,0,119333,159085,6ede00d0-baf4-573f-a0dd-4a503bf7f766,6ede00d0-baf4-573f-a0dd-4a503bf7f766
140,1788843859,1276628,14,29,0,0,140,0,120200,160240,4fa33dcb-5f76-5f76-aea8-330df7ada03e,4fa33dcb-5f76-5f76-aea8-330df7ada03e
141,1788843887,1276628,14,29,0,0,141,0,121064,161392,6ede00d0-baf4-573f-a0dd-4a503bf7f766,6ede00d0-baf4-573f-a0dd-4a503bf7f766
142,1788843916,1276628,14,29,0,0,142,0,121928,162544,4fa33dcb-5f76-5f76-aea8-330df7ada03e,4fa33dcb-5f76-5f76-aea8-330df7ada03e
143,1788843945,1276628,14,29,0,0,143,0,122792,163696,6ede00d0-baf4-573f-a0dd-4a503bf7f766,6ede00d0-baf4-573f-a0dd-4a503bf7f766
144,1788843974,1276628,14,29,0,0,144,0,123656,164847,4fa33dcb-5f76-5f76-aea8-330df7ada03e,4fa33dcb-5f76-5f76-aea8-330df7ada03e
145,1788844003,1276628,14,29,0,0,145,0,124523,166003,6ede00d0-baf4-573f-a0dd-4a503bf7f766,6ede00d0-baf4-573f-a0dd-4a503bf7f766
146,1788844031,1276628,14,29,0,0,146,0,125388,167156,4fa33dcb-5f76-5f76-aea8-330df7ada03e,4fa33dcb-5f76-5f76-aea8-330df7ada03e
147,1788844060,1276628,14,29,0,0,147,0,126252,168307,6ede00d0-baf4-573f-a0dd-4a503bf7f766,6ede00d0-baf4-573f-a0dd-4a503bf7f766
148,1788844089,1276628,14,29,0,0,148,0,127116,169460,4fa33dcb-5f76-5f76-aea8-330df7ada03e,4fa33dcb-5f76-5f76-aea8-330df7ada03e
149,1788844118,1276628,14,29,0,0,149,0,127981,170612,6ede00d0-baf4-573f-a0dd-4a503bf7f766,6ede00d0-baf4-573f-a0dd-4a503bf7f766
150,1788844147,1276628,14,29,0,0,150,0,128847,171767,4fa33dcb-5f76-5f76-aea8-330df7ada03e,4fa33dcb-5f76-5f76-aea8-330df7ada03e
151,1788844175,1276628,14,29,0,0,151,0,129712,172920,6ede00d0-baf4-573f-a0dd-4a503bf7f766,6ede00d0-baf4-573f-a0dd-4a503bf7f766
152,1788844204,1276628,14,29,0,0,152,0,130575,174071,4fa33dcb-5f76-5f76-aea8-330df7ada03e,4fa33dcb-5f76-5f76-aea8-330df7ada03e
153,1788844233,1276628,14,29,0,0,153,0,131439,175223,6ede00d0-baf4-573f-a0dd-4a503bf7f766,6ede00d0-baf4-573f-a0dd-4a503bf7f766
154,1788844262,1276628,14,29,0,0,154,0,132302,176374,4fa33dcb-5f76-5f76-aea8-330df7ada03e,4fa33dcb-5f76-5f76-aea8-330df7ada03e
155,1788844291,1276628,14,29,0,0,155,0,133169,177529,6ede00d0-baf4-573f-a0dd-4a503bf7f766,6ede00d0-baf4-573f-a0dd-4a503bf7f766
156,1788844319,1276628,14,29,0,0,156,0,134034,178681,4fa33dcb-5f76-5f76-aea8-330df7ada03e,4fa33dcb-5f76-5f76-aea8-330df7ada03e
157,1788844348,1276632,14,29,0,0,157,0,134898,179834,6ede00d0-baf4-573f-a0dd-4a503bf7f766,6ede00d0-baf4-573f-a0dd-4a503bf7f766
158,1788844377,1276632,14,29,0,0,158,0,135762,180985,4fa33dcb-5f76-5f76-aea8-330df7ada03e,4fa33dcb-5f76-5f76-aea8-330df7ada03e
159,1788844406,1276632,14,29,0,0,159,0,136626,182138,6ede00d0-baf4-573f-a0dd-4a503bf7f766,6ede00d0-baf4-573f-a0dd-4a503bf7f766
160,1788844435,1276632,14,29,0,0,160,0,137493,183293,4fa33dcb-5f76-5f76-aea8-330df7ada03e,4fa33dcb-5f76-5f76-aea8-330df7ada03e
161,1788844464,1276632,14,29,0,0,161,0,138358,184446,6ede00d0-baf4-573f-a0dd-4a503bf7f766,6ede00d0-baf4-573f-a0dd-4a503bf7f766
162,1788844492,1276632,14,29,0,0,162,0,139222,185598,4fa33dcb-5f76-5f76-aea8-330df7ada03e,4fa33dcb-5f76-5f76-aea8-330df7ada03e
163,1788844521,1276632,14,29,0,0,163,0,140086,186750,6ede00d0-baf4-573f-a0dd-4a503bf7f766,6ede00d0-baf4-573f-a0dd-4a503bf7f766
164,1788844550,1276632,14,29,0,0,164,0,140950,187901,4fa33dcb-5f76-5f76-aea8-330df7ada03e,4fa33dcb-5f76-5f76-aea8-330df7ada03e
165,1788844579,1276632,14,29,0,0,165,0,141817,189057,6ede00d0-baf4-573f-a0dd-4a503bf7f766,6ede00d0-baf4-573f-a0dd-4a503bf7f766
166,1788844608,1276632,14,29,0,0,166,0,142680,190209,4fa33dcb-5f76-5f76-aea8-330df7ada03e,4fa33dcb-5f76-5f76-aea8-330df7ada03e
167,1788844636,1276632,14,29,0,0,167,0,143545,191361,6ede00d0-baf4-573f-a0dd-4a503bf7f766,6ede00d0-baf4-573f-a0dd-4a503bf7f766
168,1788844665,1276632,14,29,0,0,168,0,144409,192513,4fa33dcb-5f76-5f76-aea8-330df7ada03e,4fa33dcb-5f76-5f76-aea8-330df7ada03e
169,1788844694,1276632,14,29,0,0,169,0,145274,193665,6ede00d0-baf4-573f-a0dd-4a503bf7f766,6ede00d0-baf4-573f-a0dd-4a503bf7f766
170,1788844723,1276632,14,29,0,0,170,0,146140,194820,4fa33dcb-5f76-5f76-aea8-330df7ada03e,4fa33dcb-5f76-5f76-aea8-330df7ada03e
171,1788844752,1276632,14,29,0,0,171,0,147005,195973,6ede00d0-baf4-573f-a0dd-4a503bf7f766,6ede00d0-baf4-573f-a0dd-4a503bf7f766
172,1788844780,1276632,14,29,0,0,172,0,147869,197124,4fa33dcb-5f76-5f76-aea8-330df7ada03e,4fa33dcb-5f76-5f76-aea8-330df7ada03e
173,1788844809,1276632,14,29,0,0,173,0,148733,198276,6ede00d0-baf4-573f-a0dd-4a503bf7f766,6ede00d0-baf4-573f-a0dd-4a503bf7f766
174,1788844838,1276636,14,29,0,0,174,0,149597,199429,4fa33dcb-5f76-5f76-aea8-330df7ada03e,4fa33dcb-5f76-5f76-aea8-330df7ada03e
175,1788844867,1276636,14,29,0,0,175,0,150465,200586,6ede00d0-baf4-573f-a0dd-4a503bf7f766,6ede00d0-baf4-573f-a0dd-4a503bf7f766
176,1788844896,1276636,14,29,0,0,176,0,151329,201737,4fa33dcb-5f76-5f76-aea8-330df7ada03e,4fa33dcb-5f76-5f76-aea8-330df7ada03e
177,1788844924,1276636,14,29,0,0,177,0,152193,202889,6ede00d0-baf4-573f-a0dd-4a503bf7f766,6ede00d0-baf4-573f-a0dd-4a503bf7f766
178,1788844953,1276636,14,29,0,0,178,0,153057,204041,4fa33dcb-5f76-5f76-aea8-330df7ada03e,4fa33dcb-5f76-5f76-aea8-330df7ada03e
179,1788844982,1276636,14,29,0,0,179,0,153922,205194,6ede00d0-baf4-573f-a0dd-4a503bf7f766,6ede00d0-baf4-573f-a0dd-4a503bf7f766
180,1788845011,1276636,14,29,0,0,180,0,154788,206349,4fa33dcb-5f76-5f76-aea8-330df7ada03e,4fa33dcb-5f76-5f76-aea8-330df7ada03e
181,1788845040,1276636,14,29,0,0,181,0,155652,207501,6ede00d0-baf4-573f-a0dd-4a503bf7f766,6ede00d0-baf4-573f-a0dd-4a503bf7f766
182,1788845068,1276636,14,29,0,0,182,0,156516,208653,4fa33dcb-5f76-5f76-aea8-330df7ada03e,4fa33dcb-5f76-5f76-aea8-330df7ada03e
183,1788845097,1276636,14,29,0,0,183,0,157380,209804,6ede00d0-baf4-573f-a0dd-4a503bf7f766,6ede00d0-baf4-573f-a0dd-4a503bf7f766
184,1788845126,1276636,14,29,0,0,184,0,158244,210956,4fa33dcb-5f76-5f76-aea8-330df7ada03e,4fa33dcb-5f76-5f76-aea8-330df7ada03e
185,1788845155,1276636,14,29,0,0,185,0,159111,212113,6ede00d0-baf4-573f-a0dd-4a503bf7f766,6ede00d0-baf4-573f-a0dd-4a503bf7f766
186,1788845184,1276636,14,29,0,0,186,0,159975,213264,4fa33dcb-5f76-5f76-aea8-330df7ada03e,4fa33dcb-5f76-5f76-aea8-330df7ada03e
187,1788845212,1276636,14,29,0,0,187,0,160839,214417,6ede00d0-baf4-573f-a0dd-4a503bf7f766,6ede00d0-baf4-573f-a0dd-4a503bf7f766
188,1788845241,1276636,14,29,0,0,188,0,161703,215568,4fa33dcb-5f76-5f76-aea8-330df7ada03e,4fa33dcb-5f76-5f76-aea8-330df7ada03e
189,1788845270,1276636,14,29,0,0,189,0,162567,216720,6ede00d0-baf4-573f-a0dd-4a503bf7f766,6ede00d0-baf4-573f-a0dd-4a503bf7f766
190,1788845299,1276636,14,29,0,0,190,0,163434,217876,4fa33dcb-5f76-5f76-aea8-330df7ada03e,4fa33dcb-5f76-5f76-aea8-330df7ada03e
191,1788845328,1276636,14,29,0,0,191,0,164299,219028,6ede00d0-baf4-573f-a0dd-4a503bf7f766,6ede00d0-baf4-573f-a0dd-4a503bf7f766
192,1788845356,1276640,14,29,0,0,192,0,165163,220180,4fa33dcb-5f76-5f76-aea8-330df7ada03e,4fa33dcb-5f76-5f76-aea8-330df7ada03e
193,1788845385,1276640,14,29,0,0,193,0,166026,221332,6ede00d0-baf4-573f-a0dd-4a503bf7f766,6ede00d0-baf4-573f-a0dd-4a503bf7f766
194,1788845414,1276640,14,29,0,0,194,0,166890,222483,4fa33dcb-5f76-5f76-aea8-330df7ada03e,4fa33dcb-5f76-5f76-aea8-330df7ada03e
195,1788845443,1276640,14,29,0,0,195,0,167757,223639,6ede00d0-baf4-573f-a0dd-4a503bf7f766,6ede00d0-baf4-573f-a0dd-4a503bf7f766
196,1788845472,1276640,14,29,0,0,196,0,168621,224790,4fa33dcb-5f76-5f76-aea8-330df7ada03e,4fa33dcb-5f76-5f76-aea8-330df7ada03e
197,1788845500,1276640,14,29,0,0,197,0,169485,225942,6ede00d0-baf4-573f-a0dd-4a503bf7f766,6ede00d0-baf4-573f-a0dd-4a503bf7f766
198,1788845529,1276640,14,29,0,0,198,0,170348,227092,4fa33dcb-5f76-5f76-aea8-330df7ada03e,4fa33dcb-5f76-5f76-aea8-330df7ada03e
199,1788845558,1276640,14,29,0,0,199,0,171212,228244,6ede00d0-baf4-573f-a0dd-4a503bf7f766,6ede00d0-baf4-573f-a0dd-4a503bf7f766
200,1788845587,1276640,14,29,0,0,200,0,172078,229399,4fa33dcb-5f76-5f76-aea8-330df7ada03e,4fa33dcb-5f76-5f76-aea8-330df7ada03e
201,1788845616,1276640,14,29,0,0,201,0,172942,230551,6ede00d0-baf4-573f-a0dd-4a503bf7f766,6ede00d0-baf4-573f-a0dd-4a503bf7f766
202,1788845644,1276640,14,29,0,0,202,0,173806,231702,4fa33dcb-5f76-5f76-aea8-330df7ada03e,4fa33dcb-5f76-5f76-aea8-330df7ada03e
203,1788845673,1276640,14,29,0,0,203,0,174670,232854,6ede00d0-baf4-573f-a0dd-4a503bf7f766,6ede00d0-baf4-573f-a0dd-4a503bf7f766
204,1788845702,1276640,14,29,0,0,204,0,175534,234005,4fa33dcb-5f76-5f76-aea8-330df7ada03e,4fa33dcb-5f76-5f76-aea8-330df7ada03e
205,1788845731,1276640,14,29,0,0,205,0,176401,235161,6ede00d0-baf4-573f-a0dd-4a503bf7f766,6ede00d0-baf4-573f-a0dd-4a503bf7f766
206,1788845760,1276640,14,29,0,0,206,0,177265,236312,4fa33dcb-5f76-5f76-aea8-330df7ada03e,4fa33dcb-5f76-5f76-aea8-330df7ada03e
207,1788845788,1276640,14,29,0,0,207,0,178129,237465,6ede00d0-baf4-573f-a0dd-4a503bf7f766,6ede00d0-baf4-573f-a0dd-4a503bf7f766
208,1788845817,1276644,14,29,0,0,208,0,178993,238616,4fa33dcb-5f76-5f76-aea8-330df7ada03e,4fa33dcb-5f76-5f76-aea8-330df7ada03e
209,1788845846,1276644,14,29,0,0,209,0,179857,239768,6ede00d0-baf4-573f-a0dd-4a503bf7f766,6ede00d0-baf4-573f-a0dd-4a503bf7f766
210,1788845875,1276644,14,29,0,0,210,0,180724,240925,4fa33dcb-5f76-5f76-aea8-330df7ada03e,4fa33dcb-5f76-5f76-aea8-330df7ada03e
211,1788845904,1276644,14,29,0,0,211,0,181588,242076,6ede00d0-baf4-573f-a0dd-4a503bf7f766,6ede00d0-baf4-573f-a0dd-4a503bf7f766
212,1788845933,1276644,14,29,0,0,212,0,182453,243229,4fa33dcb-5f76-5f76-aea8-330df7ada03e,4fa33dcb-5f76-5f76-aea8-330df7ada03e
213,1788845961,1276644,14,29,0,0,213,0,183317,244381,6ede00d0-baf4-573f-a0dd-4a503bf7f766,6ede00d0-baf4-573f-a0dd-4a503bf7f766
214,1788845990,1276644,14,29,0,0,214,0,184181,245533,4fa33dcb-5f76-5f76-aea8-330df7ada03e,4fa33dcb-5f76-5f76-aea8-330df7ada03e
215,1788846019,1276644,14,29,0,0,215,0,185048,246689,6ede00d0-baf4-573f-a0dd-4a503bf7f766,6ede00d0-baf4-573f-a0dd-4a503bf7f766
216,1788846048,1276644,14,29,0,0,216,0,185912,247841,4fa33dcb-5f76-5f76-aea8-330df7ada03e,4fa33dcb-5f76-5f76-aea8-330df7ada03e
217,1788846077,1276644,14,29,0,0,217,0,186776,248993,6ede00d0-baf4-573f-a0dd-4a503bf7f766,6ede00d0-baf4-573f-a0dd-4a503bf7f766
218,1788846105,1276644,14,29,0,0,218,0,187638,250144,4fa33dcb-5f76-5f76-aea8-330df7ada03e,4fa33dcb-5f76-5f76-aea8-330df7ada03e
219,1788846134,1276644,14,29,0,0,219,0,188502,251296,6ede00d0-baf4-573f-a0dd-4a503bf7f766,6ede00d0-baf4-573f-a0dd-4a503bf7f766
220,1788846163,1276644,14,29,0,0,220,0,189368,252451,4fa33dcb-5f76-5f76-aea8-330df7ada03e,4fa33dcb-5f76-5f76-aea8-330df7ada03e
221,1788846192,1276644,14,29,0,0,221,0,190232,253603,6ede00d0-baf4-573f-a0dd-4a503bf7f766,6ede00d0-baf4-573f-a0dd-4a503bf7f766
222,1788846221,1276644,14,29,0,0,222,0,191096,254754,4fa33dcb-5f76-5f76-aea8-330df7ada03e,4fa33dcb-5f76-5f76-aea8-330df7ada03e
223,1788846249,1276644,14,29,0,0,223,0,191960,255906,6ede00d0-baf4-573f-a0dd-4a503bf7f766,6ede00d0-baf4-573f-a0dd-4a503bf7f766
224,1788846278,1276644,14,29,0,0,224,0,192824,257058,4fa33dcb-5f76-5f76-aea8-330df7ada03e,4fa33dcb-5f76-5f76-aea8-330df7ada03e
225,1788846307,1276688,14,29,0,0,225,0,193690,258213,6ede00d0-baf4-573f-a0dd-4a503bf7f766,6ede00d0-baf4-573f-a0dd-4a503bf7f766
226,1788846336,1276688,14,29,0,0,226,0,194554,259364,4fa33dcb-5f76-5f76-aea8-330df7ada03e,4fa33dcb-5f76-5f76-aea8-330df7ada03e
227,1788846365,1276688,14,29,0,0,227,0,195418,260516,6ede00d0-baf4-573f-a0dd-4a503bf7f766,6ede00d0-baf4-573f-a0dd-4a503bf7f766
228,1788846393,1276688,14,29,0,0,228,0,196282,261667,4fa33dcb-5f76-5f76-aea8-330df7ada03e,4fa33dcb-5f76-5f76-aea8-330df7ada03e
229,1788846422,1276692,14,29,0,0,229,0,197146,262819,6ede00d0-baf4-573f-a0dd-4a503bf7f766,6ede00d0-baf4-573f-a0dd-4a503bf7f766
230,1788846451,1276692,14,29,0,0,230,0,198013,263975,4fa33dcb-5f76-5f76-aea8-330df7ada03e,4fa33dcb-5f76-5f76-aea8-330df7ada03e
231,1788846480,1276692,14,29,0,0,231,0,198876,265126,6ede00d0-baf4-573f-a0dd-4a503bf7f766,6ede00d0-baf4-573f-a0dd-4a503bf7f766
232,1788846509,1276692,14,29,0,0,232,0,199742,266280,4fa33dcb-5f76-5f76-aea8-330df7ada03e,4fa33dcb-5f76-5f76-aea8-330df7ada03e
233,1788846537,1276692,14,29,0,0,233,0,200606,267432,6ede00d0-baf4-573f-a0dd-4a503bf7f766,6ede00d0-baf4-573f-a0dd-4a503bf7f766
234,1788846566,1276692,14,29,0,0,234,0,201469,268584,4fa33dcb-5f76-5f76-aea8-330df7ada03e,4fa33dcb-5f76-5f76-aea8-330df7ada03e
235,1788846595,1276692,14,29,0,0,235,0,202336,269739,6ede00d0-baf4-573f-a0dd-4a503bf7f766,6ede00d0-baf4-573f-a0dd-4a503bf7f766
236,1788846624,1276692,14,29,0,0,236,0,203200,270891,4fa33dcb-5f76-5f76-aea8-330df7ada03e,4fa33dcb-5f76-5f76-aea8-330df7ada03e
237,1788846653,1276692,14,29,0,0,237,0,204064,272043,6ede00d0-baf4-573f-a0dd-4a503bf7f766,6ede00d0-baf4-573f-a0dd-4a503bf7f766
238,1788846681,1276692,14,29,0,0,238,0,204928,273195,4fa33dcb-5f76-5f76-aea8-330df7ada03e,4fa33dcb-5f76-5f76-aea8-330df7ada03e
239,1788846710,1276692,14,29,0,0,239,0,205792,274347,6ede00d0-baf4-573f-a0dd-4a503bf7f766,6ede00d0-baf4-573f-a0dd-4a503bf7f766
240,1788846739,1276692,14,29,0,0,240,0,206659,275502,4fa33dcb-5f76-5f76-aea8-330df7ada03e,4fa33dcb-5f76-5f76-aea8-330df7ada03e
241,1788846768,1276692,14,29,0,0,241,0,207523,276654,6ede00d0-baf4-573f-a0dd-4a503bf7f766,6ede00d0-baf4-573f-a0dd-4a503bf7f766
242,1788846797,1276692,14,29,0,0,242,0,208387,277806,4fa33dcb-5f76-5f76-aea8-330df7ada03e,4fa33dcb-5f76-5f76-aea8-330df7ada03e
243,1788846825,1276692,14,29,0,0,243,0,209251,278958,6ede00d0-baf4-573f-a0dd-4a503bf7f766,6ede00d0-baf4-573f-a0dd-4a503bf7f766
244,1788846854,1276696,14,29,0,0,244,0,210115,280109,4fa33dcb-5f76-5f76-aea8-330df7ada03e,4fa33dcb-5f76-5f76-aea8-330df7ada03e
245,1788846883,1276696,14,29,0,0,245,0,210981,281264,6ede00d0-baf4-573f-a0dd-4a503bf7f766,6ede00d0-baf4-573f-a0dd-4a503bf7f766
246,1788846912,1276696,14,29,0,0,246,0,211845,282416,4fa33dcb-5f76-5f76-aea8-330df7ada03e,4fa33dcb-5f76-5f76-aea8-330df7ada03e
247,1788846941,1276736,14,29,0,0,247,0,212710,283568,6ede00d0-baf4-573f-a0dd-4a503bf7f766,6ede00d0-baf4-573f-a0dd-4a503bf7f766
248,1788846969,1276736,14,29,0,0,248,0,213574,284720,4fa33dcb-5f76-5f76-aea8-330df7ada03e,4fa33dcb-5f76-5f76-aea8-330df7ada03e
249,1788846998,1282324,14,29,0,0,249,0,214438,285873,6ede00d0-baf4-573f-a0dd-4a503bf7f766,6ede00d0-baf4-573f-a0dd-4a503bf7f766
250,1788847027,1282360,14,29,0,0,250,0,215305,287028,4fa33dcb-5f76-5f76-aea8-330df7ada03e,4fa33dcb-5f76-5f76-aea8-330df7ada03e
251,1788847056,1287948,14,29,0,0,251,0,216169,288180,6ede00d0-baf4-573f-a0dd-4a503bf7f766,6ede00d0-baf4-573f-a0dd-4a503bf7f766
252,1788847085,1287948,14,29,0,0,252,0,217033,289331,4fa33dcb-5f76-5f76-aea8-330df7ada03e,4fa33dcb-5f76-5f76-aea8-330df7ada03e
253,1788847113,1287948,14,29,0,0,253,0,217896,290483,6ede00d0-baf4-573f-a0dd-4a503bf7f766,6ede00d0-baf4-573f-a0dd-4a503bf7f766
254,1788847142,1287952,14,29,0,0,254,0,218760,291634,4fa33dcb-5f76-5f76-aea8-330df7ada03e,4fa33dcb-5f76-5f76-aea8-330df7ada03e
255,1788847171,1287952,14,29,0,0,255,0,219630,292795,6ede00d0-baf4-573f-a0dd-4a503bf7f766,6ede00d0-baf4-573f-a0dd-4a503bf7f766
256,1788847200,1287952,14,29,0,0,256,0,220495,293947,4fa33dcb-5f76-5f76-aea8-330df7ada03e,4fa33dcb-5f76-5f76-aea8-330df7ada03e
257,1788847229,1287952,14,29,0,0,257,0,221359,295099,6ede00d0-baf4-573f-a0dd-4a503bf7f766,6ede00d0-baf4-573f-a0dd-4a503bf7f766
258,1788847257,1287952,14,29,0,0,258,0,222224,296252,4fa33dcb-5f76-5f76-aea8-330df7ada03e,4fa33dcb-5f76-5f76-aea8-330df7ada03e
259,1788847286,1287952,14,29,0,0,259,0,223087,297403,6ede00d0-baf4-573f-a0dd-4a503bf7f766,6ede00d0-baf4-573f-a0dd-4a503bf7f766
260,1788847315,1287952,14,29,0,0,260,0,223954,298558,4fa33dcb-5f76-5f76-aea8-330df7ada03e,4fa33dcb-5f76-5f76-aea8-330df7ada03e
261,1788847344,1287952,14,29,0,0,261,0,224818,299711,6ede00d0-baf4-573f-a0dd-4a503bf7f766,6ede00d0-baf4-573f-a0dd-4a503bf7f766
262,1788847373,1287952,14,29,0,0,262,0,225682,300862,4fa33dcb-5f76-5f76-aea8-330df7ada03e,4fa33dcb-5f76-5f76-aea8-330df7ada03e
263,1788847402,1287952,14,29,0,0,263,0,226547,302016,6ede00d0-baf4-573f-a0dd-4a503bf7f766,6ede00d0-baf4-573f-a0dd-4a503bf7f766
264,1788847430,1287952,14,29,0,0,264,0,227411,303167,4fa33dcb-5f76-5f76-aea8-330df7ada03e,4fa33dcb-5f76-5f76-aea8-330df7ada03e
265,1788847459,1287952,14,29,0,0,265,0,228277,304322,6ede00d0-baf4-573f-a0dd-4a503bf7f766,6ede00d0-baf4-573f-a0dd-4a503bf7f766
266,1788847488,1287952,14,29,0,0,266,0,229141,305473,4fa33dcb-5f76-5f76-aea8-330df7ada03e,4fa33dcb-5f76-5f76-aea8-330df7ada03e
267,1788847517,1287952,14,29,0,0,267,0,230004,306625,6ede00d0-baf4-573f-a0dd-4a503bf7f766,6ede00d0-baf4-573f-a0dd-4a503bf7f766
268,1788847545,1287952,14,29,0,0,268,0,230868,307776,4fa33dcb-5f76-5f76-aea8-330df7ada03e,4fa33dcb-5f76-5f76-aea8-330df7ada03e
269,1788847574,1287956,14,29,0,0,269,0,231732,308929,6ede00d0-baf4-573f-a0dd-4a503bf7f766,6ede00d0-baf4-573f-a0dd-4a503bf7f766
270,1788847603,1287956,14,29,0,0,270,0,232599,310084,4fa33dcb-5f76-5f76-aea8-330df7ada03e,4fa33dcb-5f76-5f76-aea8-330df7ada03e
271,1788847632,1287956,14,29,0,0,271,0,233464,311237,6ede00d0-baf4-573f-a0dd-4a503bf7f766,6ede00d0-baf4-573f-a0dd-4a503bf7f766
272,1788847661,1287956,14,29,0,0,272,0,234328,312389,4fa33dcb-5f76-5f76-aea8-330df7ada03e,4fa33dcb-5f76-5f76-aea8-330df7ada03e
273,1788847690,1287956,14,29,0,0,273,0,235192,313541,6ede00d0-baf4-573f-a0dd-4a503bf7f766,6ede00d0-baf4-573f-a0dd-4a503bf7f766
274,1788847718,1287956,14,29,0,0,274,0,236057,314693,4fa33dcb-5f76-5f76-aea8-330df7ada03e,4fa33dcb-5f76-5f76-aea8-330df7ada03e
275,1788847747,1287956,14,29,0,0,275,0,236923,315848,6ede00d0-baf4-573f-a0dd-4a503bf7f766,6ede00d0-baf4-573f-a0dd-4a503bf7f766
276,1788847776,1287956,14,29,0,0,276,0,237787,317000,4fa33dcb-5f76-5f76-aea8-330df7ada03e,4fa33dcb-5f76-5f76-aea8-330df7ada03e
277,1788847805,1287956,14,29,0,0,277,0,238651,318152,6ede00d0-baf4-573f-a0dd-4a503bf7f766,6ede00d0-baf4-573f-a0dd-4a503bf7f766
278,1788847834,1287956,14,29,0,0,278,0,239515,319304,4fa33dcb-5f76-5f76-aea8-330df7ada03e,4fa33dcb-5f76-5f76-aea8-330df7ada03e
279,1788847862,1287956,14,29,0,0,279,0,240379,320455,6ede00d0-baf4-573f-a0dd-4a503bf7f766,6ede00d0-baf4-573f-a0dd-4a503bf7f766
280,1788847891,1287960,14,29,0,0,280,0,241246,321611,4fa33dcb-5f76-5f76-aea8-330df7ada03e,4fa33dcb-5f76-5f76-aea8-330df7ada03e
281,1788847920,1287960,14,29,0,0,281,0,242110,322763,6ede00d0-baf4-573f-a0dd-4a503bf7f766,6ede00d0-baf4-573f-a0dd-4a503bf7f766
282,1788847949,1287960,14,29,0,0,282,0,242974,323915,4fa33dcb-5f76-5f76-aea8-330df7ada03e,4fa33dcb-5f76-5f76-aea8-330df7ada03e
283,1788847978,1287960,14,29,0,0,283,0,243838,325067,6ede00d0-baf4-573f-a0dd-4a503bf7f766,6ede00d0-baf4-573f-a0dd-4a503bf7f766
284,1788848006,1287960,14,29,0,0,284,0,244702,326218,4fa33dcb-5f76-5f76-aea8-330df7ada03e,4fa33dcb-5f76-5f76-aea8-330df7ada03e
285,1788848035,1287960,14,29,0,0,285,0,245569,327374,6ede00d0-baf4-573f-a0dd-4a503bf7f766,6ede00d0-baf4-573f-a0dd-4a503bf7f766
286,1788848064,1287960,14,29,0,0,286,0,246433,328526,4fa33dcb-5f76-5f76-aea8-330df7ada03e,4fa33dcb-5f76-5f76-aea8-330df7ada03e
287,1788848093,1287960,14,29,0,0,287,0,247297,329679,6ede00d0-baf4-573f-a0dd-4a503bf7f766,6ede00d0-baf4-573f-a0dd-4a503bf7f766
288,1788848122,1287960,14,29,0,0,288,0,248161,330830,4fa33dcb-5f76-5f76-aea8-330df7ada03e,4fa33dcb-5f76-5f76-aea8-330df7ada03e
289,1788848150,1287960,14,29,0,0,289,0,249026,331983,6ede00d0-baf4-573f-a0dd-4a503bf7f766,6ede00d0-baf4-573f-a0dd-4a503bf7f766
290,1788848179,1287964,14,29,0,0,290,0,249892,333138,4fa33dcb-5f76-5f76-aea8-330df7ada03e,4fa33dcb-5f76-5f76-aea8-330df7ada03e
291,1788848208,1287964,14,29,0,0,291,0,250756,334290,6ede00d0-baf4-573f-a0dd-4a503bf7f766,6ede00d0-baf4-573f-a0dd-4a503bf7f766
292,1788848237,1287964,14,29,0,0,292,0,251620,335441,4fa33dcb-5f76-5f76-aea8-330df7ada03e,4fa33dcb-5f76-5f76-aea8-330df7ada03e
293,1788848266,1287964,14,29,0,0,293,0,252484,336593,6ede00d0-baf4-573f-a0dd-4a503bf7f766,6ede00d0-baf4-573f-a0dd-4a503bf7f766
294,1788848294,1287964,14,29,0,0,294,0,253349,337746,4fa33dcb-5f76-5f76-aea8-330df7ada03e,4fa33dcb-5f76-5f76-aea8-330df7ada03e
295,1788848323,1287964,14,29,0,0,295,0,254216,338902,6ede00d0-baf4-573f-a0dd-4a503bf7f766,6ede00d0-baf4-573f-a0dd-4a503bf7f766
296,1788848352,1287964,14,29,0,0,296,0,255080,340054,4fa33dcb-5f76-5f76-aea8-330df7ada03e,4fa33dcb-5f76-5f76-aea8-330df7ada03e
297,1788848381,1287964,14,29,0,0,297,0,255944,341206,6ede00d0-baf4-573f-a0dd-4a503bf7f766,6ede00d0-baf4-573f-a0dd-4a503bf7f766
298,1788848410,1287964,14,29,0,0,298,0,256808,342358,4fa33dcb-5f76-5f76-aea8-330df7ada03e,4fa33dcb-5f76-5f76-aea8-330df7ada03e
299,1788848439,1287964,14,29,0,0,299,0,257674,343512,6ede00d0-baf4-573f-a0dd-4a503bf7f766,6ede00d0-baf4-573f-a0dd-4a503bf7f766
300,1788848467,1287964,14,29,0,0,300,0,258541,344668,4fa33dcb-5f76-5f76-aea8-330df7ada03e,4fa33dcb-5f76-5f76-aea8-330df7ada03e
301,1788848496,1287964,14,29,0,0,301,0,259405,345819,6ede00d0-baf4-573f-a0dd-4a503bf7f766,6ede00d0-baf4-573f-a0dd-4a503bf7f766
302,1788848525,1287964,14,29,0,0,302,0,260269,346971,4fa33dcb-5f76-5f76-aea8-330df7ada03e,4fa33dcb-5f76-5f76-aea8-330df7ada03e
303,1788848554,1287964,14,29,0,0,303,0,261132,348122,6ede00d0-baf4-573f-a0dd-4a503bf7f766,6ede00d0-baf4-573f-a0dd-4a503bf7f766
304,1788848582,1287964,14,29,0,0,304,0,261996,349274,4fa33dcb-5f76-5f76-aea8-330df7ada03e,4fa33dcb-5f76-5f76-aea8-330df7ada03e
305,1788848611,1287964,14,29,0,0,305,0,262863,350430,6ede00d0-baf4-573f-a0dd-4a503bf7f766,6ede00d0-baf4-573f-a0dd-4a503bf7f766
306,1788848640,1287964,14,29,0,0,306,0,263726,351581,4fa33dcb-5f76-5f76-aea8-330df7ada03e,4fa33dcb-5f76-5f76-aea8-330df7ada03e
307,1788848669,1287964,14,29,0,0,307,0,264591,352734,6ede00d0-baf4-573f-a0dd-4a503bf7f766,6ede00d0-baf4-573f-a0dd-4a503bf7f766
308,1788848698,1287964,14,29,0,0,308,0,265455,353885,4fa33dcb-5f76-5f76-aea8-330df7ada03e,4fa33dcb-5f76-5f76-aea8-330df7ada03e
309,1788848726,1287968,14,29,0,0,309,0,266319,355037,6ede00d0-baf4-573f-a0dd-4a503bf7f766,6ede00d0-baf4-573f-a0dd-4a503bf7f766
310,1788848755,1287968,14,29,0,0,310,0,267185,356192,4fa33dcb-5f76-5f76-aea8-330df7ada03e,4fa33dcb-5f76-5f76-aea8-330df7ada03e
311,1788848784,1287968,14,29,0,0,311,0,268049,357344,6ede00d0-baf4-573f-a0dd-4a503bf7f766,6ede00d0-baf4-573f-a0dd-4a503bf7f766
312,1788848813,1287968,14,29,0,0,312,0,268913,358495,4fa33dcb-5f76-5f76-aea8-330df7ada03e,4fa33dcb-5f76-5f76-aea8-330df7ada03e
313,1788848842,1287968,14,29,0,0,313,0,269777,359647,6ede00d0-baf4-573f-a0dd-4a503bf7f766,6ede00d0-baf4-573f-a0dd-4a503bf7f766
314,1788848870,1287968,14,29,0,0,314,0,270641,360799,4fa33dcb-5f76-5f76-aea8-330df7ada03e,4fa33dcb-5f76-5f76-aea8-330df7ada03e
315,1788848899,1287968,14,29,0,0,315,0,271509,361956,6ede00d0-baf4-573f-a0dd-4a503bf7f766,6ede00d0-baf4-573f-a0dd-4a503bf7f766
316,1788848928,1287968,14,29,0,0,316,0,272372,363107,4fa33dcb-5f76-5f76-aea8-330df7ada03e,4fa33dcb-5f76-5f76-aea8-330df7ada03e
317,1788848957,1287968,14,29,0,0,317,0,273237,364260,6ede00d0-baf4-573f-a0dd-4a503bf7f766,6ede00d0-baf4-573f-a0dd-4a503bf7f766
318,1788848986,1287968,14,29,0,0,318,0,274101,365411,4fa33dcb-5f76-5f76-aea8-330df7ada03e,4fa33dcb-5f76-5f76-aea8-330df7ada03e
319,1788849015,1287968,14,29,0,0,319,0,274965,366564,6ede00d0-baf4-573f-a0dd-4a503bf7f766,6ede00d0-baf4-573f-a0dd-4a503bf7f766
320,1788849044,1287968,14,29,0,0,320,0,275835,367724,4fa33dcb-5f76-5f76-aea8-330df7ada03e,4fa33dcb-5f76-5f76-aea8-330df7ada03e
321,1788849072,1287968,14,29,0,0,321,0,276700,368876,6ede00d0-baf4-573f-a0dd-4a503bf7f766,6ede00d0-baf4-573f-a0dd-4a503bf7f766
322,1788849101,1287968,14,29,0,0,322,0,277564,370028,4fa33dcb-5f76-5f76-aea8-330df7ada03e,4fa33dcb-5f76-5f76-aea8-330df7ada03e
323,1788849130,1287968,14,29,0,0,323,0,278428,371180,6ede00d0-baf4-573f-a0dd-4a503bf7f766,6ede00d0-baf4-573f-a0dd-4a503bf7f766
324,1788849159,1287968,14,29,0,0,324,0,279292,372332,4fa33dcb-5f76-5f76-aea8-330df7ada03e,4fa33dcb-5f76-5f76-aea8-330df7ada03e
325,1788849188,1287968,14,29,0,0,325,0,280158,373487,6ede00d0-baf4-573f-a0dd-4a503bf7f766,6ede00d0-baf4-573f-a0dd-4a503bf7f766
326,1788849216,1287968,14,29,0,0,326,0,281022,374638,4fa33dcb-5f76-5f76-aea8-330df7ada03e,4fa33dcb-5f76-5f76-aea8-330df7ada03e
327,1788849245,1287968,14,29,0,0,327,0,281886,375790,6ede00d0-baf4-573f-a0dd-4a503bf7f766,6ede00d0-baf4-573f-a0dd-4a503bf7f766
328,1788849274,1287968,14,29,0,0,328,0,282750,376942,4fa33dcb-5f76-5f76-aea8-330df7ada03e,4fa33dcb-5f76-5f76-aea8-330df7ada03e
329,1788849303,1287968,14,29,0,0,329,0,283613,378093,6ede00d0-baf4-573f-a0dd-4a503bf7f766,6ede00d0-baf4-573f-a0dd-4a503bf7f766
330,1788849332,1287968,14,29,0,0,330,0,284480,379249,4fa33dcb-5f76-5f76-aea8-330df7ada03e,4fa33dcb-5f76-5f76-aea8-330df7ada03e
331,1788849360,1287968,14,29,0,0,331,0,285345,380403,6ede00d0-baf4-573f-a0dd-4a503bf7f766,6ede00d0-baf4-573f-a0dd-4a503bf7f766
332,1788849389,1287972,14,29,0,0,332,0,286209,381554,4fa33dcb-5f76-5f76-aea8-330df7ada03e,4fa33dcb-5f76-5f76-aea8-330df7ada03e
333,1788849418,1287972,14,29,0,0,333,0,287073,382707,6ede00d0-baf4-573f-a0dd-4a503bf7f766,6ede00d0-baf4-573f-a0dd-4a503bf7f766
334,1788849447,1287972,14,29,0,0,334,0,287937,383859,4fa33dcb-5f76-5f76-aea8-330df7ada03e,4fa33dcb-5f76-5f76-aea8-330df7ada03e
335,1788849476,1287972,14,29,0,0,335,0,288804,385014,6ede00d0-baf4-573f-a0dd-4a503bf7f766,6ede00d0-baf4-573f-a0dd-4a503bf7f766
336,1788849504,1287972,14,29,0,0,336,0,289668,386166,4fa33dcb-5f76-5f76-aea8-330df7ada03e,4fa33dcb-5f76-5f76-aea8-330df7ada03e
337,1788849533,1287972,14,29,0,0,337,0,290532,387318,6ede00d0-baf4-573f-a0dd-4a503bf7f766,6ede00d0-baf4-573f-a0dd-4a503bf7f766
338,1788849562,1287972,14,29,0,0,338,0,291395,388470,4fa33dcb-5f76-5f76-aea8-330df7ada03e,4fa33dcb-5f76-5f76-aea8-330df7ada03e
339,1788849591,1287972,14,29,0,0,339,0,292259,389622,6ede00d0-baf4-573f-a0dd-4a503bf7f766,6ede00d0-baf4-573f-a0dd-4a503bf7f766
340,1788849620,1287972,14,29,0,0,340,0,293126,390777,4fa33dcb-5f76-5f76-aea8-330df7ada03e,4fa33dcb-5f76-5f76-aea8-330df7ada03e
341,1788849648,1287972,14,29,0,0,341,0,293990,391929,6ede00d0-baf4-573f-a0dd-4a503bf7f766,6ede00d0-baf4-573f-a0dd-4a503bf7f766
342,1788849677,1287972,14,29,0,0,342,0,294853,393080,4fa33dcb-5f76-5f76-aea8-330df7ada03e,4fa33dcb-5f76-5f76-aea8-330df7ada03e
343,1788849706,1287972,14,29,0,0,343,0,295717,394232,6ede00d0-baf4-573f-a0dd-4a503bf7f766,6ede00d0-baf4-573f-a0dd-4a503bf7f766
344,1788849735,1287972,14,29,0,0,344,0,296581,395383,4fa33dcb-5f76-5f76-aea8-330df7ada03e,4fa33dcb-5f76-5f76-aea8-330df7ada03e
345,1788849764,1287972,14,29,0,0,345,0,297448,396539,6ede00d0-baf4-573f-a0dd-4a503bf7f766,6ede00d0-baf4-573f-a0dd-4a503bf7f766
346,1788849792,1287972,14,29,0,0,346,0,298312,397691,4fa33dcb-5f76-5f76-aea8-330df7ada03e,4fa33dcb-5f76-5f76-aea8-330df7ada03e
347,1788849821,1287972,14,29,0,0,347,0,299176,398842,6ede00d0-baf4-573f-a0dd-4a503bf7f766,6ede00d0-baf4-573f-a0dd-4a503bf7f766
348,1788849850,1287972,14,29,0,0,348,0,300041,399996,4fa33dcb-5f76-5f76-aea8-330df7ada03e,4fa33dcb-5f76-5f76-aea8-330df7ada03e
349,1788849879,1287988,14,29,0,0,349,0,300905,401147,6ede00d0-baf4-573f-a0dd-4a503bf7f766,6ede00d0-baf4-573f-a0dd-4a503bf7f766
350,1788849908,1287988,14,29,0,0,350,0,301771,402302,4fa33dcb-5f76-5f76-aea8-330df7ada03e,4fa33dcb-5f76-5f76-aea8-330df7ada03e
351,1788849936,1287988,14,29,0,0,351,0,302635,403454,6ede00d0-baf4-573f-a0dd-4a503bf7f766,6ede00d0-baf4-573f-a0dd-4a503bf7f766
352,1788849965,1287988,14,29,0,0,352,0,303499,404606,4fa33dcb-5f76-5f76-aea8-330df7ada03e,4fa33dcb-5f76-5f76-aea8-330df7ada03e
353,1788849994,1287992,14,29,0,0,353,0,304362,405757,6ede00d0-baf4-573f-a0dd-4a503bf7f766,6ede00d0-baf4-573f-a0dd-4a503bf7f766
354,1788850023,1287992,14,29,0,0,354,0,305226,406908,4fa33dcb-5f76-5f76-aea8-330df7ada03e,4fa33dcb-5f76-5f76-aea8-330df7ada03e
355,1788850052,1287992,14,29,0,0,355,0,306092,408063,6ede00d0-baf4-573f-a0dd-4a503bf7f766,6ede00d0-baf4-573f-a0dd-4a503bf7f766
356,1788850080,1287992,14,29,0,0,356,0,306957,409215,4fa33dcb-5f76-5f76-aea8-330df7ada03e,4fa33dcb-5f76-5f76-aea8-330df7ada03e
357,1788850109,1287992,14,29,0,0,357,0,307820,410367,6ede00d0-baf4-573f-a0dd-4a503bf7f766,6ede00d0-baf4-573f-a0dd-4a503bf7f766
358,1788850138,1287992,14,29,0,0,358,0,308685,411519,4fa33dcb-5f76-5f76-aea8-330df7ada03e,4fa33dcb-5f76-5f76-aea8-330df7ada03e
359,1788850167,1287992,14,29,0,0,359,0,309548,412671,6ede00d0-baf4-573f-a0dd-4a503bf7f766,6ede00d0-baf4-573f-a0dd-4a503bf7f766
360,1788850196,1287992,14,29,0,0,360,0,310415,413826,4fa33dcb-5f76-5f76-aea8-330df7ada03e,4fa33dcb-5f76-5f76-aea8-330df7ada03e
361,1788850224,1287992,14,29,0,0,361,0,311280,414979,6ede00d0-baf4-573f-a0dd-4a503bf7f766,6ede00d0-baf4-573f-a0dd-4a503bf7f766
362,1788850253,1287992,14,29,0,0,362,0,312145,416132,4fa33dcb-5f76-5f76-aea8-330df7ada03e,4fa33dcb-5f76-5f76-aea8-330df7ada03e
363,1788850282,1287992,14,29,0,0,363,0,313009,417284,6ede00d0-baf4-573f-a0dd-4a503bf7f766,6ede00d0-baf4-573f-a0dd-4a503bf7f766
364,1788850311,1287992,14,29,0,0,364,0,313873,418436,4fa33dcb-5f76-5f76-aea8-330df7ada03e,4fa33dcb-5f76-5f76-aea8-330df7ada03e
365,1788850340,1287992,14,29,0,0,365,0,314740,419591,6ede00d0-baf4-573f-a0dd-4a503bf7f766,6ede00d0-baf4-573f-a0dd-4a503bf7f766
366,1788850368,1287992,14,29,0,0,366,0,315605,420744,4fa33dcb-5f76-5f76-aea8-330df7ada03e,4fa33dcb-5f76-5f76-aea8-330df7ada03e
367,1788850397,1287992,14,29,0,0,367,0,316469,421897,6ede00d0-baf4-573f-a0dd-4a503bf7f766,6ede00d0-baf4-573f-a0dd-4a503bf7f766
368,1788850426,1287992,14,29,0,0,368,0,317333,423049,4fa33dcb-5f76-5f76-aea8-330df7ada03e,4fa33dcb-5f76-5f76-aea8-330df7ada03e
369,1788850455,1287996,14,29,0,0,369,0,318197,424201,6ede00d0-baf4-573f-a0dd-4a503bf7f766,6ede00d0-baf4-573f-a0dd-4a503bf7f766
370,1788850484,1287996,14,29,0,0,370,0,319064,425356,4fa33dcb-5f76-5f76-aea8-330df7ada03e,4fa33dcb-5f76-5f76-aea8-330df7ada03e
371,1788850512,1287996,14,29,0,0,371,0,319927,426507,6ede00d0-baf4-573f-a0dd-4a503bf7f766,6ede00d0-baf4-573f-a0dd-4a503bf7f766
372,1788850541,1287996,14,29,0,0,372,0,320791,427659,4fa33dcb-5f76-5f76-aea8-330df7ada03e,4fa33dcb-5f76-5f76-aea8-330df7ada03e
373,1788850570,1287996,14,29,0,0,373,0,321655,428811,6ede00d0-baf4-573f-a0dd-4a503bf7f766,6ede00d0-baf4-573f-a0dd-4a503bf7f766
374,1788850599,1287996,14,29,0,0,374,0,322520,429963,4fa33dcb-5f76-5f76-aea8-330df7ada03e,4fa33dcb-5f76-5f76-aea8-330df7ada03e
375,1788850628,1287996,14,29,0,0,375,0,323386,431119,6ede00d0-baf4-573f-a0dd-4a503bf7f766,6ede00d0-baf4-573f-a0dd-4a503bf7f766
376,1788850656,1287996,14,29,0,0,376,0,324250,432270,4fa33dcb-5f76-5f76-aea8-330df7ada03e,4fa33dcb-5f76-5f76-aea8-330df7ada03e
377,1788850685,1287996,14,29,0,0,377,0,325114,433421,6ede00d0-baf4-573f-a0dd-4a503bf7f766,6ede00d0-baf4-573f-a0dd-4a503bf7f766
378,1788850714,1287996,14,29,0,0,378,0,325978,434573,4fa33dcb-5f76-5f76-aea8-330df7ada03e,4fa33dcb-5f76-5f76-aea8-330df7ada03e
379,1788850743,1287996,14,29,0,0,379,0,326842,435725,6ede00d0-baf4-573f-a0dd-4a503bf7f766,6ede00d0-baf4-573f-a0dd-4a503bf7f766
380,1788850772,1287996,14,29,0,0,380,0,327709,436880,4fa33dcb-5f76-5f76-aea8-330df7ada03e,4fa33dcb-5f76-5f76-aea8-330df7ada03e
381,1788850800,1287996,14,29,0,0,381,0,328572,438031,6ede00d0-baf4-573f-a0dd-4a503bf7f766,6ede00d0-baf4-573f-a0dd-4a503bf7f766
382,1788850829,1287996,14,29,0,0,382,0,329436,439183,4fa33dcb-5f76-5f76-aea8-330df7ada03e,4fa33dcb-5f76-5f76-aea8-330df7ada03e
383,1788850858,1287996,14,29,0,0,383,0,330300,440335,6ede00d0-baf4-573f-a0dd-4a503bf7f766,6ede00d0-baf4-573f-a0dd-4a503bf7f766
384,1788850887,1287996,14,29,0,0,384,0,331165,441487,4fa33dcb-5f76-5f76-aea8-330df7ada03e,4fa33dcb-5f76-5f76-aea8-330df7ada03e
385,1788850916,1287996,14,29,0,0,385,0,332031,442642,6ede00d0-baf4-573f-a0dd-4a503bf7f766,6ede00d0-baf4-573f-a0dd-4a503bf7f766
386,1788850944,1288000,14,29,0,0,386,0,332894,443793,4fa33dcb-5f76-5f76-aea8-330df7ada03e,4fa33dcb-5f76-5f76-aea8-330df7ada03e
387,1788850973,1288000,14,29,0,0,387,0,333757,444945,6ede00d0-baf4-573f-a0dd-4a503bf7f766,6ede00d0-baf4-573f-a0dd-4a503bf7f766
388,1788851002,1288000,14,29,0,0,388,0,334621,446097,4fa33dcb-5f76-5f76-aea8-330df7ada03e,4fa33dcb-5f76-5f76-aea8-330df7ada03e
389,1788851031,1288000,14,29,0,0,389,0,335485,447248,6ede00d0-baf4-573f-a0dd-4a503bf7f766,6ede00d0-baf4-573f-a0dd-4a503bf7f766
390,1788851060,1288000,14,29,0,0,390,0,336351,448403,4fa33dcb-5f76-5f76-aea8-330df7ada03e,4fa33dcb-5f76-5f76-aea8-330df7ada03e
391,1788851088,1288000,14,29,0,0,391,0,337215,449555,6ede00d0-baf4-573f-a0dd-4a503bf7f766,6ede00d0-baf4-573f-a0dd-4a503bf7f766
392,1788851117,1288000,14,29,0,0,392,0,338079,450707,4fa33dcb-5f76-5f76-aea8-330df7ada03e,4fa33dcb-5f76-5f76-aea8-330df7ada03e
393,1788851146,1288000,14,29,0,0,393,0,338943,451859,6ede00d0-baf4-573f-a0dd-4a503bf7f766,6ede00d0-baf4-573f-a0dd-4a503bf7f766
394,1788851175,1288000,14,29,0,0,394,0,339807,453010,4fa33dcb-5f76-5f76-aea8-330df7ada03e,4fa33dcb-5f76-5f76-aea8-330df7ada03e
395,1788851204,1288000,14,29,0,0,395,0,340673,454165,6ede00d0-baf4-573f-a0dd-4a503bf7f766,6ede00d0-baf4-573f-a0dd-4a503bf7f766
396,1788851232,1288000,14,29,0,0,396,0,341539,455319,4fa33dcb-5f76-5f76-aea8-330df7ada03e,4fa33dcb-5f76-5f76-aea8-330df7ada03e
397,1788851261,1288000,14,29,0,0,397,0,342403,456471,6ede00d0-baf4-573f-a0dd-4a503bf7f766,6ede00d0-baf4-573f-a0dd-4a503bf7f766
398,1788851290,1288000,14,29,0,0,398,0,343267,457622,4fa33dcb-5f76-5f76-aea8-330df7ada03e,4fa33dcb-5f76-5f76-aea8-330df7ada03e
399,1788851319,1288000,14,29,0,0,399,0,344131,458774,6ede00d0-baf4-573f-a0dd-4a503bf7f766,6ede00d0-baf4-573f-a0dd-4a503bf7f766
400,1788851348,1288000,14,29,0,0,400,0,344997,459929,4fa33dcb-5f76-5f76-aea8-330df7ada03e,4fa33dcb-5f76-5f76-aea8-330df7ada03e
401,1788851376,1288000,14,29,0,0,401,0,345861,461082,6ede00d0-baf4-573f-a0dd-4a503bf7f766,6ede00d0-baf4-573f-a0dd-4a503bf7f766
402,1788851405,1288000,14,29,0,0,402,0,346726,462234,4fa33dcb-5f76-5f76-aea8-330df7ada03e,4fa33dcb-5f76-5f76-aea8-330df7ada03e
403,1788851434,1288004,14,29,0,0,403,0,347591,463387,6ede00d0-baf4-573f-a0dd-4a503bf7f766,6ede00d0-baf4-573f-a0dd-4a503bf7f766
404,1788851463,1288004,14,29,0,0,404,0,348455,464539,4fa33dcb-5f76-5f76-aea8-330df7ada03e,4fa33dcb-5f76-5f76-aea8-330df7ada03e
405,1788851492,1288004,14,29,0,0,405,0,349322,465695,6ede00d0-baf4-573f-a0dd-4a503bf7f766,6ede00d0-baf4-573f-a0dd-4a503bf7f766
406,1788851521,1288004,14,29,0,0,406,0,350186,466846,4fa33dcb-5f76-5f76-aea8-330df7ada03e,4fa33dcb-5f76-5f76-aea8-330df7ada03e
407,1788851549,1288004,14,29,0,0,407,0,351050,467999,6ede00d0-baf4-573f-a0dd-4a503bf7f766,6ede00d0-baf4-573f-a0dd-4a503bf7f766
408,1788851578,1288004,14,29,0,0,408,0,351914,469150,4fa33dcb-5f76-5f76-aea8-330df7ada03e,4fa33dcb-5f76-5f76-aea8-330df7ada03e
409,1788851607,1288004,14,29,0,0,409,0,352778,470302,6ede00d0-baf4-573f-a0dd-4a503bf7f766,6ede00d0-baf4-573f-a0dd-4a503bf7f766
410,1788851636,1288004,14,29,0,0,410,0,353644,471460,4fa33dcb-5f76-5f76-aea8-330df7ada03e,4fa33dcb-5f76-5f76-aea8-330df7ada03e
411,1788851665,1288004,14,29,0,0,411,0,354508,472611,6ede00d0-baf4-573f-a0dd-4a503bf7f766,6ede00d0-baf4-573f-a0dd-4a503bf7f766
412,1788851693,1288004,14,29,0,0,412,0,355372,473764,4fa33dcb-5f76-5f76-aea8-330df7ada03e,4fa33dcb-5f76-5f76-aea8-330df7ada03e
413,1788851722,1288004,14,29,0,0,413,0,356236,474915,6ede00d0-baf4-573f-a0dd-4a503bf7f766,6ede00d0-baf4-573f-a0dd-4a503bf7f766
414,1788851751,1288004,14,29,0,0,414,0,357100,476067,4fa33dcb-5f76-5f76-aea8-330df7ada03e,4fa33dcb-5f76-5f76-aea8-330df7ada03e
415,1788851780,1288004,14,29,0,0,415,0,357967,477222,6ede00d0-baf4-573f-a0dd-4a503bf7f766,6ede00d0-baf4-573f-a0dd-4a503bf7f766
416,1788851809,1288004,14,29,0,0,416,0,358831,478374,4fa33dcb-5f76-5f76-aea8-330df7ada03e,4fa33dcb-5f76-5f76-aea8-330df7ada03e
417,1788851837,1288004,14,29,0,0,417,0,359694,479526,6ede00d0-baf4-573f-a0dd-4a503bf7f766,6ede00d0-baf4-573f-a0dd-4a503bf7f766
418,1788851866,1288004,14,29,0,0,418,0,360558,480677,4fa33dcb-5f76-5f76-aea8-330df7ada03e,4fa33dcb-5f76-5f76-aea8-330df7ada03e
419,1788851895,1288004,14,29,0,0,419,0,361422,481829,6ede00d0-baf4-573f-a0dd-4a503bf7f766,6ede00d0-baf4-573f-a0dd-4a503bf7f766
420,1788851924,1288008,14,29,0,0,420,0,362289,482984,4fa33dcb-5f76-5f76-aea8-330df7ada03e,4fa33dcb-5f76-5f76-aea8-330df7ada03e
421,1788851953,1288008,14,29,0,0,421,0,363152,484136,6ede00d0-baf4-573f-a0dd-4a503bf7f766,6ede00d0-baf4-573f-a0dd-4a503bf7f766
422,1788851981,1288008,14,29,0,0,422,0,364016,485287,4fa33dcb-5f76-5f76-aea8-330df7ada03e,4fa33dcb-5f76-5f76-aea8-330df7ada03e
423,1788852010,1288008,14,29,0,0,423,0,364880,486439,6ede00d0-baf4-573f-a0dd-4a503bf7f766,6ede00d0-baf4-573f-a0dd-4a503bf7f766
424,1788852039,1288008,14,29,0,0,424,0,365744,487590,4fa33dcb-5f76-5f76-aea8-330df7ada03e,4fa33dcb-5f76-5f76-aea8-330df7ada03e
425,1788852068,1288008,14,29,0,0,425,0,366611,488746,6ede00d0-baf4-573f-a0dd-4a503bf7f766,6ede00d0-baf4-573f-a0dd-4a503bf7f766
426,1788852097,1288008,14,29,0,0,426,0,367474,489897,4fa33dcb-5f76-5f76-aea8-330df7ada03e,4fa33dcb-5f76-5f76-aea8-330df7ada03e
427,1788852125,1288008,14,29,0,0,427,0,368338,491048,6ede00d0-baf4-573f-a0dd-4a503bf7f766,6ede00d0-baf4-573f-a0dd-4a503bf7f766
428,1788852154,1288008,14,29,0,0,428,0,369202,492200,4fa33dcb-5f76-5f76-aea8-330df7ada03e,4fa33dcb-5f76-5f76-aea8-330df7ada03e
429,1788852183,1288008,14,29,0,0,429,0,370067,493354,6ede00d0-baf4-573f-a0dd-4a503bf7f766,6ede00d0-baf4-573f-a0dd-4a503bf7f766
430,1788852212,1288008,14,29,0,0,430,0,370934,494509,4fa33dcb-5f76-5f76-aea8-330df7ada03e,4fa33dcb-5f76-5f76-aea8-330df7ada03e
431,1788852241,1288008,14,29,0,0,431,0,371798,495662,6ede00d0-baf4-573f-a0dd-4a503bf7f766,6ede00d0-baf4-573f-a0dd-4a503bf7f766
432,1788852269,1288008,14,29,0,0,432,0,372663,496815,4fa33dcb-5f76-5f76-aea8-330df7ada03e,4fa33dcb-5f76-5f76-aea8-330df7ada03e
433,1788852298,1288008,14,29,0,0,433,0,373527,497967,6ede00d0-baf4-573f-a0dd-4a503bf7f766,6ede00d0-baf4-573f-a0dd-4a503bf7f766
434,1788852327,1288008,14,29,0,0,434,0,374391,499118,4fa33dcb-5f76-5f76-aea8-330df7ada03e,4fa33dcb-5f76-5f76-aea8-330df7ada03e
435,1788852356,1288008,14,29,0,0,435,0,375258,500274,6ede00d0-baf4-573f-a0dd-4a503bf7f766,6ede00d0-baf4-573f-a0dd-4a503bf7f766
436,1788852385,1288008,14,29,0,0,436,0,376122,501426,4fa33dcb-5f76-5f76-aea8-330df7ada03e,4fa33dcb-5f76-5f76-aea8-330df7ada03e
437,1788852413,1288008,14,29,0,0,437,0,376986,502577,6ede00d0-baf4-573f-a0dd-4a503bf7f766,6ede00d0-baf4-573f-a0dd-4a503bf7f766
438,1788852442,1288012,14,29,0,0,438,0,377850,503729,4fa33dcb-5f76-5f76-aea8-330df7ada03e,4fa33dcb-5f76-5f76-aea8-330df7ada03e
439,1788852471,1288012,14,29,0,0,439,0,378714,504881,6ede00d0-baf4-573f-a0dd-4a503bf7f766,6ede00d0-baf4-573f-a0dd-4a503bf7f766
440,1788852500,1288012,14,29,0,0,440,0,379580,506036,4fa33dcb-5f76-5f76-aea8-330df7ada03e,4fa33dcb-5f76-5f76-aea8-330df7ada03e
441,1788852529,1288012,14,29,0,0,441,0,380444,507188,6ede00d0-baf4-573f-a0dd-4a503bf7f766,6ede00d0-baf4-573f-a0dd-4a503bf7f766
442,1788852557,1288012,14,29,0,0,442,0,381308,508340,4fa33dcb-5f76-5f76-aea8-330df7ada03e,4fa33dcb-5f76-5f76-aea8-330df7ada03e
443,1788852586,1288012,14,29,0,0,443,0,382172,509492,6ede00d0-baf4-573f-a0dd-4a503bf7f766,6ede00d0-baf4-573f-a0dd-4a503bf7f766
444,1788852615,1288012,14,29,0,0,444,0,383037,510644,4fa33dcb-5f76-5f76-aea8-330df7ada03e,4fa33dcb-5f76-5f76-aea8-330df7ada03e
445,1788852644,1288012,14,29,0,0,445,0,383903,511799,6ede00d0-baf4-573f-a0dd-4a503bf7f766,6ede00d0-baf4-573f-a0dd-4a503bf7f766
446,1788852673,1288012,14,29,0,0,446,0,384767,512951,4fa33dcb-5f76-5f76-aea8-330df7ada03e,4fa33dcb-5f76-5f76-aea8-330df7ada03e
447,1788852701,1288012,14,29,0,0,447,0,385631,514102,6ede00d0-baf4-573f-a0dd-4a503bf7f766,6ede00d0-baf4-573f-a0dd-4a503bf7f766
448,1788852730,1288012,14,29,0,0,448,0,386494,515253,4fa33dcb-5f76-5f76-aea8-330df7ada03e,4fa33dcb-5f76-5f76-aea8-330df7ada03e
449,1788852759,1288096,14,29,0,0,449,0,387358,516406,6ede00d0-baf4-573f-a0dd-4a503bf7f766,6ede00d0-baf4-573f-a0dd-4a503bf7f766
450,1788852788,1288096,14,29,0,0,450,0,388225,517561,4fa33dcb-5f76-5f76-aea8-330df7ada03e,4fa33dcb-5f76-5f76-aea8-330df7ada03e
451,1788852817,1288096,14,29,0,0,451,0,389089,518712,6ede00d0-baf4-573f-a0dd-4a503bf7f766,6ede00d0-baf4-573f-a0dd-4a503bf7f766
452,1788852845,1288096,14,29,0,0,452,0,389954,519866,4fa33dcb-5f76-5f76-aea8-330df7ada03e,4fa33dcb-5f76-5f76-aea8-330df7ada03e
453,1788852874,1288096,14,29,0,0,453,0,390818,521017,6ede00d0-baf4-573f-a0dd-4a503bf7f766,6ede00d0-baf4-573f-a0dd-4a503bf7f766
454,1788852903,1288096,14,29,0,0,454,0,391682,522169,4fa33dcb-5f76-5f76-aea8-330df7ada03e,4fa33dcb-5f76-5f76-aea8-330df7ada03e
455,1788852932,1288096,14,29,0,0,455,0,392549,523325,6ede00d0-baf4-573f-a0dd-4a503bf7f766,6ede00d0-baf4-573f-a0dd-4a503bf7f766
456,1788852961,1288096,14,29,0,0,456,0,393413,524477,4fa33dcb-5f76-5f76-aea8-330df7ada03e,4fa33dcb-5f76-5f76-aea8-330df7ada03e
457,1788852989,1288096,14,29,0,0,457,0,394277,525629,6ede00d0-baf4-573f-a0dd-4a503bf7f766,6ede00d0-baf4-573f-a0dd-4a503bf7f766
458,1788853018,1288096,14,29,0,0,458,0,395141,526780,4fa33dcb-5f76-5f76-aea8-330df7ada03e,4fa33dcb-5f76-5f76-aea8-330df7ada03e
459,1788853047,1288096,14,29,0,0,459,0,396005,527932,6ede00d0-baf4-573f-a0dd-4a503bf7f766,6ede00d0-baf4-573f-a0dd-4a503bf7f766
460,1788853076,1288096,14,29,0,0,460,0,396872,529088,4fa33dcb-5f76-5f76-aea8-330df7ada03e,4fa33dcb-5f76-5f76-aea8-330df7ada03e
461,1788853105,1288096,14,29,0,0,461,0,397736,530241,6ede00d0-baf4-573f-a0dd-4a503bf7f766,6ede00d0-baf4-573f-a0dd-4a503bf7f766
462,1788853133,1288096,14,29,0,0,462,0,398600,531392,4fa33dcb-5f76-5f76-aea8-330df7ada03e,4fa33dcb-5f76-5f76-aea8-330df7ada03e
463,1788853162,1288096,14,29,0,0,463,0,399464,532544,6ede00d0-baf4-573f-a0dd-4a503bf7f766,6ede00d0-baf4-573f-a0dd-4a503bf7f766
464,1788853191,1288096,14,29,0,0,464,0,400328,533695,4fa33dcb-5f76-5f76-aea8-330df7ada03e,4fa33dcb-5f76-5f76-aea8-330df7ada03e
465,1788853220,1288096,14,29,0,0,465,0,401194,534851,6ede00d0-baf4-573f-a0dd-4a503bf7f766,6ede00d0-baf4-573f-a0dd-4a503bf7f766
466,1788853249,1288096,14,29,0,0,466,0,402059,536003,4fa33dcb-5f76-5f76-aea8-330df7ada03e,4fa33dcb-5f76-5f76-aea8-330df7ada03e
467,1788853277,1288096,14,29,0,0,467,0,402922,537155,6ede00d0-baf4-573f-a0dd-4a503bf7f766,6ede00d0-baf4-573f-a0dd-4a503bf7f766
468,1788853306,1288096,14,29,0,0,468,0,403786,538306,4fa33dcb-5f76-5f76-aea8-330df7ada03e,4fa33dcb-5f76-5f76-aea8-330df7ada03e
469,1788853335,1288096,14,29,0,0,469,0,404650,539458,6ede00d0-baf4-573f-a0dd-4a503bf7f766,6ede00d0-baf4-573f-a0dd-4a503bf7f766
470,1788853364,1288096,14,29,0,0,470,0,405517,540613,4fa33dcb-5f76-5f76-aea8-330df7ada03e,4fa33dcb-5f76-5f76-aea8-330df7ada03e
471,1788853393,1288096,14,29,0,0,471,0,406381,541765,6ede00d0-baf4-573f-a0dd-4a503bf7f766,6ede00d0-baf4-573f-a0dd-4a503bf7f766
472,1788853421,1288096,14,29,0,0,472,0,407245,542916,4fa33dcb-5f76-5f76-aea8-330df7ada03e,4fa33dcb-5f76-5f76-aea8-330df7ada03e
473,1788853450,1288096,14,29,0,0,473,0,408109,544068,6ede00d0-baf4-573f-a0dd-4a503bf7f766,6ede00d0-baf4-573f-a0dd-4a503bf7f766
474,1788853479,1288096,14,29,0,0,474,0,408973,545220,4fa33dcb-5f76-5f76-aea8-330df7ada03e,4fa33dcb-5f76-5f76-aea8-330df7ada03e
475,1788853508,1288096,14,29,0,0,475,0,409840,546376,6ede00d0-baf4-573f-a0dd-4a503bf7f766,6ede00d0-baf4-573f-a0dd-4a503bf7f766
476,1788853537,1288096,14,29,0,0,476,0,410703,547527,4fa33dcb-5f76-5f76-aea8-330df7ada03e,4fa33dcb-5f76-5f76-aea8-330df7ada03e
477,1788853566,1288096,14,29,0,0,477,0,411568,548680,6ede00d0-baf4-573f-a0dd-4a503bf7f766,6ede00d0-baf4-573f-a0dd-4a503bf7f766
478,1788853594,1288096,14,29,0,0,478,0,412432,549832,4fa33dcb-5f76-5f76-aea8-330df7ada03e,4fa33dcb-5f76-5f76-aea8-330df7ada03e
479,1788853623,1288096,14,29,0,0,479,0,413295,550983,6ede00d0-baf4-573f-a0dd-4a503bf7f766,6ede00d0-baf4-573f-a0dd-4a503bf7f766
480,1788853652,1288096,14,29,0,0,480,0,414162,552139,4fa33dcb-5f76-5f76-aea8-330df7ada03e,4fa33dcb-5f76-5f76-aea8-330df7ada03e
481,1788853681,1288096,14,29,0,0,481,0,415026,553290,6ede00d0-baf4-573f-a0dd-4a503bf7f766,6ede00d0-baf4-573f-a0dd-4a503bf7f766
482,1788853709,1288096,14,29,0,0,482,0,415890,554442,4fa33dcb-5f76-5f76-aea8-330df7ada03e,4fa33dcb-5f76-5f76-aea8-330df7ada03e
483,1788853738,1288096,14,29,0,0,483,0,416754,555594,6ede00d0-baf4-573f-a0dd-4a503bf7f766,6ede00d0-baf4-573f-a0dd-4a503bf7f766
484,1788853767,1288096,14,29,0,0,484,0,417618,556745,4fa33dcb-5f76-5f76-aea8-330df7ada03e,4fa33dcb-5f76-5f76-aea8-330df7ada03e
485,1788853796,1288096,14,29,0,0,485,0,418485,557901,6ede00d0-baf4-573f-a0dd-4a503bf7f766,6ede00d0-baf4-573f-a0dd-4a503bf7f766
486,1788853825,1288096,14,29,0,0,486,0,419348,559052,4fa33dcb-5f76-5f76-aea8-330df7ada03e,4fa33dcb-5f76-5f76-aea8-330df7ada03e
487,1788853853,1288096,14,29,0,0,487,0,420212,560204,6ede00d0-baf4-573f-a0dd-4a503bf7f766,6ede00d0-baf4-573f-a0dd-4a503bf7f766
488,1788853882,1288096,14,29,0,0,488,0,421076,561355,4fa33dcb-5f76-5f76-aea8-330df7ada03e,4fa33dcb-5f76-5f76-aea8-330df7ada03e
489,1788853911,1288096,14,29,0,0,489,0,421940,562508,6ede00d0-baf4-573f-a0dd-4a503bf7f766,6ede00d0-baf4-573f-a0dd-4a503bf7f766
490,1788853940,1288096,14,29,0,0,490,0,422807,563664,4fa33dcb-5f76-5f76-aea8-330df7ada03e,4fa33dcb-5f76-5f76-aea8-330df7ada03e
491,1788853969,1288096,14,29,0,0,491,0,423671,564816,6ede00d0-baf4-573f-a0dd-4a503bf7f766,6ede00d0-baf4-573f-a0dd-4a503bf7f766
492,1788853998,1288096,14,29,0,0,492,0,424536,565968,4fa33dcb-5f76-5f76-aea8-330df7ada03e,4fa33dcb-5f76-5f76-aea8-330df7ada03e
493,1788854026,1288096,14,29,0,0,493,0,425400,567120,6ede00d0-baf4-573f-a0dd-4a503bf7f766,6ede00d0-baf4-573f-a0dd-4a503bf7f766
494,1788854055,1288096,14,29,0,0,494,0,426263,568271,4fa33dcb-5f76-5f76-aea8-330df7ada03e,4fa33dcb-5f76-5f76-aea8-330df7ada03e
495,1788854084,1288132,14,29,0,0,495,0,427130,569426,6ede00d0-baf4-573f-a0dd-4a503bf7f766,6ede00d0-baf4-573f-a0dd-4a503bf7f766
496,1788854113,1288132,14,29,0,0,496,0,427994,570578,4fa33dcb-5f76-5f76-aea8-330df7ada03e,4fa33dcb-5f76-5f76-aea8-330df7ada03e
497,1788854141,1293720,14,29,0,0,497,0,428857,571730,6ede00d0-baf4-573f-a0dd-4a503bf7f766,6ede00d0-baf4-573f-a0dd-4a503bf7f766
498,1788854170,1293720,14,29,0,0,498,0,429721,572881,4fa33dcb-5f76-5f76-aea8-330df7ada03e,4fa33dcb-5f76-5f76-aea8-330df7ada03e
499,1788854199,1293760,14,29,0,0,499,0,430585,574033,6ede00d0-baf4-573f-a0dd-4a503bf7f766,6ede00d0-baf4-573f-a0dd-4a503bf7f766
500,1788854228,1299344,14,29,0,0,500,0,431452,575188,4fa33dcb-5f76-5f76-aea8-330df7ada03e,4fa33dcb-5f76-5f76-aea8-330df7ada03e
501,1788854257,1299344,14,29,0,0,501,0,432316,576340,6ede00d0-baf4-573f-a0dd-4a503bf7f766,6ede00d0-baf4-573f-a0dd-4a503bf7f766
502,1788854285,1299344,14,29,0,0,502,0,433180,577492,4fa33dcb-5f76-5f76-aea8-330df7ada03e,4fa33dcb-5f76-5f76-aea8-330df7ada03e
503,1788854314,1299344,14,29,0,0,503,0,434044,578644,6ede00d0-baf4-573f-a0dd-4a503bf7f766,6ede00d0-baf4-573f-a0dd-4a503bf7f766
504,1788854343,1299344,14,29,0,0,504,0,434908,579795,4fa33dcb-5f76-5f76-aea8-330df7ada03e,4fa33dcb-5f76-5f76-aea8-330df7ada03e
505,1788854372,1299344,14,29,0,0,505,0,435774,580950,6ede00d0-baf4-573f-a0dd-4a503bf7f766,6ede00d0-baf4-573f-a0dd-4a503bf7f766
506,1788854401,1299344,14,29,0,0,506,0,436637,582101,4fa33dcb-5f76-5f76-aea8-330df7ada03e,4fa33dcb-5f76-5f76-aea8-330df7ada03e
507,1788854429,1299344,14,29,0,0,507,0,437501,583253,6ede00d0-baf4-573f-a0dd-4a503bf7f766,6ede00d0-baf4-573f-a0dd-4a503bf7f766
508,1788854458,1299344,14,29,0,0,508,0,438365,584404,4fa33dcb-5f76-5f76-aea8-330df7ada03e,4fa33dcb-5f76-5f76-aea8-330df7ada03e
509,1788854487,1299344,14,29,0,0,509,0,439229,585556,6ede00d0-baf4-573f-a0dd-4a503bf7f766,6ede00d0-baf4-573f-a0dd-4a503bf7f766
510,1788854516,1299344,14,29,0,0,510,0,440095,586711,4fa33dcb-5f76-5f76-aea8-330df7ada03e,4fa33dcb-5f76-5f76-aea8-330df7ada03e
511,1788854545,1299344,14,29,0,0,511,0,440959,587863,6ede00d0-baf4-573f-a0dd-4a503bf7f766,6ede00d0-baf4-573f-a0dd-4a503bf7f766
512,1788854573,1299344,14,29,0,0,512,0,441823,589014,4fa33dcb-5f76-5f76-aea8-330df7ada03e,4fa33dcb-5f76-5f76-aea8-330df7ada03e
513,1788854602,1299344,14,29,0,0,513,0,442687,590166,6ede00d0-baf4-573f-a0dd-4a503bf7f766,6ede00d0-baf4-573f-a0dd-4a503bf7f766
514,1788854631,1299344,14,29,0,0,514,0,443551,591318,4fa33dcb-5f76-5f76-aea8-330df7ada03e,4fa33dcb-5f76-5f76-aea8-330df7ada03e
515,1788854660,1299344,14,29,0,0,515,0,444418,592474,6ede00d0-baf4-573f-a0dd-4a503bf7f766,6ede00d0-baf4-573f-a0dd-4a503bf7f766
516,1788854689,1299344,14,29,0,0,516,0,445282,593625,4fa33dcb-5f76-5f76-aea8-330df7ada03e,4fa33dcb-5f76-5f76-aea8-330df7ada03e
517,1788854717,1299344,14,29,0,0,517,0,446145,594777,6ede00d0-baf4-573f-a0dd-4a503bf7f766,6ede00d0-baf4-573f-a0dd-4a503bf7f766
518,1788854746,1299344,14,29,0,0,518,0,447009,595928,4fa33dcb-5f76-5f76-aea8-330df7ada03e,4fa33dcb-5f76-5f76-aea8-330df7ada03e
519,1788854775,1299344,14,29,0,0,519,0,447873,597080,6ede00d0-baf4-573f-a0dd-4a503bf7f766,6ede00d0-baf4-573f-a0dd-4a503bf7f766
520,1788854804,1299344,14,29,0,0,520,0,448740,598235,4fa33dcb-5f76-5f76-aea8-330df7ada03e,4fa33dcb-5f76-5f76-aea8-330df7ada03e
521,1788854833,1299344,14,29,0,0,521,0,449604,599387,6ede00d0-baf4-573f-a0dd-4a503bf7f766,6ede00d0-baf4-573f-a0dd-4a503bf7f766
522,1788854861,1299344,14,29,0,0,522,0,450467,600538,4fa33dcb-5f76-5f76-aea8-330df7ada03e,4fa33dcb-5f76-5f76-aea8-330df7ada03e
523,1788854890,1299344,14,29,0,0,523,0,451332,601691,6ede00d0-baf4-573f-a0dd-4a503bf7f766,6ede00d0-baf4-573f-a0dd-4a503bf7f766
524,1788854919,1299344,14,29,0,0,524,0,452195,602842,4fa33dcb-5f76-5f76-aea8-330df7ada03e,4fa33dcb-5f76-5f76-aea8-330df7ada03e
525,1788854948,1299344,14,29,0,0,525,0,453062,603998,6ede00d0-baf4-573f-a0dd-4a503bf7f766,6ede00d0-baf4-573f-a0dd-4a503bf7f766
526,1788854977,1299344,14,29,0,0,526,0,453926,605150,4fa33dcb-5f76-5f76-aea8-330df7ada03e,4fa33dcb-5f76-5f76-aea8-330df7ada03e
527,1788855005,1299344,14,29,0,0,527,0,454791,606303,6ede00d0-baf4-573f-a0dd-4a503bf7f766,6ede00d0-baf4-573f-a0dd-4a503bf7f766
528,1788855034,1299344,14,29,0,0,528,0,455655,607454,4fa33dcb-5f76-5f76-aea8-330df7ada03e,4fa33dcb-5f76-5f76-aea8-330df7ada03e
529,1788855063,1299344,14,29,0,0,529,0,456518,608606,6ede00d0-baf4-573f-a0dd-4a503bf7f766,6ede00d0-baf4-573f-a0dd-4a503bf7f766
530,1788855092,1299344,14,29,0,0,530,0,457385,609761,4fa33dcb-5f76-5f76-aea8-330df7ada03e,4fa33dcb-5f76-5f76-aea8-330df7ada03e
531,1788855121,1299344,14,29,0,0,531,0,458249,610912,6ede00d0-baf4-573f-a0dd-4a503bf7f766,6ede00d0-baf4-573f-a0dd-4a503bf7f766
532,1788855149,1299344,14,29,0,0,532,0,459113,612064,4fa33dcb-5f76-5f76-aea8-330df7ada03e,4fa33dcb-5f76-5f76-aea8-330df7ada03e
533,1788855178,1299344,14,29,0,0,533,0,459977,613216,6ede00d0-baf4-573f-a0dd-4a503bf7f766,6ede00d0-baf4-573f-a0dd-4a503bf7f766
534,1788855207,1299344,14,29,0,0,534,0,460841,614367,4fa33dcb-5f76-5f76-aea8-330df7ada03e,4fa33dcb-5f76-5f76-aea8-330df7ada03e
535,1788855236,1299344,14,29,0,0,535,0,461707,615522,6ede00d0-baf4-573f-a0dd-4a503bf7f766,6ede00d0-baf4-573f-a0dd-4a503bf7f766
536,1788855265,1299344,14,29,0,0,536,0,462571,616674,4fa33dcb-5f76-5f76-aea8-330df7ada03e,4fa33dcb-5f76-5f76-aea8-330df7ada03e
537,1788855293,1299344,14,29,0,0,537,0,463435,617826,6ede00d0-baf4-573f-a0dd-4a503bf7f766,6ede00d0-baf4-573f-a0dd-4a503bf7f766
538,1788855322,1299344,14,29,0,0,538,0,464298,618977,4fa33dcb-5f76-5f76-aea8-330df7ada03e,4fa33dcb-5f76-5f76-aea8-330df7ada03e
539,1788855351,1299344,14,29,0,0,539,0,465162,620129,6ede00d0-baf4-573f-a0dd-4a503bf7f766,6ede00d0-baf4-573f-a0dd-4a503bf7f766
540,1788855380,1299344,14,29,0,0,540,0,466029,621284,4fa33dcb-5f76-5f76-aea8-330df7ada03e,4fa33dcb-5f76-5f76-aea8-330df7ada03e
541,1788855409,1299344,14,29,0,0,541,0,466893,622436,6ede00d0-baf4-573f-a0dd-4a503bf7f766,6ede00d0-baf4-573f-a0dd-4a503bf7f766
542,1788855437,1299344,14,29,0,0,542,0,467757,623588,4fa33dcb-5f76-5f76-aea8-330df7ada03e,4fa33dcb-5f76-5f76-aea8-330df7ada03e
543,1788855466,1299344,14,29,0,0,543,0,468622,624741,6ede00d0-baf4-573f-a0dd-4a503bf7f766,6ede00d0-baf4-573f-a0dd-4a503bf7f766
544,1788855495,1299344,14,29,0,0,544,0,469485,625892,4fa33dcb-5f76-5f76-aea8-330df7ada03e,4fa33dcb-5f76-5f76-aea8-330df7ada03e
545,1788855524,1299344,14,29,0,0,545,0,470352,627047,6ede00d0-baf4-573f-a0dd-4a503bf7f766,6ede00d0-baf4-573f-a0dd-4a503bf7f766
546,1788855553,1299344,14,29,0,0,546,0,471216,628199,4fa33dcb-5f76-5f76-aea8-330df7ada03e,4fa33dcb-5f76-5f76-aea8-330df7ada03e
547,1788855581,1299344,14,29,0,0,547,0,472080,629351,6ede00d0-baf4-573f-a0dd-4a503bf7f766,6ede00d0-baf4-573f-a0dd-4a503bf7f766
548,1788855610,1299344,14,29,0,0,548,0,472943,630502,4fa33dcb-5f76-5f76-aea8-330df7ada03e,4fa33dcb-5f76-5f76-aea8-330df7ada03e
549,1788855639,1299344,14,29,0,0,549,0,473807,631654,6ede00d0-baf4-573f-a0dd-4a503bf7f766,6ede00d0-baf4-573f-a0dd-4a503bf7f766
550,1788855668,1299344,14,29,0,0,550,0,474673,632808,4fa33dcb-5f76-5f76-aea8-330df7ada03e,4fa33dcb-5f76-5f76-aea8-330df7ada03e
551,1788855697,1299344,14,29,0,0,551,0,475537,633960,6ede00d0-baf4-573f-a0dd-4a503bf7f766,6ede00d0-baf4-573f-a0dd-4a503bf7f766
552,1788855725,1299344,14,29,0,0,552,0,476401,635112,4fa33dcb-5f76-5f76-aea8-330df7ada03e,4fa33dcb-5f76-5f76-aea8-330df7ada03e
553,1788855754,1299344,14,29,0,0,553,0,477265,636264,6ede00d0-baf4-573f-a0dd-4a503bf7f766,6ede00d0-baf4-573f-a0dd-4a503bf7f766
554,1788855783,1299344,14,29,0,0,554,0,478129,637415,4fa33dcb-5f76-5f76-aea8-330df7ada03e,4fa33dcb-5f76-5f76-aea8-330df7ada03e
555,1788855812,1299344,14,29,0,0,555,0,479000,638576,6ede00d0-baf4-573f-a0dd-4a503bf7f766,6ede00d0-baf4-573f-a0dd-4a503bf7f766
556,1788855841,1299344,14,29,0,0,556,0,479864,639728,4fa33dcb-5f76-5f76-aea8-330df7ada03e,4fa33dcb-5f76-5f76-aea8-330df7ada03e
557,1788855870,1299344,14,29,0,0,557,0,480728,640880,6ede00d0-baf4-573f-a0dd-4a503bf7f766,6ede00d0-baf4-573f-a0dd-4a503bf7f766
558,1788855898,1299344,14,29,0,0,558,0,481593,642033,4fa33dcb-5f76-5f76-aea8-330df7ada03e,4fa33dcb-5f76-5f76-aea8-330df7ada03e
559,1788855927,1299344,14,29,0,0,559,0,482456,643184,6ede00d0-baf4-573f-a0dd-4a503bf7f766,6ede00d0-baf4-573f-a0dd-4a503bf7f766
560,1788855956,1299344,14,29,0,0,560,0,483323,644339,4fa33dcb-5f76-5f76-aea8-330df7ada03e,4fa33dcb-5f76-5f76-aea8-330df7ada03e
561,1788855985,1299344,14,29,0,0,561,0,484186,645491,6ede00d0-baf4-573f-a0dd-4a503bf7f766,6ede00d0-baf4-573f-a0dd-4a503bf7f766
562,1788856013,1299344,14,29,0,0,562,0,485050,646642,4fa33dcb-5f76-5f76-aea8-330df7ada03e,4fa33dcb-5f76-5f76-aea8-330df7ada03e
563,1788856042,1299344,14,29,0,0,563,0,485914,647794,6ede00d0-baf4-573f-a0dd-4a503bf7f766,6ede00d0-baf4-573f-a0dd-4a503bf7f766
564,1788856071,1299344,14,29,0,0,564,0,486778,648945,4fa33dcb-5f76-5f76-aea8-330df7ada03e,4fa33dcb-5f76-5f76-aea8-330df7ada03e
565,1788856100,1299344,14,29,0,0,565,0,487645,650101,6ede00d0-baf4-573f-a0dd-4a503bf7f766,6ede00d0-baf4-573f-a0dd-4a503bf7f766
566,1788856129,1299344,14,29,0,0,566,0,488509,651253,4fa33dcb-5f76-5f76-aea8-330df7ada03e,4fa33dcb-5f76-5f76-aea8-330df7ada03e
567,1788856158,1299344,14,29,0,0,567,0,489373,652405,6ede00d0-baf4-573f-a0dd-4a503bf7f766,6ede00d0-baf4-573f-a0dd-4a503bf7f766
568,1788856186,1299344,14,29,0,0,568,0,490238,653558,4fa33dcb-5f76-5f76-aea8-330df7ada03e,4fa33dcb-5f76-5f76-aea8-330df7ada03e
569,1788856215,1299344,14,29,0,0,569,0,491101,654710,6ede00d0-baf4-573f-a0dd-4a503bf7f766,6ede00d0-baf4-573f-a0dd-4a503bf7f766
570,1788856244,1299344,14,29,0,0,570,0,491969,655866,4fa33dcb-5f76-5f76-aea8-330df7ada03e,4fa33dcb-5f76-5f76-aea8-330df7ada03e
571,1788856273,1299344,14,29,0,0,571,0,492833,657018,6ede00d0-baf4-573f-a0dd-4a503bf7f766,6ede00d0-baf4-573f-a0dd-4a503bf7f766
572,1788856302,1299344,14,29,0,0,572,0,493697,658169,4fa33dcb-5f76-5f76-aea8-330df7ada03e,4fa33dcb-5f76-5f76-aea8-330df7ada03e
573,1788856330,1299344,14,29,0,0,573,0,494561,659322,6ede00d0-baf4-573f-a0dd-4a503bf7f766,6ede00d0-baf4-573f-a0dd-4a503bf7f766
574,1788856359,1299344,14,29,0,0,574,0,495425,660473,4fa33dcb-5f76-5f76-aea8-330df7ada03e,4fa33dcb-5f76-5f76-aea8-330df7ada03e
575,1788856388,1299344,14,29,0,0,575,0,496292,661629,6ede00d0-baf4-573f-a0dd-4a503bf7f766,6ede00d0-baf4-573f-a0dd-4a503bf7f766
576,1788856417,1299344,14,29,0,0,576,0,497156,662780,4fa33dcb-5f76-5f76-aea8-330df7ada03e,4fa33dcb-5f76-5f76-aea8-330df7ada03e
577,1788856446,1299344,14,29,0,0,577,0,498020,663932,6ede00d0-baf4-573f-a0dd-4a503bf7f766,6ede00d0-baf4-573f-a0dd-4a503bf7f766
578,1788856474,1299344,14,29,0,0,578,0,498884,665084,4fa33dcb-5f76-5f76-aea8-330df7ada03e,4fa33dcb-5f76-5f76-aea8-330df7ada03e
579,1788856503,1299344,14,29,0,0,579,0,499747,666236,6ede00d0-baf4-573f-a0dd-4a503bf7f766,6ede00d0-baf4-573f-a0dd-4a503bf7f766
580,1788856532,1299344,14,29,0,0,580,0,500614,667390,4fa33dcb-5f76-5f76-aea8-330df7ada03e,4fa33dcb-5f76-5f76-aea8-330df7ada03e
581,1788856561,1299344,14,29,0,0,581,0,501478,668543,6ede00d0-baf4-573f-a0dd-4a503bf7f766,6ede00d0-baf4-573f-a0dd-4a503bf7f766
582,1788856590,1299344,14,29,0,0,582,0,502341,669694,4fa33dcb-5f76-5f76-aea8-330df7ada03e,4fa33dcb-5f76-5f76-aea8-330df7ada03e
583,1788856618,1299344,14,29,0,0,583,0,503206,670846,6ede00d0-baf4-573f-a0dd-4a503bf7f766,6ede00d0-baf4-573f-a0dd-4a503bf7f766
584,1788856647,1299344,14,29,0,0,584,0,504070,671998,4fa33dcb-5f76-5f76-aea8-330df7ada03e,4fa33dcb-5f76-5f76-aea8-330df7ada03e
585,1788856676,1299344,14,29,0,0,585,0,504936,673153,6ede00d0-baf4-573f-a0dd-4a503bf7f766,6ede00d0-baf4-573f-a0dd-4a503bf7f766
586,1788856705,1299344,14,29,0,0,586,0,505800,674305,4fa33dcb-5f76-5f76-aea8-330df7ada03e,4fa33dcb-5f76-5f76-aea8-330df7ada03e
587,1788856734,1299344,14,29,0,0,587,0,506664,675456,6ede00d0-baf4-573f-a0dd-4a503bf7f766,6ede00d0-baf4-573f-a0dd-4a503bf7f766
588,1788856762,1299344,14,29,0,0,588,0,507528,676608,4fa33dcb-5f76-5f76-aea8-330df7ada03e,4fa33dcb-5f76-5f76-aea8-330df7ada03e
589,1788856791,1299344,14,29,0,0,589,0,508392,677760,6ede00d0-baf4-573f-a0dd-4a503bf7f766,6ede00d0-baf4-573f-a0dd-4a503bf7f766
590,1788856820,1299344,14,29,0,0,590,0,509260,678917,4fa33dcb-5f76-5f76-aea8-330df7ada03e,4fa33dcb-5f76-5f76-aea8-330df7ada03e
591,1788856849,1299344,14,29,0,0,591,0,510124,680069,6ede00d0-baf4-573f-a0dd-4a503bf7f766,6ede00d0-baf4-573f-a0dd-4a503bf7f766
592,1788856878,1299344,14,29,0,0,592,0,510988,681221,4fa33dcb-5f76-5f76-aea8-330df7ada03e,4fa33dcb-5f76-5f76-aea8-330df7ada03e
593,1788856906,1299344,14,29,0,0,593,0,511852,682373,6ede00d0-baf4-573f-a0dd-4a503bf7f766,6ede00d0-baf4-573f-a0dd-4a503bf7f766
594,1788856935,1299344,14,29,0,0,594,0,512716,683524,4fa33dcb-5f76-5f76-aea8-330df7ada03e,4fa33dcb-5f76-5f76-aea8-330df7ada03e
595,1788856964,1299344,14,29,0,0,595,0,513582,684679,6ede00d0-baf4-573f-a0dd-4a503bf7f766,6ede00d0-baf4-573f-a0dd-4a503bf7f766
596,1788856993,1299344,14,29,0,0,596,0,514447,685832,4fa33dcb-5f76-5f76-aea8-330df7ada03e,4fa33dcb-5f76-5f76-aea8-330df7ada03e
597,1788857022,1299344,14,29,0,0,597,0,515311,686984,6ede00d0-baf4-573f-a0dd-4a503bf7f766,6ede00d0-baf4-573f-a0dd-4a503bf7f766
598,1788857050,1299344,14,29,0,0,598,0,516175,688135,4fa33dcb-5f76-5f76-aea8-330df7ada03e,4fa33dcb-5f76-5f76-aea8-330df7ada03e
599,1788857079,1299344,14,29,0,0,599,0,517039,689288,6ede00d0-baf4-573f-a0dd-4a503bf7f766,6ede00d0-baf4-573f-a0dd-4a503bf7f766
600,1788857108,1299344,14,29,0,0,600,0,517905,690442,4fa33dcb-5f76-5f76-aea8-330df7ada03e,4fa33dcb-5f76-5f76-aea8-330df7ada03e
601,1788857137,1299344,14,29,0,0,601,0,518769,691595,6ede00d0-baf4-573f-a0dd-4a503bf7f766,6ede00d0-baf4-573f-a0dd-4a503bf7f766
602,1788857166,1299344,14,29,0,0,602,0,519633,692746,4fa33dcb-5f76-5f76-aea8-330df7ada03e,4fa33dcb-5f76-5f76-aea8-330df7ada03e
603,1788857194,1299344,14,29,0,0,603,0,520497,693898,6ede00d0-baf4-573f-a0dd-4a503bf7f766,6ede00d0-baf4-573f-a0dd-4a503bf7f766
604,1788857223,1299344,14,29,0,0,604,0,521361,695050,4fa33dcb-5f76-5f76-aea8-330df7ada03e,4fa33dcb-5f76-5f76-aea8-330df7ada03e
605,1788857252,1299344,14,29,0,0,605,0,522227,696205,6ede00d0-baf4-573f-a0dd-4a503bf7f766,6ede00d0-baf4-573f-a0dd-4a503bf7f766
606,1788857281,1299344,14,29,0,0,606,0,523092,697357,4fa33dcb-5f76-5f76-aea8-330df7ada03e,4fa33dcb-5f76-5f76-aea8-330df7ada03e
607,1788857310,1299348,14,29,0,0,607,0,523956,698509,6ede00d0-baf4-573f-a0dd-4a503bf7f766,6ede00d0-baf4-573f-a0dd-4a503bf7f766
608,1788857338,1299348,14,29,0,0,608,0,524820,699661,4fa33dcb-5f76-5f76-aea8-330df7ada03e,4fa33dcb-5f76-5f76-aea8-330df7ada03e
609,1788857367,1299348,14,29,0,0,609,0,525684,700813,6ede00d0-baf4-573f-a0dd-4a503bf7f766,6ede00d0-baf4-573f-a0dd-4a503bf7f766
610,1788857396,1299348,14,29,0,0,610,0,526550,701968,4fa33dcb-5f76-5f76-aea8-330df7ada03e,4fa33dcb-5f76-5f76-aea8-330df7ada03e
611,1788857425,1299348,14,29,0,0,611,0,527414,703120,6ede00d0-baf4-573f-a0dd-4a503bf7f766,6ede00d0-baf4-573f-a0dd-4a503bf7f766
612,1788857454,1299348,14,29,0,0,612,0,528278,704271,4fa33dcb-5f76-5f76-aea8-330df7ada03e,4fa33dcb-5f76-5f76-aea8-330df7ada03e
613,1788857482,1299348,14,29,0,0,613,0,529142,705423,6ede00d0-baf4-573f-a0dd-4a503bf7f766,6ede00d0-baf4-573f-a0dd-4a503bf7f766
614,1788857511,1299348,14,29,0,0,614,0,530007,706575,4fa33dcb-5f76-5f76-aea8-330df7ada03e,4fa33dcb-5f76-5f76-aea8-330df7ada03e
615,1788857540,1299348,14,29,0,0,615,0,530873,707731,6ede00d0-baf4-573f-a0dd-4a503bf7f766,6ede00d0-baf4-573f-a0dd-4a503bf7f766
616,1788857569,1299348,14,29,0,0,616,0,531737,708882,4fa33dcb-5f76-5f76-aea8-330df7ada03e,4fa33dcb-5f76-5f76-aea8-330df7ada03e
617,1788857598,1299348,14,29,0,0,617,0,532601,710034,6ede00d0-baf4-573f-a0dd-4a503bf7f766,6ede00d0-baf4-573f-a0dd-4a503bf7f766
618,1788857626,1299348,14,29,0,0,618,0,533465,711186,4fa33dcb-5f76-5f76-aea8-330df7ada03e,4fa33dcb-5f76-5f76-aea8-330df7ada03e
619,1788857655,1299348,14,29,0,0,619,0,534329,712338,6ede00d0-baf4-573f-a0dd-4a503bf7f766,6ede00d0-baf4-573f-a0dd-4a503bf7f766
620,1788857684,1299348,14,29,0,0,620,0,535196,713493,4fa33dcb-5f76-5f76-aea8-330df7ada03e,4fa33dcb-5f76-5f76-aea8-330df7ada03e
621,1788857713,1299348,14,29,0,0,621,0,536060,714646,6ede00d0-baf4-573f-a0dd-4a503bf7f766,6ede00d0-baf4-573f-a0dd-4a503bf7f766
622,1788857742,1299348,14,29,0,0,622,0,536924,715798,4fa33dcb-5f76-5f76-aea8-330df7ada03e,4fa33dcb-5f76-5f76-aea8-330df7ada03e
623,1788857770,1299348,14,29,0,0,623,0,537788,716950,6ede00d0-baf4-573f-a0dd-4a503bf7f766,6ede00d0-baf4-573f-a0dd-4a503bf7f766
624,1788857799,1299352,14,29,0,0,624,0,538652,718101,4fa33dcb-5f76-5f76-aea8-330df7ada03e,4fa33dcb-5f76-5f76-aea8-330df7ada03e
625,1788857828,1299352,14,29,0,0,625,0,539519,719257,6ede00d0-baf4-573f-a0dd-4a503bf7f766,6ede00d0-baf4-573f-a0dd-4a503bf7f766
626,1788857857,1299352,14,29,0,0,626,0,540384,720409,4fa33dcb-5f76-5f76-aea8-330df7ada03e,4fa33dcb-5f76-5f76-aea8-330df7ada03e
627,1788857886,1299352,14,29,0,0,627,0,541248,721562,6ede00d0-baf4-573f-a0dd-4a503bf7f766,6ede00d0-baf4-573f-a0dd-4a503bf7f766
628,1788857914,1299352,14,29,0,0,628,0,542112,722713,4fa33dcb-5f76-5f76-aea8-330df7ada03e,4fa33dcb-5f76-5f76-aea8-330df7ada03e
629,1788857943,1299352,14,29,0,0,629,0,542975,723865,6ede00d0-baf4-573f-a0dd-4a503bf7f766,6ede00d0-baf4-573f-a0dd-4a503bf7f766
630,1788857972,1299352,14,29,0,0,630,0,543842,725020,4fa33dcb-5f76-5f76-aea8-330df7ada03e,4fa33dcb-5f76-5f76-aea8-330df7ada03e
631,1788858001,1299352,14,29,0,0,631,0,544705,726171,6ede00d0-baf4-573f-a0dd-4a503bf7f766,6ede00d0-baf4-573f-a0dd-4a503bf7f766
632,1788858030,1299352,14,29,0,0,632,0,545569,727323,4fa33dcb-5f76-5f76-aea8-330df7ada03e,4fa33dcb-5f76-5f76-aea8-330df7ada03e
633,1788858058,1299352,14,29,0,0,633,0,546434,728475,6ede00d0-baf4-573f-a0dd-4a503bf7f766,6ede00d0-baf4-573f-a0dd-4a503bf7f766
634,1788858087,1299352,14,29,0,0,634,0,547297,729626,4fa33dcb-5f76-5f76-aea8-330df7ada03e,4fa33dcb-5f76-5f76-aea8-330df7ada03e
635,1788858116,1299352,14,29,0,0,635,0,548164,730782,6ede00d0-baf4-573f-a0dd-4a503bf7f766,6ede00d0-baf4-573f-a0dd-4a503bf7f766
636,1788858145,1299352,14,29,0,0,636,0,549029,731935,4fa33dcb-5f76-5f76-aea8-330df7ada03e,4fa33dcb-5f76-5f76-aea8-330df7ada03e
637,1788858174,1299352,14,29,0,0,637,0,549894,733088,6ede00d0-baf4-573f-a0dd-4a503bf7f766,6ede00d0-baf4-573f-a0dd-4a503bf7f766
638,1788858202,1299352,14,29,0,0,638,0,550758,734240,4fa33dcb-5f76-5f76-aea8-330df7ada03e,4fa33dcb-5f76-5f76-aea8-330df7ada03e
639,1788858231,1299352,14,29,0,0,639,0,551622,735392,6ede00d0-baf4-573f-a0dd-4a503bf7f766,6ede00d0-baf4-573f-a0dd-4a503bf7f766
640,1788858260,1299352,14,29,0,0,640,0,552488,736547,4fa33dcb-5f76-5f76-aea8-330df7ada03e,4fa33dcb-5f76-5f76-aea8-330df7ada03e
641,1788858289,1299356,14,29,0,0,641,0,553352,737698,6ede00d0-baf4-573f-a0dd-4a503bf7f766,6ede00d0-baf4-573f-a0dd-4a503bf7f766
642,1788858318,1299356,14,29,0,0,642,0,554216,738850,4fa33dcb-5f76-5f76-aea8-330df7ada03e,4fa33dcb-5f76-5f76-aea8-330df7ada03e
643,1788858346,1299356,14,29,0,0,643,0,555080,740002,6ede00d0-baf4-573f-a0dd-4a503bf7f766,6ede00d0-baf4-573f-a0dd-4a503bf7f766
644,1788858375,1299356,14,29,0,0,644,0,555944,741153,4fa33dcb-5f76-5f76-aea8-330df7ada03e,4fa33dcb-5f76-5f76-aea8-330df7ada03e
645,1788858404,1299356,14,29,0,0,645,0,556810,742308,6ede00d0-baf4-573f-a0dd-4a503bf7f766,6ede00d0-baf4-573f-a0dd-4a503bf7f766
646,1788858433,1299356,14,29,0,0,646,0,557674,743460,4fa33dcb-5f76-5f76-aea8-330df7ada03e,4fa33dcb-5f76-5f76-aea8-330df7ada03e
647,1788858462,1299356,14,29,0,0,647,0,558538,744612,6ede00d0-baf4-573f-a0dd-4a503bf7f766,6ede00d0-baf4-573f-a0dd-4a503bf7f766
648,1788858490,1299356,14,29,0,0,648,0,559402,745763,4fa33dcb-5f76-5f76-aea8-330df7ada03e,4fa33dcb-5f76-5f76-aea8-330df7ada03e
649,1788858519,1299356,14,29,0,0,649,0,560266,746915,6ede00d0-baf4-573f-a0dd-4a503bf7f766,6ede00d0-baf4-573f-a0dd-4a503bf7f766
650,1788858548,1299356,14,29,0,0,650,0,561132,748070,4fa33dcb-5f76-5f76-aea8-330df7ada03e,4fa33dcb-5f76-5f76-aea8-330df7ada03e
651,1788858577,1299356,14,29,0,0,651,0,561996,749222,6ede00d0-baf4-573f-a0dd-4a503bf7f766,6ede00d0-baf4-573f-a0dd-4a503bf7f766
652,1788858606,1299356,14,29,0,0,652,0,562860,750374,4fa33dcb-5f76-5f76-aea8-330df7ada03e,4fa33dcb-5f76-5f76-aea8-330df7ada03e
653,1788858634,1299356,14,29,0,0,653,0,563724,751526,6ede00d0-baf4-573f-a0dd-4a503bf7f766,6ede00d0-baf4-573f-a0dd-4a503bf7f766
654,1788858663,1299356,14,29,0,0,654,0,564588,752678,4fa33dcb-5f76-5f76-aea8-330df7ada03e,4fa33dcb-5f76-5f76-aea8-330df7ada03e
655,1788858692,1299360,14,29,0,0,655,0,565454,753833,6ede00d0-baf4-573f-a0dd-4a503bf7f766,6ede00d0-baf4-573f-a0dd-4a503bf7f766
656,1788858721,1299360,14,29,0,0,656,0,566318,754985,4fa33dcb-5f76-5f76-aea8-330df7ada03e,4fa33dcb-5f76-5f76-aea8-330df7ada03e
657,1788858750,1299360,14,29,0,0,657,0,567182,756137,6ede00d0-baf4-573f-a0dd-4a503bf7f766,6ede00d0-baf4-573f-a0dd-4a503bf7f766
658,1788858778,1299360,14,29,0,0,658,0,568046,757289,4fa33dcb-5f76-5f76-aea8-330df7ada03e,4fa33dcb-5f76-5f76-aea8-330df7ada03e
659,1788858807,1299360,14,29,0,0,659,0,568910,758440,6ede00d0-baf4-573f-a0dd-4a503bf7f766,6ede00d0-baf4-573f-a0dd-4a503bf7f766
660,1788858836,1299360,14,29,0,0,660,0,569776,759595,4fa33dcb-5f76-5f76-aea8-330df7ada03e,4fa33dcb-5f76-5f76-aea8-330df7ada03e
661,1788858865,1299360,14,29,0,0,661,0,570640,760747,6ede00d0-baf4-573f-a0dd-4a503bf7f766,6ede00d0-baf4-573f-a0dd-4a503bf7f766
662,1788858894,1299360,14,29,0,0,662,0,571504,761899,4fa33dcb-5f76-5f76-aea8-330df7ada03e,4fa33dcb-5f76-5f76-aea8-330df7ada03e
663,1788858922,1299360,14,29,0,0,663,0,572369,763052,6ede00d0-baf4-573f-a0dd-4a503bf7f766,6ede00d0-baf4-573f-a0dd-4a503bf7f766
664,1788858951,1299360,14,29,0,0,664,0,573233,764204,4fa33dcb-5f76-5f76-aea8-330df7ada03e,4fa33dcb-5f76-5f76-aea8-330df7ada03e
665,1788858980,1299360,14,29,0,0,665,0,574100,765360,6ede00d0-baf4-573f-a0dd-4a503bf7f766,6ede00d0-baf4-573f-a0dd-4a503bf7f766
666,1788859009,1299360,14,29,0,0,666,0,574964,766511,4fa33dcb-5f76-5f76-aea8-330df7ada03e,4fa33dcb-5f76-5f76-aea8-330df7ada03e
667,1788859038,1299360,14,29,0,0,667,0,575828,767663,6ede00d0-baf4-573f-a0dd-4a503bf7f766,6ede00d0-baf4-573f-a0dd-4a503bf7f766
668,1788859066,1299360,14,29,0,0,668,0,576692,768814,4fa33dcb-5f76-5f76-aea8-330df7ada03e,4fa33dcb-5f76-5f76-aea8-330df7ada03e
669,1788859095,1299360,14,29,0,0,669,0,577556,769966,6ede00d0-baf4-573f-a0dd-4a503bf7f766,6ede00d0-baf4-573f-a0dd-4a503bf7f766
670,1788859124,1299360,14,29,0,0,670,0,578422,771121,4fa33dcb-5f76-5f76-aea8-330df7ada03e,4fa33dcb-5f76-5f76-aea8-330df7ada03e
671,1788859153,1299360,14,29,0,0,671,0,579286,772274,6ede00d0-baf4-573f-a0dd-4a503bf7f766,6ede00d0-baf4-573f-a0dd-4a503bf7f766
672,1788859182,1299364,14,29,0,0,672,0,580150,773425,4fa33dcb-5f76-5f76-aea8-330df7ada03e,4fa33dcb-5f76-5f76-aea8-330df7ada03e
673,1788859210,1299364,14,29,0,0,673,0,581014,774577,6ede00d0-baf4-573f-a0dd-4a503bf7f766,6ede00d0-baf4-573f-a0dd-4a503bf7f766
674,1788859239,1299364,14,29,0,0,674,0,581879,775730,4fa33dcb-5f76-5f76-aea8-330df7ada03e,4fa33dcb-5f76-5f76-aea8-330df7ada03e
675,1788859268,1299364,14,29,0,0,675,0,582746,776886,6ede00d0-baf4-573f-a0dd-4a503bf7f766,6ede00d0-baf4-573f-a0dd-4a503bf7f766
676,1788859297,1299364,14,29,0,0,676,0,583610,778038,4fa33dcb-5f76-5f76-aea8-330df7ada03e,4fa33dcb-5f76-5f76-aea8-330df7ada03e
677,1788859326,1299364,14,29,0,0,677,0,584474,779190,6ede00d0-baf4-573f-a0dd-4a503bf7f766,6ede00d0-baf4-573f-a0dd-4a503bf7f766
678,1788859355,1299364,14,29,0,0,678,0,585338,780341,4fa33dcb-5f76-5f76-aea8-330df7ada03e,4fa33dcb-5f76-5f76-aea8-330df7ada03e
679,1788859383,1299364,14,29,0,0,679,0,586203,781495,6ede00d0-baf4-573f-a0dd-4a503bf7f766,6ede00d0-baf4-573f-a0dd-4a503bf7f766
680,1788859412,1299364,14,29,0,0,680,0,587070,782650,4fa33dcb-5f76-5f76-aea8-330df7ada03e,4fa33dcb-5f76-5f76-aea8-330df7ada03e
681,1788859441,1299364,14,29,0,0,681,0,587934,783802,6ede00d0-baf4-573f-a0dd-4a503bf7f766,6ede00d0-baf4-573f-a0dd-4a503bf7f766
682,1788859470,1299364,14,29,0,0,682,0,588799,784955,4fa33dcb-5f76-5f76-aea8-330df7ada03e,4fa33dcb-5f76-5f76-aea8-330df7ada03e
683,1788859499,1299364,14,29,0,0,683,0,589663,786107,6ede00d0-baf4-573f-a0dd-4a503bf7f766,6ede00d0-baf4-573f-a0dd-4a503bf7f766
684,1788859527,1299364,14,29,0,0,684,0,590527,787258,4fa33dcb-5f76-5f76-aea8-330df7ada03e,4fa33dcb-5f76-5f76-aea8-330df7ada03e
685,1788859556,1299364,14,29,0,0,685,0,591393,788413,6ede00d0-baf4-573f-a0dd-4a503bf7f766,6ede00d0-baf4-573f-a0dd-4a503bf7f766
686,1788859585,1299364,14,29,0,0,686,0,592257,789565,4fa33dcb-5f76-5f76-aea8-330df7ada03e,4fa33dcb-5f76-5f76-aea8-330df7ada03e
687,1788859614,1299364,14,29,0,0,687,0,593122,790718,6ede00d0-baf4-573f-a0dd-4a503bf7f766,6ede00d0-baf4-573f-a0dd-4a503bf7f766
688,1788859643,1299364,14,29,0,0,688,0,593985,791869,4fa33dcb-5f76-5f76-aea8-330df7ada03e,4fa33dcb-5f76-5f76-aea8-330df7ada03e
689,1788859671,1299368,14,29,0,0,689,0,594849,793021,6ede00d0-baf4-573f-a0dd-4a503bf7f766,6ede00d0-baf4-573f-a0dd-4a503bf7f766
690,1788859700,1299368,14,29,0,0,690,0,595717,794177,4fa33dcb-5f76-5f76-aea8-330df7ada03e,4fa33dcb-5f76-5f76-aea8-330df7ada03e
691,1788859729,1299368,14,29,0,0,691,0,596581,795329,6ede00d0-baf4-573f-a0dd-4a503bf7f766,6ede00d0-baf4-573f-a0dd-4a503bf7f766
692,1788859758,1299368,14,29,0,0,692,0,597445,796481,4fa33dcb-5f76-5f76-aea8-330df7ada03e,4fa33dcb-5f76-5f76-aea8-330df7ada03e
693,1788859787,1299368,14,29,0,0,693,0,598309,797633,6ede00d0-baf4-573f-a0dd-4a503bf7f766,6ede00d0-baf4-573f-a0dd-4a503bf7f766
694,1788859815,1299368,14,29,0,0,694,0,599173,798785,4fa33dcb-5f76-5f76-aea8-330df7ada03e,4fa33dcb-5f76-5f76-aea8-330df7ada03e
695,1788859844,1299368,14,29,0,0,695,0,600039,799940,6ede00d0-baf4-573f-a0dd-4a503bf7f766,6ede00d0-baf4-573f-a0dd-4a503bf7f766
696,1788859873,1299368,14,29,0,0,696,0,600903,801091,4fa33dcb-5f76-5f76-aea8-330df7ada03e,4fa33dcb-5f76-5f76-aea8-330df7ada03e
697,1788859902,1299368,14,29,0,0,697,0,601767,802243,6ede00d0-baf4-573f-a0dd-4a503bf7f766,6ede00d0-baf4-573f-a0dd-4a503bf7f766
698,1788859931,1299368,14,29,0,0,698,0,602630,803395,4fa33dcb-5f76-5f76-aea8-330df7ada03e,4fa33dcb-5f76-5f76-aea8-330df7ada03e
699,1788859959,1299368,14,29,0,0,699,0,603494,804546,6ede00d0-baf4-573f-a0dd-4a503bf7f766,6ede00d0-baf4-573f-a0dd-4a503bf7f766
700,1788859988,1299368,14,29,0,0,700,0,604361,805702,4fa33dcb-5f76-5f76-aea8-330df7ada03e,4fa33dcb-5f76-5f76-aea8-330df7ada03e
701,1788860017,1299368,14,29,0,0,701,0,605225,806853,6ede00d0-baf4-573f-a0dd-4a503bf7f766,6ede00d0-baf4-573f-a0dd-4a503bf7f766
702,1788860046,1299368,14,29,0,0,702,0,606089,808006,4fa33dcb-5f76-5f76-aea8-330df7ada03e,4fa33dcb-5f76-5f76-aea8-330df7ada03e
703,1788860075,1299368,14,29,0,0,703,0,606953,809157,6ede00d0-baf4-573f-a0dd-4a503bf7f766,6ede00d0-baf4-573f-a0dd-4a503bf7f766
704,1788860103,1299368,14,29,0,0,704,0,607817,810308,4fa33dcb-5f76-5f76-aea8-330df7ada03e,4fa33dcb-5f76-5f76-aea8-330df7ada03e
705,1788860132,1299368,14,29,0,0,705,0,608683,811464,6ede00d0-baf4-573f-a0dd-4a503bf7f766,6ede00d0-baf4-573f-a0dd-4a503bf7f766
706,1788860161,1299372,14,29,0,0,706,0,609547,812616,4fa33dcb-5f76-5f76-aea8-330df7ada03e,4fa33dcb-5f76-5f76-aea8-330df7ada03e
707,1788860190,1299372,14,29,0,0,707,0,610412,813768,6ede00d0-baf4-573f-a0dd-4a503bf7f766,6ede00d0-baf4-573f-a0dd-4a503bf7f766
708,1788860219,1299372,14,29,0,0,708,0,611276,814920,4fa33dcb-5f76-5f76-aea8-330df7ada03e,4fa33dcb-5f76-5f76-aea8-330df7ada03e
709,1788860247,1299372,14,29,0,0,709,0,612141,816073,6ede00d0-baf4-573f-a0dd-4a503bf7f766,6ede00d0-baf4-573f-a0dd-4a503bf7f766
710,1788860276,1299372,14,29,0,0,710,0,613007,817228,4fa33dcb-5f76-5f76-aea8-330df7ada03e,4fa33dcb-5f76-5f76-aea8-330df7ada03e
711,1788860305,1299372,14,29,0,0,711,0,613871,818380,6ede00d0-baf4-573f-a0dd-4a503bf7f766,6ede00d0-baf4-573f-a0dd-4a503bf7f766
712,1788860334,1299372,14,29,0,0,712,0,614735,819532,4fa33dcb-5f76-5f76-aea8-330df7ada03e,4fa33dcb-5f76-5f76-aea8-330df7ada03e
713,1788860363,1299372,14,29,0,0,713,0,615599,820684,6ede00d0-baf4-573f-a0dd-4a503bf7f766,6ede00d0-baf4-573f-a0dd-4a503bf7f766
714,1788860391,1299372,14,29,0,0,714,0,616463,821836,4fa33dcb-5f76-5f76-aea8-330df7ada03e,4fa33dcb-5f76-5f76-aea8-330df7ada03e
715,1788860420,1299372,14,29,0,0,715,0,617330,822991,6ede00d0-baf4-573f-a0dd-4a503bf7f766,6ede00d0-baf4-573f-a0dd-4a503bf7f766
716,1788860449,1299372,14,29,0,0,716,0,618194,824143,4fa33dcb-5f76-5f76-aea8-330df7ada03e,4fa33dcb-5f76-5f76-aea8-330df7ada03e
717,1788860478,1299372,14,29,0,0,717,0,619058,825294,6ede00d0-baf4-573f-a0dd-4a503bf7f766,6ede00d0-baf4-573f-a0dd-4a503bf7f766
718,1788860507,1299372,14,29,0,0,718,0,619922,826446,4fa33dcb-5f76-5f76-aea8-330df7ada03e,4fa33dcb-5f76-5f76-aea8-330df7ada03e
719,1788860535,1299372,14,29,0,0,719,0,620786,827598,6ede00d0-baf4-573f-a0dd-4a503bf7f766,6ede00d0-baf4-573f-a0dd-4a503bf7f766
720,1788860564,1299372,14,29,0,0,720,0,621652,828753,4fa33dcb-5f76-5f76-aea8-330df7ada03e,4fa33dcb-5f76-5f76-aea8-330df7ada03e
721,1788860593,1299372,14,29,0,0,721,0,622515,829904,6ede00d0-baf4-573f-a0dd-4a503bf7f766,6ede00d0-baf4-573f-a0dd-4a503bf7f766
722,1788860622,1299372,14,29,0,0,722,0,623380,831057,4fa33dcb-5f76-5f76-aea8-330df7ada03e,4fa33dcb-5f76-5f76-aea8-330df7ada03e
723,1788860651,1299376,14,29,0,0,723,0,624243,832208,6ede00d0-baf4-573f-a0dd-4a503bf7f766,6ede00d0-baf4-573f-a0dd-4a503bf7f766
724,1788860679,1299376,14,29,0,0,724,0,625107,833359,4fa33dcb-5f76-5f76-aea8-330df7ada03e,4fa33dcb-5f76-5f76-aea8-330df7ada03e
725,1788860708,1299376,14,29,0,0,725,0,625974,834515,6ede00d0-baf4-573f-a0dd-4a503bf7f766,6ede00d0-baf4-573f-a0dd-4a503bf7f766
726,1788860737,1299376,14,29,0,0,726,0,626838,835666,4fa33dcb-5f76-5f76-aea8-330df7ada03e,4fa33dcb-5f76-5f76-aea8-330df7ada03e
727,1788860766,1299376,14,29,0,0,727,0,627702,836818,6ede00d0-baf4-573f-a0dd-4a503bf7f766,6ede00d0-baf4-573f-a0dd-4a503bf7f766
728,1788860795,1299376,14,29,0,0,728,0,628566,837969,4fa33dcb-5f76-5f76-aea8-330df7ada03e,4fa33dcb-5f76-5f76-aea8-330df7ada03e
729,1788860823,1299376,14,29,0,0,729,0,629429,839120,6ede00d0-baf4-573f-a0dd-4a503bf7f766,6ede00d0-baf4-573f-a0dd-4a503bf7f766
730,1788860852,1299376,14,29,0,0,730,0,630296,840275,4fa33dcb-5f76-5f76-aea8-330df7ada03e,4fa33dcb-5f76-5f76-aea8-330df7ada03e
731,1788860881,1299376,14,29,0,0,731,0,631159,841427,6ede00d0-baf4-573f-a0dd-4a503bf7f766,6ede00d0-baf4-573f-a0dd-4a503bf7f766
732,1788860910,1299376,14,29,0,0,732,0,632024,842579,4fa33dcb-5f76-5f76-aea8-330df7ada03e,4fa33dcb-5f76-5f76-aea8-330df7ada03e
733,1788860939,1299376,14,29,0,0,733,0,632889,843732,6ede00d0-baf4-573f-a0dd-4a503bf7f766,6ede00d0-baf4-573f-a0dd-4a503bf7f766
734,1788860967,1299376,14,29,0,0,734,0,633753,844884,4fa33dcb-5f76-5f76-aea8-330df7ada03e,4fa33dcb-5f76-5f76-aea8-330df7ada03e
735,1788860996,1299376,14,29,0,0,735,0,634619,846039,6ede00d0-baf4-573f-a0dd-4a503bf7f766,6ede00d0-baf4-573f-a0dd-4a503bf7f766
736,1788861025,1299376,14,29,0,0,736,0,635483,847190,4fa33dcb-5f76-5f76-aea8-330df7ada03e,4fa33dcb-5f76-5f76-aea8-330df7ada03e
737,1788861054,1299376,14,29,0,0,737,0,636347,848342,6ede00d0-baf4-573f-a0dd-4a503bf7f766,6ede00d0-baf4-573f-a0dd-4a503bf7f766
738,1788861083,1299376,14,29,0,0,738,0,637210,849493,4fa33dcb-5f76-5f76-aea8-330df7ada03e,4fa33dcb-5f76-5f76-aea8-330df7ada03e
739,1788861111,1299376,14,29,0,0,739,0,638074,850645,6ede00d0-baf4-573f-a0dd-4a503bf7f766,6ede00d0-baf4-573f-a0dd-4a503bf7f766
740,1788861140,1299380,14,29,0,0,740,0,638941,851800,4fa33dcb-5f76-5f76-aea8-330df7ada03e,4fa33dcb-5f76-5f76-aea8-330df7ada03e
741,1788861169,1299380,14,29,0,0,741,0,639805,852952,6ede00d0-baf4-573f-a0dd-4a503bf7f766,6ede00d0-baf4-573f-a0dd-4a503bf7f766
742,1788861198,1299380,14,29,0,0,742,0,640670,854106,4fa33dcb-5f76-5f76-aea8-330df7ada03e,4fa33dcb-5f76-5f76-aea8-330df7ada03e
743,1788861227,1299420,14,29,0,0,743,0,641534,855257,6ede00d0-baf4-573f-a0dd-4a503bf7f766,6ede00d0-baf4-573f-a0dd-4a503bf7f766
744,1788861255,1299420,14,29,0,0,744,0,642398,856409,4fa33dcb-5f76-5f76-aea8-330df7ada03e,4fa33dcb-5f76-5f76-aea8-330df7ada03e
745,1788861284,1305004,14,29,0,0,745,0,643264,857564,6ede00d0-baf4-573f-a0dd-4a503bf7f766,6ede00d0-baf4-573f-a0dd-4a503bf7f766
746,1788861313,1305004,14,29,0,0,746,0,644128,858715,4fa33dcb-5f76-5f76-aea8-330df7ada03e,4fa33dcb-5f76-5f76-aea8-330df7ada03e
747,1788861342,1305004,14,29,0,0,747,0,644992,859867,6ede00d0-baf4-573f-a0dd-4a503bf7f766,6ede00d0-baf4-573f-a0dd-4a503bf7f766
748,1788861371,1305044,14,29,0,0,748,0,645855,861019,4fa33dcb-5f76-5f76-aea8-330df7ada03e,4fa33dcb-5f76-5f76-aea8-330df7ada03e
749,1788861399,1305044,14,29,0,0,749,0,646719,862170,6ede00d0-baf4-573f-a0dd-4a503bf7f766,6ede00d0-baf4-573f-a0dd-4a503bf7f766
750,1788861428,1310628,14,29,0,0,750,0,647586,863325,4fa33dcb-5f76-5f76-aea8-330df7ada03e,4fa33dcb-5f76-5f76-aea8-330df7ada03e
751,1788861457,1310628,14,29,0,0,751,0,648450,864477,6ede00d0-baf4-573f-a0dd-4a503bf7f766,6ede00d0-baf4-573f-a0dd-4a503bf7f766
752,1788861486,1310628,14,29,0,0,752,0,649314,865631,4fa33dcb-5f76-5f76-aea8-330df7ada03e,4fa33dcb-5f76-5f76-aea8-330df7ada03e
753,1788861515,1310628,14,29,0,0,753,0,650178,866783,6ede00d0-baf4-573f-a0dd-4a503bf7f766,6ede00d0-baf4-573f-a0dd-4a503bf7f766
754,1788861543,1310628,14,29,0,0,754,0,651042,867934,4fa33dcb-5f76-5f76-aea8-330df7ada03e,4fa33dcb-5f76-5f76-aea8-330df7ada03e
755,1788861572,1310628,14,29,0,0,755,0,651909,869090,6ede00d0-baf4-573f-a0dd-4a503bf7f766,6ede00d0-baf4-573f-a0dd-4a503bf7f766
756,1788861601,1310628,14,29,0,0,756,0,652772,870241,4fa33dcb-5f76-5f76-aea8-330df7ada03e,4fa33dcb-5f76-5f76-aea8-330df7ada03e
757,1788861630,1310632,14,29,0,0,757,0,653636,871393,6ede00d0-baf4-573f-a0dd-4a503bf7f766,6ede00d0-baf4-573f-a0dd-4a503bf7f766
758,1788861659,1310632,14,29,0,0,758,0,654500,872545,4fa33dcb-5f76-5f76-aea8-330df7ada03e,4fa33dcb-5f76-5f76-aea8-330df7ada03e
759,1788861687,1310632,14,29,0,0,759,0,655364,873697,6ede00d0-baf4-573f-a0dd-4a503bf7f766,6ede00d0-baf4-573f-a0dd-4a503bf7f766
760,1788861716,1310632,14,29,0,0,760,0,656231,874852,4fa33dcb-5f76-5f76-aea8-330df7ada03e,4fa33dcb-5f76-5f76-aea8-330df7ada03e
761,1788861745,1310632,14,29,0,0,761,0,657094,876004,6ede00d0-baf4-573f-a0dd-4a503bf7f766,6ede00d0-baf4-573f-a0dd-4a503bf7f766
762,1788861774,1310632,14,29,0,0,762,0,657958,877155,4fa33dcb-5f76-5f76-aea8-330df7ada03e,4fa33dcb-5f76-5f76-aea8-330df7ada03e
763,1788861803,1310632,14,29,0,0,763,0,658822,878307,6ede00d0-baf4-573f-a0dd-4a503bf7f766,6ede00d0-baf4-573f-a0dd-4a503bf7f766
764,1788861831,1310632,14,29,0,0,764,0,659686,879458,4fa33dcb-5f76-5f76-aea8-330df7ada03e,4fa33dcb-5f76-5f76-aea8-330df7ada03e
765,1788861860,1310632,14,29,0,0,765,0,660552,880613,6ede00d0-baf4-573f-a0dd-4a503bf7f766,6ede00d0-baf4-573f-a0dd-4a503bf7f766
766,1788861889,1310632,14,29,0,0,766,0,661416,881765,4fa33dcb-5f76-5f76-aea8-330df7ada03e,4fa33dcb-5f76-5f76-aea8-330df7ada03e
767,1788861918,1310632,14,29,0,0,767,0,662280,882917,6ede00d0-baf4-573f-a0dd-4a503bf7f766,6ede00d0-baf4-573f-a0dd-4a503bf7f766
768,1788861947,1310632,14,29,0,0,768,0,663144,884069,4fa33dcb-5f76-5f76-aea8-330df7ada03e,4fa33dcb-5f76-5f76-aea8-330df7ada03e
769,1788861975,1310632,14,29,0,0,769,0,664008,885221,6ede00d0-baf4-573f-a0dd-4a503bf7f766,6ede00d0-baf4-573f-a0dd-4a503bf7f766
770,1788862004,1310632,14,29,0,0,770,0,664874,886376,4fa33dcb-5f76-5f76-aea8-330df7ada03e,4fa33dcb-5f76-5f76-aea8-330df7ada03e
771,1788862033,1310632,14,29,0,0,771,0,665738,887528,6ede00d0-baf4-573f-a0dd-4a503bf7f766,6ede00d0-baf4-573f-a0dd-4a503bf7f766
772,1788862062,1310632,14,29,0,0,772,0,666601,888680,4fa33dcb-5f76-5f76-aea8-330df7ada03e,4fa33dcb-5f76-5f76-aea8-330df7ada03e
773,1788862091,1310632,14,29,0,0,773,0,667466,889833,6ede00d0-baf4-573f-a0dd-4a503bf7f766,6ede00d0-baf4-573f-a0dd-4a503bf7f766
774,1788862119,1310636,14,29,0,0,774,0,668330,890985,4fa33dcb-5f76-5f76-aea8-330df7ada03e,4fa33dcb-5f76-5f76-aea8-330df7ada03e
775,1788862148,1310636,14,29,0,0,775,0,669197,892140,6ede00d0-baf4-573f-a0dd-4a503bf7f766,6ede00d0-baf4-573f-a0dd-4a503bf7f766
776,1788862177,1310636,14,29,0,0,776,0,670060,893291,4fa33dcb-5f76-5f76-aea8-330df7ada03e,4fa33dcb-5f76-5f76-aea8-330df7ada03e
777,1788862206,1310636,14,29,0,0,777,0,670925,894444,6ede00d0-baf4-573f-a0dd-4a503bf7f766,6ede00d0-baf4-573f-a0dd-4a503bf7f766
778,1788862235,1310636,14,29,0,0,778,0,671788,895595,4fa33dcb-5f76-5f76-aea8-330df7ada03e,4fa33dcb-5f76-5f76-aea8-330df7ada03e
779,1788862263,1310636,14,29,0,0,779,0,672652,896747,6ede00d0-baf4-573f-a0dd-4a503bf7f766,6ede00d0-baf4-573f-a0dd-4a503bf7f766
780,1788862292,1310636,14,29,0,0,780,0,673518,897901,4fa33dcb-5f76-5f76-aea8-330df7ada03e,4fa33dcb-5f76-5f76-aea8-330df7ada03e
781,1788862321,1310636,14,29,0,0,781,0,674383,899054,6ede00d0-baf4-573f-a0dd-4a503bf7f766,6ede00d0-baf4-573f-a0dd-4a503bf7f766
782,1788862350,1310636,14,29,0,0,782,0,675246,900205,4fa33dcb-5f76-5f76-aea8-330df7ada03e,4fa33dcb-5f76-5f76-aea8-330df7ada03e
783,1788862379,1310636,14,29,0,0,783,0,676110,901357,6ede00d0-baf4-573f-a0dd-4a503bf7f766,6ede00d0-baf4-573f-a0dd-4a503bf7f766
784,1788862407,1310636,14,29,0,0,784,0,676974,902508,4fa33dcb-5f76-5f76-aea8-330df7ada03e,4fa33dcb-5f76-5f76-aea8-330df7ada03e
785,1788862436,1310636,14,29,0,0,785,0,677841,903664,6ede00d0-baf4-573f-a0dd-4a503bf7f766,6ede00d0-baf4-573f-a0dd-4a503bf7f766
786,1788862465,1310636,14,29,0,0,786,0,678705,904816,4fa33dcb-5f76-5f76-aea8-330df7ada03e,4fa33dcb-5f76-5f76-aea8-330df7ada03e
787,1788862494,1310636,14,29,0,0,787,0,679568,905967,6ede00d0-baf4-573f-a0dd-4a503bf7f766,6ede00d0-baf4-573f-a0dd-4a503bf7f766
788,1788862523,1310636,14,29,0,0,788,0,680433,907119,4fa33dcb-5f76-5f76-aea8-330df7ada03e,4fa33dcb-5f76-5f76-aea8-330df7ada03e
789,1788862551,1310636,14,29,0,0,789,0,681297,908271,6ede00d0-baf4-573f-a0dd-4a503bf7f766,6ede00d0-baf4-573f-a0dd-4a503bf7f766
790,1788862580,1310636,14,29,0,0,790,0,682163,909426,4fa33dcb-5f76-5f76-aea8-330df7ada03e,4fa33dcb-5f76-5f76-aea8-330df7ada03e
791,1788862609,1310640,14,29,0,0,791,0,683027,910577,6ede00d0-baf4-573f-a0dd-4a503bf7f766,6ede00d0-baf4-573f-a0dd-4a503bf7f766
792,1788862638,1310640,14,29,0,0,792,0,683891,911729,4fa33dcb-5f76-5f76-aea8-330df7ada03e,4fa33dcb-5f76-5f76-aea8-330df7ada03e
793,1788862667,1310640,14,29,0,0,793,0,684755,912881,6ede00d0-baf4-573f-a0dd-4a503bf7f766,6ede00d0-baf4-573f-a0dd-4a503bf7f766
794,1788862695,1310640,14,29,0,0,794,0,685619,914032,4fa33dcb-5f76-5f76-aea8-330df7ada03e,4fa33dcb-5f76-5f76-aea8-330df7ada03e
795,1788862724,1310640,14,29,0,0,795,0,686486,915188,6ede00d0-baf4-573f-a0dd-4a503bf7f766,6ede00d0-baf4-573f-a0dd-4a503bf7f766
796,1788862753,1310640,14,29,0,0,796,0,687350,916340,4fa33dcb-5f76-5f76-aea8-330df7ada03e,4fa33dcb-5f76-5f76-aea8-330df7ada03e
797,1788862782,1310640,14,29,0,0,797,0,688213,917491,6ede00d0-baf4-573f-a0dd-4a503bf7f766,6ede00d0-baf4-573f-a0dd-4a503bf7f766
798,1788862811,1310640,14,29,0,0,798,0,689077,918643,4fa33dcb-5f76-5f76-aea8-330df7ada03e,4fa33dcb-5f76-5f76-aea8-330df7ada03e
799,1788862839,1310640,14,29,0,0,799,0,689941,919795,6ede00d0-baf4-573f-a0dd-4a503bf7f766,6ede00d0-baf4-573f-a0dd-4a503bf7f766
800,1788862868,1310640,14,29,0,0,800,0,690808,920950,4fa33dcb-5f76-5f76-aea8-330df7ada03e,4fa33dcb-5f76-5f76-aea8-330df7ada03e
801,1788862897,1310640,14,29,0,0,801,0,691671,922101,6ede00d0-baf4-573f-a0dd-4a503bf7f766,6ede00d0-baf4-573f-a0dd-4a503bf7f766
802,1788862926,1310640,14,29,0,0,802,0,692535,923253,4fa33dcb-5f76-5f76-aea8-330df7ada03e,4fa33dcb-5f76-5f76-aea8-330df7ada03e
803,1788862955,1310640,14,29,0,0,803,0,693399,924404,6ede00d0-baf4-573f-a0dd-4a503bf7f766,6ede00d0-baf4-573f-a0dd-4a503bf7f766
804,1788862983,1310640,14,29,0,0,804,0,694263,925556,4fa33dcb-5f76-5f76-aea8-330df7ada03e,4fa33dcb-5f76-5f76-aea8-330df7ada03e
805,1788863012,1310640,14,29,0,0,805,0,695128,926711,6ede00d0-baf4-573f-a0dd-4a503bf7f766,6ede00d0-baf4-573f-a0dd-4a503bf7f766
806,1788863041,1310640,14,29,0,0,806,0,695992,927863,4fa33dcb-5f76-5f76-aea8-330df7ada03e,4fa33dcb-5f76-5f76-aea8-330df7ada03e
807,1788863070,1310640,14,29,0,0,807,0,696856,929015,6ede00d0-baf4-573f-a0dd-4a503bf7f766,6ede00d0-baf4-573f-a0dd-4a503bf7f766
808,1788863099,1310644,14,29,0,0,808,0,697720,930166,4fa33dcb-5f76-5f76-aea8-330df7ada03e,4fa33dcb-5f76-5f76-aea8-330df7ada03e
809,1788863127,1310644,14,29,0,0,809,0,698584,931318,6ede00d0-baf4-573f-a0dd-4a503bf7f766,6ede00d0-baf4-573f-a0dd-4a503bf7f766
810,1788863156,1310644,14,29,0,0,810,0,699451,932473,4fa33dcb-5f76-5f76-aea8-330df7ada03e,4fa33dcb-5f76-5f76-aea8-330df7ada03e
811,1788863185,1310644,14,29,0,0,811,0,700314,933625,6ede00d0-baf4-573f-a0dd-4a503bf7f766,6ede00d0-baf4-573f-a0dd-4a503bf7f766
812,1788863214,1310644,14,29,0,0,812,0,701178,934776,4fa33dcb-5f76-5f76-aea8-330df7ada03e,4fa33dcb-5f76-5f76-aea8-330df7ada03e
813,1788863243,1310644,14,29,0,0,813,0,702042,935928,6ede00d0-baf4-573f-a0dd-4a503bf7f766,6ede00d0-baf4-573f-a0dd-4a503bf7f766
814,1788863271,1310644,14,29,0,0,814,0,702906,937080,4fa33dcb-5f76-5f76-aea8-330df7ada03e,4fa33dcb-5f76-5f76-aea8-330df7ada03e
815,1788863300,1310644,14,29,0,0,815,0,703773,938236,6ede00d0-baf4-573f-a0dd-4a503bf7f766,6ede00d0-baf4-573f-a0dd-4a503bf7f766
816,1788863329,1310644,14,29,0,0,816,0,704637,939387,4fa33dcb-5f76-5f76-aea8-330df7ada03e,4fa33dcb-5f76-5f76-aea8-330df7ada03e
817,1788863358,1310644,14,29,0,0,817,0,705501,940539,6ede00d0-baf4-573f-a0dd-4a503bf7f766,6ede00d0-baf4-573f-a0dd-4a503bf7f766
818,1788863387,1310644,14,29,0,0,818,0,706364,941690,4fa33dcb-5f76-5f76-aea8-330df7ada03e,4fa33dcb-5f76-5f76-aea8-330df7ada03e
819,1788863415,1310644,14,29,0,0,819,0,707228,942842,6ede00d0-baf4-573f-a0dd-4a503bf7f766,6ede00d0-baf4-573f-a0dd-4a503bf7f766
820,1788863444,1310644,14,29,0,0,820,0,708095,943997,4fa33dcb-5f76-5f76-aea8-330df7ada03e,4fa33dcb-5f76-5f76-aea8-330df7ada03e
821,1788863473,1310644,14,29,0,0,821,0,708959,945149,6ede00d0-baf4-573f-a0dd-4a503bf7f766,6ede00d0-baf4-573f-a0dd-4a503bf7f766
822,1788863502,1310644,14,29,0,0,822,0,709823,946302,4fa33dcb-5f76-5f76-aea8-330df7ada03e,4fa33dcb-5f76-5f76-aea8-330df7ada03e
823,1788863531,1310644,14,29,0,0,823,0,710687,947454,6ede00d0-baf4-573f-a0dd-4a503bf7f766,6ede00d0-baf4-573f-a0dd-4a503bf7f766
824,1788863559,1310644,14,29,0,0,824,0,711551,948606,4fa33dcb-5f76-5f76-aea8-330df7ada03e,4fa33dcb-5f76-5f76-aea8-330df7ada03e
825,1788863588,1310648,14,29,0,0,825,0,712418,949762,6ede00d0-baf4-573f-a0dd-4a503bf7f766,6ede00d0-baf4-573f-a0dd-4a503bf7f766
826,1788863617,1310648,14,29,0,0,826,0,713282,950913,4fa33dcb-5f76-5f76-aea8-330df7ada03e,4fa33dcb-5f76-5f76-aea8-330df7ada03e
827,1788863646,1310648,14,29,0,0,827,0,714145,952065,6ede00d0-baf4-573f-a0dd-4a503bf7f766,6ede00d0-baf4-573f-a0dd-4a503bf7f766
828,1788863675,1310648,14,29,0,0,828,0,715010,953217,4fa33dcb-5f76-5f76-aea8-330df7ada03e,4fa33dcb-5f76-5f76-aea8-330df7ada03e
829,1788863703,1310648,14,29,0,0,829,0,715873,954368,6ede00d0-baf4-573f-a0dd-4a503bf7f766,6ede00d0-baf4-573f-a0dd-4a503bf7f766
830,1788863732,1310648,14,29,0,0,830,0,716740,955523,4fa33dcb-5f76-5f76-aea8-330df7ada03e,4fa33dcb-5f76-5f76-aea8-330df7ada03e
831,1788863761,1310648,14,29,0,0,831,0,717604,956675,6ede00d0-baf4-573f-a0dd-4a503bf7f766,6ede00d0-baf4-573f-a0dd-4a503bf7f766
832,1788863790,1310648,14,29,0,0,832,0,718468,957827,4fa33dcb-5f76-5f76-aea8-330df7ada03e,4fa33dcb-5f76-5f76-aea8-330df7ada03e
833,1788863819,1310648,14,29,0,0,833,0,719332,958979,6ede00d0-baf4-573f-a0dd-4a503bf7f766,6ede00d0-baf4-573f-a0dd-4a503bf7f766
834,1788863847,1310648,14,29,0,0,834,0,720195,960130,4fa33dcb-5f76-5f76-aea8-330df7ada03e,4fa33dcb-5f76-5f76-aea8-330df7ada03e
835,1788863876,1310648,14,29,0,0,835,0,721062,961285,6ede00d0-baf4-573f-a0dd-4a503bf7f766,6ede00d0-baf4-573f-a0dd-4a503bf7f766
836,1788863905,1310648,14,29,0,0,836,0,721926,962437,4fa33dcb-5f76-5f76-aea8-330df7ada03e,4fa33dcb-5f76-5f76-aea8-330df7ada03e
837,1788863934,1310648,14,29,0,0,837,0,722790,963589,6ede00d0-baf4-573f-a0dd-4a503bf7f766,6ede00d0-baf4-573f-a0dd-4a503bf7f766
838,1788863963,1310648,14,29,0,0,838,0,723653,964740,4fa33dcb-5f76-5f76-aea8-330df7ada03e,4fa33dcb-5f76-5f76-aea8-330df7ada03e
839,1788863991,1310648,14,29,0,0,839,0,724517,965892,6ede00d0-baf4-573f-a0dd-4a503bf7f766,6ede00d0-baf4-573f-a0dd-4a503bf7f766
840,1788864020,1310648,14,29,0,0,840,0,725384,967048,4fa33dcb-5f76-5f76-aea8-330df7ada03e,4fa33dcb-5f76-5f76-aea8-330df7ada03e
841,1788864049,1310648,14,29,0,0,841,0,726248,968200,6ede00d0-baf4-573f-a0dd-4a503bf7f766,6ede00d0-baf4-573f-a0dd-4a503bf7f766
842,1788864078,1310652,14,29,0,0,842,0,727112,969351,4fa33dcb-5f76-5f76-aea8-330df7ada03e,4fa33dcb-5f76-5f76-aea8-330df7ada03e
843,1788864107,1310652,14,29,0,0,843,0,727977,970504,6ede00d0-baf4-573f-a0dd-4a503bf7f766,6ede00d0-baf4-573f-a0dd-4a503bf7f766
844,1788864135,1310652,14,29,0,0,844,0,728840,971655,4fa33dcb-5f76-5f76-aea8-330df7ada03e,4fa33dcb-5f76-5f76-aea8-330df7ada03e
845,1788864164,1310652,14,29,0,0,845,0,729708,972812,6ede00d0-baf4-573f-a0dd-4a503bf7f766,6ede00d0-baf4-573f-a0dd-4a503bf7f766
846,1788864193,1310652,14,29,0,0,846,0,730572,973963,4fa33dcb-5f76-5f76-aea8-330df7ada03e,4fa33dcb-5f76-5f76-aea8-330df7ada03e
847,1788864222,1310652,14,29,0,0,847,0,731436,975114,6ede00d0-baf4-573f-a0dd-4a503bf7f766,6ede00d0-baf4-573f-a0dd-4a503bf7f766
848,1788864251,1310652,14,29,0,0,848,0,732300,976266,4fa33dcb-5f76-5f76-aea8-330df7ada03e,4fa33dcb-5f76-5f76-aea8-330df7ada03e
849,1788864279,1310652,14,29,0,0,849,0,733164,977418,6ede00d0-baf4-573f-a0dd-4a503bf7f766,6ede00d0-baf4-573f-a0dd-4a503bf7f766
850,1788864308,1310652,14,29,0,0,850,0,734031,978574,4fa33dcb-5f76-5f76-aea8-330df7ada03e,4fa33dcb-5f76-5f76-aea8-330df7ada03e
851,1788864337,1310652,14,29,0,0,851,0,734895,979726,6ede00d0-baf4-573f-a0dd-4a503bf7f766,6ede00d0-baf4-573f-a0dd-4a503bf7f766
852,1788864366,1310652,14,29,0,0,852,0,735759,980877,4fa33dcb-5f76-5f76-aea8-330df7ada03e,4fa33dcb-5f76-5f76-aea8-330df7ada03e
853,1788864395,1310652,14,29,0,0,853,0,736623,982029,6ede00d0-baf4-573f-a0dd-4a503bf7f766,6ede00d0-baf4-573f-a0dd-4a503bf7f766
854,1788864423,1310652,14,29,0,0,854,0,737486,983181,4fa33dcb-5f76-5f76-aea8-330df7ada03e,4fa33dcb-5f76-5f76-aea8-330df7ada03e
855,1788864452,1310652,14,29,0,0,855,0,738353,984336,6ede00d0-baf4-573f-a0dd-4a503bf7f766,6ede00d0-baf4-573f-a0dd-4a503bf7f766
856,1788864481,1310652,14,29,0,0,856,0,739217,985488,4fa33dcb-5f76-5f76-aea8-330df7ada03e,4fa33dcb-5f76-5f76-aea8-330df7ada03e
857,1788864510,1310652,14,29,0,0,857,0,740081,986639,6ede00d0-baf4-573f-a0dd-4a503bf7f766,6ede00d0-baf4-573f-a0dd-4a503bf7f766
858,1788864539,1310652,14,29,0,0,858,0,740945,987791,4fa33dcb-5f76-5f76-aea8-330df7ada03e,4fa33dcb-5f76-5f76-aea8-330df7ada03e
859,1788864567,1310656,14,29,0,0,859,0,741809,988943,6ede00d0-baf4-573f-a0dd-4a503bf7f766,6ede00d0-baf4-573f-a0dd-4a503bf7f766
860,1788864596,1310656,14,29,0,0,860,0,742675,990098,4fa33dcb-5f76-5f76-aea8-330df7ada03e,4fa33dcb-5f76-5f76-aea8-330df7ada03e
861,1788864625,1310656,14,29,0,0,861,0,743539,991249,6ede00d0-baf4-573f-a0dd-4a503bf7f766,6ede00d0-baf4-573f-a0dd-4a503bf7f766
862,1788864654,1310656,14,29,0,0,862,0,744403,992401,4fa33dcb-5f76-5f76-aea8-330df7ada03e,4fa33dcb-5f76-5f76-aea8-330df7ada03e
863,1788864683,1310656,14,29,0,0,863,0,745267,993553,6ede00d0-baf4-573f-a0dd-4a503bf7f766,6ede00d0-baf4-573f-a0dd-4a503bf7f766
864,1788864711,1310656,14,29,0,0,864,0,746130,994704,4fa33dcb-5f76-5f76-aea8-330df7ada03e,4fa33dcb-5f76-5f76-aea8-330df7ada03e
865,1788864740,1310656,14,29,0,0,865,0,746996,995859,6ede00d0-baf4-573f-a0dd-4a503bf7f766,6ede00d0-baf4-573f-a0dd-4a503bf7f766
866,1788864769,1310656,14,29,0,0,866,0,747861,997011,4fa33dcb-5f76-5f76-aea8-330df7ada03e,4fa33dcb-5f76-5f76-aea8-330df7ada03e
867,1788864798,1310656,14,29,0,0,867,0,748725,998163,6ede00d0-baf4-573f-a0dd-4a503bf7f766,6ede00d0-baf4-573f-a0dd-4a503bf7f766
868,1788864827,1310656,14,29,0,0,868,0,749588,999314,4fa33dcb-5f76-5f76-aea8-330df7ada03e,4fa33dcb-5f76-5f76-aea8-330df7ada03e
869,1788864855,1310656,14,29,0,0,869,0,750452,1000466,6ede00d0-baf4-573f-a0dd-4a503bf7f766,6ede00d0-baf4-573f-a0dd-4a503bf7f766
870,1788864884,1310656,14,29,0,0,870,0,751319,1001622,4fa33dcb-5f76-5f76-aea8-330df7ada03e,4fa33dcb-5f76-5f76-aea8-330df7ada03e
871,1788864913,1310656,14,29,0,0,871,0,752183,1002773,6ede00d0-baf4-573f-a0dd-4a503bf7f766,6ede00d0-baf4-573f-a0dd-4a503bf7f766
872,1788864942,1310656,14,29,0,0,872,0,753047,1003925,4fa33dcb-5f76-5f76-aea8-330df7ada03e,4fa33dcb-5f76-5f76-aea8-330df7ada03e
873,1788864971,1310656,14,29,0,0,873,0,753910,1005076,6ede00d0-baf4-573f-a0dd-4a503bf7f766,6ede00d0-baf4-573f-a0dd-4a503bf7f766
874,1788864999,1310656,14,29,0,0,874,0,754774,1006228,4fa33dcb-5f76-5f76-aea8-330df7ada03e,4fa33dcb-5f76-5f76-aea8-330df7ada03e
875,1788865028,1310656,14,29,0,0,875,0,755641,1007383,6ede00d0-baf4-573f-a0dd-4a503bf7f766,6ede00d0-baf4-573f-a0dd-4a503bf7f766
876,1788865057,1310660,14,29,0,0,876,0,756505,1008535,4fa33dcb-5f76-5f76-aea8-330df7ada03e,4fa33dcb-5f76-5f76-aea8-330df7ada03e
877,1788865086,1310660,14,29,0,0,877,0,757369,1009687,6ede00d0-baf4-573f-a0dd-4a503bf7f766,6ede00d0-baf4-573f-a0dd-4a503bf7f766
878,1788865115,1310660,14,29,0,0,878,0,758233,1010838,4fa33dcb-5f76-5f76-aea8-330df7ada03e,4fa33dcb-5f76-5f76-aea8-330df7ada03e
879,1788865143,1310660,14,29,0,0,879,0,759097,1011990,6ede00d0-baf4-573f-a0dd-4a503bf7f766,6ede00d0-baf4-573f-a0dd-4a503bf7f766
880,1788865172,1310660,14,29,0,0,880,0,759964,1013146,4fa33dcb-5f76-5f76-aea8-330df7ada03e,4fa33dcb-5f76-5f76-aea8-330df7ada03e
881,1788865201,1310660,14,29,0,0,881,0,760828,1014298,6ede00d0-baf4-573f-a0dd-4a503bf7f766,6ede00d0-baf4-573f-a0dd-4a503bf7f766
882,1788865230,1310660,14,29,0,0,882,0,761692,1015449,4fa33dcb-5f76-5f76-aea8-330df7ada03e,4fa33dcb-5f76-5f76-aea8-330df7ada03e
883,1788865259,1310660,14,29,0,0,883,0,762556,1016601,6ede00d0-baf4-573f-a0dd-4a503bf7f766,6ede00d0-baf4-573f-a0dd-4a503bf7f766
884,1788865287,1310660,14,29,0,0,884,0,763419,1017752,4fa33dcb-5f76-5f76-aea8-330df7ada03e,4fa33dcb-5f76-5f76-aea8-330df7ada03e
885,1788865316,1310660,14,29,0,0,885,0,764286,1018908,6ede00d0-baf4-573f-a0dd-4a503bf7f766,6ede00d0-baf4-573f-a0dd-4a503bf7f766
886,1788865345,1310660,14,29,0,0,886,0,765150,1020059,4fa33dcb-5f76-5f76-aea8-330df7ada03e,4fa33dcb-5f76-5f76-aea8-330df7ada03e
887,1788865374,1310660,14,29,0,0,887,0,766015,1021213,6ede00d0-baf4-573f-a0dd-4a503bf7f766,6ede00d0-baf4-573f-a0dd-4a503bf7f766
888,1788865403,1310660,14,29,0,0,888,0,766880,1022365,4fa33dcb-5f76-5f76-aea8-330df7ada03e,4fa33dcb-5f76-5f76-aea8-330df7ada03e
889,1788865431,1310660,14,29,0,0,889,0,767744,1023517,6ede00d0-baf4-573f-a0dd-4a503bf7f766,6ede00d0-baf4-573f-a0dd-4a503bf7f766
890,1788865460,1310660,14,29,0,0,890,0,768610,1024672,4fa33dcb-5f76-5f76-aea8-330df7ada03e,4fa33dcb-5f76-5f76-aea8-330df7ada03e
891,1788865489,1310660,14,29,0,0,891,0,769474,1025823,6ede00d0-baf4-573f-a0dd-4a503bf7f766,6ede00d0-baf4-573f-a0dd-4a503bf7f766
892,1788865518,1310660,14,29,0,0,892,0,770338,1026975,4fa33dcb-5f76-5f76-aea8-330df7ada03e,4fa33dcb-5f76-5f76-aea8-330df7ada03e
893,1788865547,1310664,14,29,0,0,893,0,771201,1028127,6ede00d0-baf4-573f-a0dd-4a503bf7f766,6ede00d0-baf4-573f-a0dd-4a503bf7f766
894,1788865575,1310664,14,29,0,0,894,0,772065,1029278,4fa33dcb-5f76-5f76-aea8-330df7ada03e,4fa33dcb-5f76-5f76-aea8-330df7ada03e
895,1788865604,1310664,14,29,0,0,895,0,772932,1030434,6ede00d0-baf4-573f-a0dd-4a503bf7f766,6ede00d0-baf4-573f-a0dd-4a503bf7f766
896,1788865633,1310664,14,29,0,0,896,0,773796,1031586,4fa33dcb-5f76-5f76-aea8-330df7ada03e,4fa33dcb-5f76-5f76-aea8-330df7ada03e
897,1788865662,1310832,14,29,0,0,897,0,774660,1032737,6ede00d0-baf4-573f-a0dd-4a503bf7f766,6ede00d0-baf4-573f-a0dd-4a503bf7f766
898,1788865691,1310832,14,29,0,0,898,0,775524,1033889,4fa33dcb-5f76-5f76-aea8-330df7ada03e,4fa33dcb-5f76-5f76-aea8-330df7ada03e
899,1788865719,1310832,14,29,0,0,899,0,776388,1035041,6ede00d0-baf4-573f-a0dd-4a503bf7f766,6ede00d0-baf4-573f-a0dd-4a503bf7f766
900,1788865748,1310832,14,29,0,0,900,0,777254,1036196,4fa33dcb-5f76-5f76-aea8-330df7ada03e,4fa33dcb-5f76-5f76-aea8-330df7ada03e
901,1788865777,1310832,14,29,0,0,901,0,778119,1037349,6ede00d0-baf4-573f-a0dd-4a503bf7f766,6ede00d0-baf4-573f-a0dd-4a503bf7f766
902,1788865806,1310832,14,29,0,0,902,0,778983,1038500,4fa33dcb-5f76-5f76-aea8-330df7ada03e,4fa33dcb-5f76-5f76-aea8-330df7ada03e
903,1788865835,1310832,14,29,0,0,903,0,779847,1039652,6ede00d0-baf4-573f-a0dd-4a503bf7f766,6ede00d0-baf4-573f-a0dd-4a503bf7f766
904,1788865863,1310832,14,29,0,0,904,0,780711,1040804,4fa33dcb-5f76-5f76-aea8-330df7ada03e,4fa33dcb-5f76-5f76-aea8-330df7ada03e
905,1788865892,1310832,14,29,0,0,905,0,781578,1041959,6ede00d0-baf4-573f-a0dd-4a503bf7f766,6ede00d0-baf4-573f-a0dd-4a503bf7f766
906,1788865921,1310832,14,29,0,0,906,0,782441,1043111,4fa33dcb-5f76-5f76-aea8-330df7ada03e,4fa33dcb-5f76-5f76-aea8-330df7ada03e
907,1788865950,1310832,14,29,0,0,907,0,783305,1044263,6ede00d0-baf4-573f-a0dd-4a503bf7f766,6ede00d0-baf4-573f-a0dd-4a503bf7f766
908,1788865979,1310832,14,29,0,0,908,0,784169,1045414,4fa33dcb-5f76-5f76-aea8-330df7ada03e,4fa33dcb-5f76-5f76-aea8-330df7ada03e
909,1788866007,1310832,14,29,0,0,909,0,785033,1046566,6ede00d0-baf4-573f-a0dd-4a503bf7f766,6ede00d0-baf4-573f-a0dd-4a503bf7f766
910,1788866036,1310832,14,29,0,0,910,0,785900,1047722,4fa33dcb-5f76-5f76-aea8-330df7ada03e,4fa33dcb-5f76-5f76-aea8-330df7ada03e
911,1788866065,1310832,14,29,0,0,911,0,786764,1048873,6ede00d0-baf4-573f-a0dd-4a503bf7f766,6ede00d0-baf4-573f-a0dd-4a503bf7f766
912,1788866094,1310832,14,29,0,0,912,0,787628,1050025,4fa33dcb-5f76-5f76-aea8-330df7ada03e,4fa33dcb-5f76-5f76-aea8-330df7ada03e
913,1788866123,1310832,14,29,0,0,913,0,788492,1051177,6ede00d0-baf4-573f-a0dd-4a503bf7f766,6ede00d0-baf4-573f-a0dd-4a503bf7f766
914,1788866151,1310832,14,29,0,0,914,0,789355,1052328,4fa33dcb-5f76-5f76-aea8-330df7ada03e,4fa33dcb-5f76-5f76-aea8-330df7ada03e
915,1788866180,1310832,14,29,0,0,915,0,790222,1053483,6ede00d0-baf4-573f-a0dd-4a503bf7f766,6ede00d0-baf4-573f-a0dd-4a503bf7f766
916,1788866209,1310832,14,29,0,0,916,0,791086,1054635,4fa33dcb-5f76-5f76-aea8-330df7ada03e,4fa33dcb-5f76-5f76-aea8-330df7ada03e
917,1788866238,1310832,14,29,0,0,917,0,791949,1055787,6ede00d0-baf4-573f-a0dd-4a503bf7f766,6ede00d0-baf4-573f-a0dd-4a503bf7f766
918,1788866267,1310832,14,29,0,0,918,0,792813,1056938,4fa33dcb-5f76-5f76-aea8-330df7ada03e,4fa33dcb-5f76-5f76-aea8-330df7ada03e
919,1788866295,1310832,14,29,0,0,919,0,793677,1058090,6ede00d0-baf4-573f-a0dd-4a503bf7f766,6ede00d0-baf4-573f-a0dd-4a503bf7f766
920,1788866324,1310832,14,29,0,0,920,0,794544,1059245,4fa33dcb-5f76-5f76-aea8-330df7ada03e,4fa33dcb-5f76-5f76-aea8-330df7ada03e
921,1788866353,1310832,14,29,0,0,921,0,795408,1060397,6ede00d0-baf4-573f-a0dd-4a503bf7f766,6ede00d0-baf4-573f-a0dd-4a503bf7f766
922,1788866382,1310832,14,29,0,0,922,0,796271,1061548,4fa33dcb-5f76-5f76-aea8-330df7ada03e,4fa33dcb-5f76-5f76-aea8-330df7ada03e
923,1788866411,1310832,14,29,0,0,923,0,797135,1062700,6ede00d0-baf4-573f-a0dd-4a503bf7f766,6ede00d0-baf4-573f-a0dd-4a503bf7f766
924,1788866439,1310832,14,29,0,0,924,0,797999,1063852,4fa33dcb-5f76-5f76-aea8-330df7ada03e,4fa33dcb-5f76-5f76-aea8-330df7ada03e
925,1788866468,1310832,14,29,0,0,925,0,798866,1065007,6ede00d0-baf4-573f-a0dd-4a503bf7f766,6ede00d0-baf4-573f-a0dd-4a503bf7f766
926,1788866497,1310832,14,29,0,0,926,0,799729,1066158,4fa33dcb-5f76-5f76-aea8-330df7ada03e,4fa33dcb-5f76-5f76-aea8-330df7ada03e
927,1788866526,1310832,14,29,0,0,927,0,800594,1067311,6ede00d0-baf4-573f-a0dd-4a503bf7f766,6ede00d0-baf4-573f-a0dd-4a503bf7f766
928,1788866555,1310832,14,29,0,0,928,0,801458,1068463,4fa33dcb-5f76-5f76-aea8-330df7ada03e,4fa33dcb-5f76-5f76-aea8-330df7ada03e
929,1788866583,1310832,14,29,0,0,929,0,802322,1069615,6ede00d0-baf4-573f-a0dd-4a503bf7f766,6ede00d0-baf4-573f-a0dd-4a503bf7f766
930,1788866612,1310832,14,29,0,0,930,0,803188,1070769,4fa33dcb-5f76-5f76-aea8-330df7ada03e,4fa33dcb-5f76-5f76-aea8-330df7ada03e
931,1788866641,1310832,14,29,0,0,931,0,804051,1071920,6ede00d0-baf4-573f-a0dd-4a503bf7f766,6ede00d0-baf4-573f-a0dd-4a503bf7f766
932,1788866670,1310832,14,29,0,0,932,0,804915,1073072,4fa33dcb-5f76-5f76-aea8-330df7ada03e,4fa33dcb-5f76-5f76-aea8-330df7ada03e
933,1788866699,1310832,14,29,0,0,933,0,805779,1074224,6ede00d0-baf4-573f-a0dd-4a503bf7f766,6ede00d0-baf4-573f-a0dd-4a503bf7f766
934,1788866727,1310832,14,29,0,0,934,0,806643,1075376,4fa33dcb-5f76-5f76-aea8-330df7ada03e,4fa33dcb-5f76-5f76-aea8-330df7ada03e
935,1788866756,1310832,14,29,0,0,935,0,807510,1076531,6ede00d0-baf4-573f-a0dd-4a503bf7f766,6ede00d0-baf4-573f-a0dd-4a503bf7f766
936,1788866785,1310832,14,29,0,0,936,0,808374,1077683,4fa33dcb-5f76-5f76-aea8-330df7ada03e,4fa33dcb-5f76-5f76-aea8-330df7ada03e
937,1788866814,1310832,14,29,0,0,937,0,809238,1078834,6ede00d0-baf4-573f-a0dd-4a503bf7f766,6ede00d0-baf4-573f-a0dd-4a503bf7f766
938,1788866843,1310832,14,29,0,0,938,0,810101,1079985,4fa33dcb-5f76-5f76-aea8-330df7ada03e,4fa33dcb-5f76-5f76-aea8-330df7ada03e
939,1788866871,1310832,14,29,0,0,939,0,810965,1081137,6ede00d0-baf4-573f-a0dd-4a503bf7f766,6ede00d0-baf4-573f-a0dd-4a503bf7f766
940,1788866900,1310832,14,29,0,0,940,0,811835,1082298,4fa33dcb-5f76-5f76-aea8-330df7ada03e,4fa33dcb-5f76-5f76-aea8-330df7ada03e
941,1788866929,1310832,14,29,0,0,941,0,812700,1083450,6ede00d0-baf4-573f-a0dd-4a503bf7f766,6ede00d0-baf4-573f-a0dd-4a503bf7f766
942,1788866958,1310832,14,29,0,0,942,0,813564,1084602,4fa33dcb-5f76-5f76-aea8-330df7ada03e,4fa33dcb-5f76-5f76-aea8-330df7ada03e
943,1788866987,1310832,14,29,0,0,943,0,814428,1085754,6ede00d0-baf4-573f-a0dd-4a503bf7f766,6ede00d0-baf4-573f-a0dd-4a503bf7f766
944,1788867015,1310832,14,29,0,0,944,0,815292,1086905,4fa33dcb-5f76-5f76-aea8-330df7ada03e,4fa33dcb-5f76-5f76-aea8-330df7ada03e
945,1788867044,1310832,14,29,0,0,945,0,816160,1088063,6ede00d0-baf4-573f-a0dd-4a503bf7f766,6ede00d0-baf4-573f-a0dd-4a503bf7f766
946,1788867073,1310832,14,29,0,0,946,0,817024,1089214,4fa33dcb-5f76-5f76-aea8-330df7ada03e,4fa33dcb-5f76-5f76-aea8-330df7ada03e
947,1788867102,1310832,14,29,0,0,947,0,817887,1090365,6ede00d0-baf4-573f-a0dd-4a503bf7f766,6ede00d0-baf4-573f-a0dd-4a503bf7f766
948,1788867131,1310832,14,29,0,0,948,0,818752,1091518,4fa33dcb-5f76-5f76-aea8-330df7ada03e,4fa33dcb-5f76-5f76-aea8-330df7ada03e
949,1788867159,1310832,14,29,0,0,949,0,819615,1092669,6ede00d0-baf4-573f-a0dd-4a503bf7f766,6ede00d0-baf4-573f-a0dd-4a503bf7f766
950,1788867188,1310832,14,29,0,0,950,0,820481,1093824,4fa33dcb-5f76-5f76-aea8-330df7ada03e,4fa33dcb-5f76-5f76-aea8-330df7ada03e
951,1788867217,1310832,14,29,0,0,951,0,821345,1094976,6ede00d0-baf4-573f-a0dd-4a503bf7f766,6ede00d0-baf4-573f-a0dd-4a503bf7f766
952,1788867246,1310832,14,29,0,0,952,0,822209,1096127,4fa33dcb-5f76-5f76-aea8-330df7ada03e,4fa33dcb-5f76-5f76-aea8-330df7ada03e
953,1788867275,1310832,14,29,0,0,953,0,823073,1097279,6ede00d0-baf4-573f-a0dd-4a503bf7f766,6ede00d0-baf4-573f-a0dd-4a503bf7f766
954,1788867303,1310832,14,29,0,0,954,0,823937,1098430,4fa33dcb-5f76-5f76-aea8-330df7ada03e,4fa33dcb-5f76-5f76-aea8-330df7ada03e
955,1788867332,1310832,14,29,0,0,955,0,824803,1099585,6ede00d0-baf4-573f-a0dd-4a503bf7f766,6ede00d0-baf4-573f-a0dd-4a503bf7f766
956,1788867361,1310832,14,29,0,0,956,0,825667,1100737,4fa33dcb-5f76-5f76-aea8-330df7ada03e,4fa33dcb-5f76-5f76-aea8-330df7ada03e
957,1788867390,1310832,14,29,0,0,957,0,826531,1101889,6ede00d0-baf4-573f-a0dd-4a503bf7f766,6ede00d0-baf4-573f-a0dd-4a503bf7f766
958,1788867419,1310832,14,29,0,0,958,0,827395,1103041,4fa33dcb-5f76-5f76-aea8-330df7ada03e,4fa33dcb-5f76-5f76-aea8-330df7ada03e
959,1788867447,1310832,14,29,0,0,959,0,828259,1104192,6ede00d0-baf4-573f-a0dd-4a503bf7f766,6ede00d0-baf4-573f-a0dd-4a503bf7f766
960,1788867476,1310832,14,29,0,0,960,0,829125,1105347,4fa33dcb-5f76-5f76-aea8-330df7ada03e,4fa33dcb-5f76-5f76-aea8-330df7ada03e
