cycle,ts,rss_kb,fd,threads,dropped,clock_lost,sw_epoch,tl_epoch,frames_v,frames_a,observed,target
1,1788743614,1093904,14,31,0,0,1,0,25,34,6ede00d0-baf4-573f-a0dd-4a503bf7f766,6ede00d0-baf4-573f-a0dd-4a503bf7f766
2,1788743642,1271768,14,29,0,0,2,0,889,1185,4fa33dcb-5f76-5f76-aea8-330df7ada03e,4fa33dcb-5f76-5f76-aea8-330df7ada03e
3,1788743671,1277356,14,29,0,0,3,0,1753,2337,6ede00d0-baf4-573f-a0dd-4a503bf7f766,6ede00d0-baf4-573f-a0dd-4a503bf7f766
4,1788743700,1277360,14,29,0,0,4,0,2617,3489,4fa33dcb-5f76-5f76-aea8-330df7ada03e,4fa33dcb-5f76-5f76-aea8-330df7ada03e
5,1788743729,1277360,14,29,0,0,5,0,3483,4644,6ede00d0-baf4-573f-a0dd-4a503bf7f766,6ede00d0-baf4-573f-a0dd-4a503bf7f766
6,1788743758,1277360,14,29,0,0,6,0,4348,5796,4fa33dcb-5f76-5f76-aea8-330df7ada03e,4fa33dcb-5f76-5f76-aea8-330df7ada03e
7,1788743787,1277360,14,29,0,0,7,0,5211,6947,6ede00d0-baf4-573f-a0dd-4a503bf7f766,6ede00d0-baf4-573f-a0dd-4a503bf7f766
8,1788743815,1277376,14,29,0,0,8,0,6075,8098,4fa33dcb-5f76-5f76-aea8-330df7ada03e,4fa33dcb-5f76-5f76-aea8-330df7ada03e
9,1788743844,1277380,14,29,0,0,9,0,6939,9249,6ede00d0-baf4-573f-a0dd-4a503bf7f766,6ede00d0-baf4-573f-a0dd-4a503bf7f766
10,1788743873,1277380,14,29,0,0,10,0,7805,10404,4fa33dcb-5f76-5f76-aea8-330df7ada03e,4fa33dcb-5f76-5f76-aea8-330df7ada03e
11,1788743902,1277380,14,29,0,0,11,0,8671,11559,6ede00d0-baf4-573f-a0dd-4a503bf7f766,6ede00d0-baf4-573f-a0dd-4a503bf7f766
12,1788743931,1277380,14,29,0,0,12,0,9535,12710,4fa33dcb-5f76-5f76-aea8-330df7ada03e,4fa33dcb-5f76-5f76-aea8-330df7ada03e
13,1788743959,1277380,14,29,0,0,13,0,10399,13863,6ede00d0-baf4-573f-a0dd-4a503bf7f766,6ede00d0-baf4-573f-a0dd-4a503bf7f766
14,1788743988,1277396,14,29,0,0,14,0,11263,15014,4fa33dcb-5f76-5f76-aea8-330df7ada03e,4fa33dcb-5f76-5f76-aea8-330df7ada03e
15,1788744017,1277396,14,29,0,0,15,0,12129,16169,6ede00d0-baf4-573f-a0dd-4a503bf7f766,6ede00d0-baf4-573f-a0dd-4a503bf7f766
16,1788744046,1277396,14,29,0,0,16,0,12992,17320,4fa33dcb-5f76-5f76-aea8-330df7ada03e,4fa33dcb-5f76-5f76-aea8-330df7ada03e
17,1788744075,1277396,14,29,0,0,17,0,13856,18472,6ede00d0-baf4-573f-a0dd-4a503bf7f766,6ede00d0-baf4-573f-a0dd-4a503bf7f766
18,1788744103,1277396,14,29,0,0,18,0,14719,19623,4fa33dcb-5f76-5f76-aea8-330df7ada03e,4fa33dcb-5f76-5f76-aea8-330df7ada03e
19,1788744132,1277400,14,29,0,0,19,0,15583,20775,6ede00d0-baf4-573f-a0dd-4a503bf7f766,6ede00d0-baf4-573f-a0dd-4a503bf7f766
20,1788744161,1277400,14,29,0,0,20,0,16450,21929,4fa33dcb-5f76-5f76-aea8-330df7ada03e,4fa33dcb-5f76-5f76-aea8-330df7ada03e
21,1788744190,1277400,14,29,0,0,21,0,17314,23081,6ede00d0-baf4-573f-a0dd-4a503bf7f766,6ede00d0-baf4-573f-a0dd-4a503bf7f766
22,1788744218,1277400,14,29,0,0,22,0,18178,24232,4fa33dcb-5f76-5f76-aea8-330df7ada03e,4fa33dcb-5f76-5f76-aea8-330df7ada03e
23,1788744247,1277400,14,29,0,0,23,0,19041,25384,6ede00d0-baf4-573f-a0dd-4a503bf7f766,6ede00d0-baf4-573f-a0dd-4a503bf7f766
24,1788744276,1277400,14,29,0,0,24,0,19905,26535,4fa33dcb-5f76-5f76-aea8-330df7ada03e,4fa33dcb-5f76-5f76-aea8-330df7ada03e
25,1788744305,1277400,14,29,0,0,25,0,20772,27690,6ede00d0-baf4-573f-a0dd-4a503bf7f766,6ede00d0-baf4-573f-a0dd-4a503bf7f766
26,1788744334,1277400,14,29,0,0,26,0,21637,28843,4fa33dcb-5f76-5f76-aea8-330df7ada03e,4fa33dcb-5f76-5f76-aea8-330df7ada03e
27,1788744363,1277400,14,29,0,0,27,0,22501,29995,6ede00d0-baf4-573f-a0dd-4a503bf7f766,6ede00d0-baf4-573f-a0dd-4a503bf7f766
28,1788744391,1277400,14,29,0,0,28,0,23365,31146,4fa33dcb-5f76-5f76-aea8-330df7ada03e,4fa33dcb-5f76-5f76-aea8-330df7ada03e
29,1788744420,1277404,14,29,0,0,29,0,24229,32298,6ede00d0-baf4-573f-a0dd-4a503bf7f766,6ede00d0-baf4-573f-a0dd-4a503bf7f766
30,1788744449,1277404,14,29,0,0,30,0,25096,33452,4fa33dcb-5f76-5f76-aea8-330df7ada03e,4fa33dcb-5f76-5f76-aea8-330df7ada03e
31,1788744478,1277404,14,29,0,0,31,0,25959,34604,6ede00d0-baf4-573f-a0dd-4a503bf7f766,6ede00d0-baf4-573f-a0dd-4a503bf7f766
32,1788744507,1277404,14,29,0,0,32,0,26824,35755,4fa33dcb-5f76-5f76-aea8-330df7ada03e,4fa33dcb-5f76-5f76-aea8-330df7ada03e
33,1788744535,1277404,14,29,0,0,33,0,27688,36907,6ede00d0-baf4-573f-a0dd-4a503bf7f766,6ede00d0-baf4-573f-a0dd-4a503bf7f766
34,1788744564,1277404,14,29,0,0,34,0,28552,38058,4fa33dcb-5f76-5f76-aea8-330df7ada03e,4fa33dcb-5f76-5f76-aea8-330df7ada03e
35,1788744593,1277404,14,29,0,0,35,0,29418,39213,6ede00d0-baf4-573f-a0dd-4a503bf7f766,6ede00d0-baf4-573f-a0dd-4a503bf7f766
36,1788744622,1277404,14,29,0,0,36,0,30282,40364,4fa33dcb-5f76-5f76-aea8-330df7ada03e,4fa33dcb-5f76-5f76-aea8-330df7ada03e
37,1788744651,1277404,14,29,0,0,37,0,31146,41516,6ede00d0-baf4-573f-a0dd-4a503bf7f766,6ede00d0-baf4-573f-a0dd-4a503bf7f766
38,1788744679,1277404,14,29,0,0,38,0,32010,42667,4fa33dcb-5f76-5f76-aea8-330df7ada03e,4fa33dcb-5f76-5f76-aea8-330df7ada03e
39,1788744708,1277404,14,29,0,0,39,0,32874,43818,6ede00d0-baf4-573f-a0dd-4a503bf7f766,6ede00d0-baf4-573f-a0dd-4a503bf7f766
40,1788744737,1277404,14,29,0,0,40,0,33740,44973,4fa33dcb-5f76-5f76-aea8-330df7ada03e,4fa33dcb-5f76-5f76-aea8-330df7ada03e
41,1788744766,1277408,14,29,0,0,41,0,34604,46125,6ede00d0-baf4-573f-a0dd-4a503bf7f766,6ede00d0-baf4-573f-a0dd-4a503bf7f766
42,1788744794,1277408,14,29,0,0,42,0,35468,47276,4fa33dcb-5f76-5f76-aea8-330df7ada03e,4fa33dcb-5f76-5f76-aea8-330df7ada03e
43,1788744823,1277408,14,29,0,0,43,0,36331,48428,6ede00d0-baf4-573f-a0dd-4a503bf7f766,6ede00d0-baf4-573f-a0dd-4a503bf7f766
44,1788744852,1277408,14,29,0,0,44,0,37195,49579,4fa33dcb-5f76-5f76-aea8-330df7ada03e,4fa33dcb-5f76-5f76-aea8-330df7ada03e
45,1788744881,1277408,14,29,0,0,45,0,38062,50735,6ede00d0-baf4-573f-a0dd-4a503bf7f766,6ede00d0-baf4-573f-a0dd-4a503bf7f766
46,1788744910,1277408,14,29,0,0,46,0,38927,51888,4fa33dcb-5f76-5f76-aea8-330df7ada03e,4fa33dcb-5f76-5f76-aea8-330df7ada03e
47,1788744939,1277408,14,29,0,0,47,0,39790,53040,6ede00d0-baf4-573f-a0dd-4a503bf7f766,6ede00d0-baf4-573f-a0dd-4a503bf7f766
48,1788744967,1277408,14,29,0,0,48,0,40654,54191,4fa33dcb-5f76-5f76-aea8-330df7ada03e,4fa33dcb-5f76-5f76-aea8-330df7ada03e
49,1788744996,1277408,14,29,0,0,49,0,41518,55343,6ede00d0-baf4-573f-a0dd-4a503bf7f766,6ede00d0-baf4-573f-a0dd-4a503bf7f766
50,1788745025,1277408,14,29,0,0,50,0,42384,56496,4fa33dcb-5f76-5f76-aea8-330df7ada03e,4fa33dcb-5f76-5f76-aea8-330df7ada03e
51,1788745054,1277408,14,29,0,0,51,0,43248,57648,6ede00d0-baf4-573f-a0dd-4a503bf7f766,6ede00d0-baf4-573f-a0dd-4a503bf7f766
52,1788745082,1277408,14,29,0,0,52,0,44112,58799,4fa33dcb-5f76-5f76-aea8-330df7ada03e,4fa33dcb-5f76-5f76-aea8-330df7ada03e
53,1788745111,1277408,14,29,0,0,53,0,44975,59951,6ede00d0-baf4-573f-a0dd-4a503bf7f766,6ede00d0-baf4-573f-a0dd-4a503bf7f766
54,1788745140,1277408,14,29,0,0,54,0,45840,61103,4fa33dcb-5f76-5f76-aea8-330df7ada03e,4fa33dcb-5f76-5f76-aea8-330df7ada03e
55,1788745169,1277408,14,29,0,0,55,0,46706,62258,6ede00d0-baf4-573f-a0dd-4a503bf7f766,6ede00d0-baf4-573f-a0dd-4a503bf7f766
56,1788745198,1277408,14,29,0,0,56,0,47570,63409,4fa33dcb-5f76-5f76-aea8-330df7ada03e,4fa33dcb-5f76-5f76-aea8-330df7ada03e
57,1788745226,1277416,14,29,0,0,57,0,48434,64561,6ede00d0-baf4-573f-a0dd-4a503bf7f766,6ede00d0-baf4-573f-a0dd-4a503bf7f766
58,1788745255,1277416,14,29,0,0,58,0,49298,65712,4fa33dcb-5f76-5f76-aea8-330df7ada03e,4fa33dcb-5f76-5f76-aea8-330df7ada03e
59,1788745284,1277416,14,29,0,0,59,0,50163,66864,6ede00d0-baf4-573f-a0dd-4a503bf7f766,6ede00d0-baf4-573f-a0dd-4a503bf7f766
60,1788745313,1277416,14,29,0,0,60,0,51029,68018,4fa33dcb-5f76-5f76-aea8-330df7ada03e,4fa33dcb-5f76-5f76-aea8-330df7ada03e
61,1788745342,1277416,14,29,0,0,61,0,51893,69170,6ede00d0-baf4-573f-a0dd-4a503bf7f766,6ede00d0-baf4-573f-a0dd-4a503bf7f766
62,1788745370,1277416,14,29,0,0,62,0,52757,70321,4fa33dcb-5f76-5f76-aea8-330df7ada03e,4fa33dcb-5f76-5f76-aea8-330df7ada03e
63,1788745399,1277432,14,29,0,0,63,0,53621,71472,6ede00d0-baf4-573f-a0dd-4a503bf7f766,6ede00d0-baf4-573f-a0dd-4a503bf7f766
64,1788745428,1277432,14,29,0,0,64,0,54485,72623,4fa33dcb-5f76-5f76-aea8-330df7ada03e,4fa33dcb-5f76-5f76-aea8-330df7ada03e
65,1788745457,1277436,14,29,0,0,65,0,55352,73779,6ede00d0-baf4-573f-a0dd-4a503bf7f766,6ede00d0-baf4-573f-a0dd-4a503bf7f766
66,1788745486,1277436,14,29,0,0,66,0,56215,74930,4fa33dcb-5f76-5f76-aea8-330df7ada03e,4fa33dcb-5f76-5f76-aea8-330df7ada03e
67,1788745514,1277436,14,29,0,0,67,0,57079,76082,6ede00d0-baf4-573f-a0dd-4a503bf7f766,6ede00d0-baf4-573f-a0dd-4a503bf7f766
68,1788745543,1277436,14,29,0,0,68,0,57943,77232,4fa33dcb-5f76-5f76-aea8-330df7ada03e,4fa33dcb-5f76-5f76-aea8-330df7ada03e
69,1788745572,1277436,14,29,0,0,69,0,58807,78384,6ede00d0-baf4-573f-a0dd-4a503bf7f766,6ede00d0-baf4-573f-a0dd-4a503bf7f766
70,1788745601,1277436,14,29,0,0,70,0,59674,79540,4fa33dcb-5f76-5f76-aea8-330df7ada03e,4fa33dcb-5f76-5f76-aea8-330df7ada03e
71,1788745630,1277436,14,29,0,0,71,0,60539,80693,6ede00d0-baf4-573f-a0dd-4a503bf7f766,6ede00d0-baf4-573f-a0dd-4a503bf7f766
72,1788745658,1277436,14,29,0,0,72,0,61403,81844,4fa33dcb-5f76-5f76-aea8-330df7ada03e,4fa33dcb-5f76-5f76-aea8-330df7ada03e
73,1788745687,1277436,14,29,0,0,73,0,62267,82995,6ede00d0-baf4-573f-a0dd-4a503bf7f766,6ede00d0-baf4-573f-a0dd-4a503bf7f766
74,1788745716,1277436,14,29,0,0,74,0,63131,84146,4fa33dcb-5f76-5f76-aea8-330df7ada03e,4fa33dcb-5f76-5f76-aea8-330df7ada03e
75,1788745745,1277436,14,29,0,0,75,0,63997,85302,6ede00d0-baf4-573f-a0dd-4a503bf7f766,6ede00d0-baf4-573f-a0dd-4a503bf7f766
76,1788745774,1277436,14,29,0,0,76,0,64861,86453,4fa33dcb-5f76-5f76-aea8-330df7ada03e,4fa33dcb-5f76-5f76-aea8-330df7ada03e
77,1788745802,1277436,14,29,0,0,77,0,65725,87604,6ede00d0-baf4-573f-a0dd-4a503bf7f766,6ede00d0-baf4-573f-a0dd-4a503bf7f766
78,1788745831,1277436,14,29,0,0,78,0,66588,88756,4fa33dcb-5f76-5f76-aea8-330df7ada03e,4fa33dcb-5f76-5f76-aea8-330df7ada03e
79,1788745860,1277436,14,29,0,0,79,0,67452,89908,6ede00d0-baf4-573f-a0dd-4a503bf7f766,6ede00d0-baf4-573f-a0dd-4a503bf7f766
80,1788745889,1277444,14,29,0,0,80,0,68319,91063,4fa33dcb-5f76-5f76-aea8-330df7ada03e,4fa33dcb-5f76-5f76-aea8-330df7ada03e
81,1788745918,1277444,14,29,0,0,81,0,69183,92215,6ede00d0-baf4-573f-a0dd-4a503bf7f766,6ede00d0-baf4-573f-a0dd-4a503bf7f766
82,1788745946,1277444,14,29,0,0,82,0,70047,93366,4fa33dcb-5f76-5f76-aea8-330df7ada03e,4fa33dcb-5f76-5f76-aea8-330df7ada03e
83,1788745975,1277448,14,29,0,0,83,0,70911,94518,6ede00d0-baf4-573f-a0dd-4a503bf7f766,6ede00d0-baf4-573f-a0dd-4a503bf7f766
84,1788746004,1277448,14,29,0,0,84,0,71775,95669,4fa33dcb-5f76-5f76-aea8-330df7ada03e,4fa33dcb-5f76-5f76-aea8-330df7ada03e
85,1788746033,1277448,14,29,0,0,85,0,72641,96824,6ede00d0-baf4-573f-a0dd-4a503bf7f766,6ede00d0-baf4-573f-a0dd-4a503bf7f766
86,1788746062,1277448,14,29,0,0,86,0,73505,97976,4fa33dcb-5f76-5f76-aea8-330df7ada03e,4fa33dcb-5f76-5f76-aea8-330df7ada03e
87,1788746090,1277448,14,29,0,0,87,0,74369,99127,6ede00d0-baf4-573f-a0dd-4a503bf7f766,6ede00d0-baf4-573f-a0dd-4a503bf7f766
88,1788746119,1277448,14,29,0,0,88,0,75233,100279,4fa33dcb-5f76-5f76-aea8-330df7ada03e,4fa33dcb-5f76-5f76-aea8-330df7ada03e
89,1788746148,1277448,14,29,0,0,89,0,76097,101431,6ede00d0-baf4-573f-a0dd-4a503bf7f766,6ede00d0-baf4-573f-a0dd-4a503bf7f766
90,1788746177,1277448,14,29,0,0,90,0,76963,102586,4fa33dcb-5f76-5f76-aea8-330df7ada03e,4fa33dcb-5f76-5f76-aea8-330df7ada03e
91,1788746206,1277448,14,29,0,0,91,0,77827,103738,6ede00d0-baf4-573f-a0dd-4a503bf7f766,6ede00d0-baf4-573f-a0dd-4a503bf7f766
92,1788746234,1277448,14,29,0,0,92,0,78691,104889,4fa33dcb-5f76-5f76-aea8-330df7ada03e,4fa33dcb-5f76-5f76-aea8-330df7ada03e
93,1788746263,1277448,14,29,0,0,93,0,79555,106041,6ede00d0-baf4-573f-a0dd-4a503bf7f766,6ede00d0-baf4-573f-a0dd-4a503bf7f766
94,1788746292,1277448,14,29,0,0,94,0,80420,107194,4fa33dcb-5f76-5f76-aea8-330df7ada03e,4fa33dcb-5f76-5f76-aea8-330df7ada03e
95,1788746321,1277448,14,29,0,0,95,0,81286,108349,6ede00d0-baf4-573f-a0dd-4a503bf7f766,6ede00d0-baf4-573f-a0dd-4a503bf7f766
96,1788746350,1277448,14,29,0,0,96,0,82150,109501,4fa33dcb-5f76-5f76-aea8-330df7ada03e,4fa33dcb-5f76-5f76-aea8-330df7ada03e
97,1788746378,1277448,14,29,0,0,97,0,83014,110652,6ede00d0-baf4-573f-a0dd-4a503bf7f766,6ede00d0-baf4-573f-a0dd-4a503bf7f766
98,1788746407,1277448,14,29,0,0,98,0,83878,111803,4fa33dcb-5f76-5f76-aea8-330df7ada03e,4fa33dcb-5f76-5f76-aea8-330df7ada03e
99,1788746436,1277452,14,29,0,0,99,0,84741,112954,6ede00d0-baf4-573f-a0dd-4a503bf7f766,6ede00d0-baf4-573f-a0dd-4a503bf7f766
100,1788746465,1277452,14,29,0,0,100,0,85607,114109,4fa33dcb-5f76-5f76-aea8-330df7ada03e,4fa33dcb-5f76-5f76-aea8-330df7ada03e
101,1788746494,1277452,14,29,0,0,101,0,86471,115261,6ede00d0-baf4-573f-a0dd-4a503bf7f766,6ede00d0-baf4-573f-a0dd-4a503bf7f766
102,1788746522,1277452,14,29,0,0,102,0,87334,116412,4fa33dcb-5f76-5f76-aea8-330df7ada03e,4fa33dcb-5f76-5f76-aea8-330df7ada03e
103,1788746551,1277452,14,29,0,0,103,0,88199,117564,6ede00d0-baf4-573f-a0dd-4a503bf7f766,6ede00d0-baf4-573f-a0dd-4a503bf7f766
104,1788746580,1277452,14,29,0,0,104,0,89063,118716,4fa33dcb-5f76-5f76-aea8-330df7ada03e,4fa33dcb-5f76-5f76-aea8-330df7ada03e
105,1788746609,1277452,14,29,0,0,105,0,89930,119872,6ede00d0-baf4-573f-a0dd-4a503bf7f766,6ede00d0-baf4-573f-a0dd-4a503bf7f766
106,1788746638,1277452,14,29,0,0,106,0,90796,121026,4fa33dcb-5f76-5f76-aea8-330df7ada03e,4fa33dcb-5f76-5f76-aea8-330df7ada03e
107,1788746667,1277452,14,29,0,0,107,0,91659,122178,6ede00d0-baf4-573f-a0dd-4a503bf7f766,6ede00d0-baf4-573f-a0dd-4a503bf7f766
108,1788746695,1277452,14,29,0,0,108,0,92523,123329,4fa33dcb-5f76-5f76-aea8-330df7ada03e,4fa33dcb-5f76-5f76-aea8-330df7ada03e
109,1788746724,1277452,14,29,0,0,109,0,93387,124481,6ede00d0-baf4-573f-a0dd-4a503bf7f766,6ede00d0-baf4-573f-a0dd-4a503bf7f766
110,1788746753,1277452,14,29,0,0,110,0,94254,125635,4fa33dcb-5f76-5f76-aea8-330df7ada03e,4fa33dcb-5f76-5f76-aea8-330df7ada03e
111,1788746782,1277452,14,29,0,0,111,0,95117,126786,6ede00d0-baf4-573f-a0dd-4a503bf7f766,6ede00d0-baf4-573f-a0dd-4a503bf7f766
112,1788746810,1277452,14,29,0,0,112,0,95981,127937,4fa33dcb-5f76-5f76-aea8-330df7ada03e,4fa33dcb-5f76-5f76-aea8-330df7ada03e
113,1788746839,1277468,14,29,0,0,113,0,96845,129089,6ede00d0-baf4-573f-a0dd-4a503bf7f766,6ede00d0-baf4-573f-a0dd-4a503bf7f766
114,1788746868,1277468,14,29,0,0,114,0,97709,130240,4fa33dcb-5f76-5f76-aea8-330df7ada03e,4fa33dcb-5f76-5f76-aea8-330df7ada03e
115,1788746897,1277468,14,29,0,0,115,0,98576,131396,6ede00d0-baf4-573f-a0dd-4a503bf7f766,6ede00d0-baf4-573f-a0dd-4a503bf7f766
116,1788746926,1277468,14,29,0,0,116,0,99440,132547,4fa33dcb-5f76-5f76-aea8-330df7ada03e,4fa33dcb-5f76-5f76-aea8-330df7ada03e
117,1788746955,1277468,14,29,0,0,117,0,100304,133701,6ede00d0-baf4-573f-a0dd-4a503bf7f766,6ede00d0-baf4-573f-a0dd-4a503bf7f766
118,1788746983,1277468,14,29,0,0,118,0,101168,134852,4fa33dcb-5f76-5f76-aea8-330df7ada03e,4fa33dcb-5f76-5f76-aea8-330df7ada03e
119,1788747012,1277468,14,29,0,0,119,0,102032,136003,6ede00d0-baf4-573f-a0dd-4a503bf7f766,6ede00d0-baf4-573f-a0dd-4a503bf7f766
120,1788747041,1277468,14,29,0,0,120,0,102898,137158,4fa33dcb-5f76-5f76-aea8-330df7ada03e,4fa33dcb-5f76-5f76-aea8-330df7ada03e
121,1788747070,1277468,14,29,0,0,121,0,103761,138309,6ede00d0-baf4-573f-a0dd-4a503bf7f766,6ede00d0-baf4-573f-a0dd-4a503bf7f766
122,1788747098,1277468,14,29,0,0,122,0,104625,139461,4fa33dcb-5f76-5f76-aea8-330df7ada03e,4fa33dcb-5f76-5f76-aea8-330df7ada03e
123,1788747127,1277468,14,29,0,0,123,0,105489,140613,6ede00d0-baf4-573f-a0dd-4a503bf7f766,6ede00d0-baf4-573f-a0dd-4a503bf7f766
124,1788747156,1277468,14,29,0,0,124,0,106354,141764,4fa33dcb-5f76-5f76-aea8-330df7ada03e,4fa33dcb-5f76-5f76-aea8-330df7ada03e
125,1788747185,1277468,14,29,0,0,125,0,107220,142919,6ede00d0-baf4-573f-a0dd-4a503bf7f766,6ede00d0-baf4-573f-a0dd-4a503bf7f766
126,1788747214,1277468,14,29,0,0,126,0,108084,144071,4fa33dcb-5f76-5f76-aea8-330df7ada03e,4fa33dcb-5f76-5f76-aea8-330df7ada03e
127,1788747242,1277468,14,29,0,0,127,0,108948,145223,6ede00d0-baf4-573f-a0dd-4a503bf7f766,6ede00d0-baf4-573f-a0dd-4a503bf7f766
128,1788747271,1277468,14,29,0,0,128,0,109812,146375,4fa33dcb-5f76-5f76-aea8-330df7ada03e,4fa33dcb-5f76-5f76-aea8-330df7ada03e
129,1788747300,1277468,14,29,0,0,129,0,110676,147527,6ede00d0-baf4-573f-a0dd-4a503bf7f766,6ede00d0-baf4-573f-a0dd-4a503bf7f766
130,1788747329,1277468,14,29,0,0,130,0,111543,148681,4fa33dcb-5f76-5f76-aea8-330df7ada03e,4fa33dcb-5f76-5f76-aea8-330df7ada03e
131,1788747358,1277472,14,29,0,0,131,0,112406,149833,6ede00d0-baf4-573f-a0dd-4a503bf7f766,6ede00d0-baf4-573f-a0dd-4a503bf7f766
132,1788747386,1277472,14,29,0,0,132,0,113270,150985,4fa33dcb-5f76-5f76-aea8-330df7ada03e,4fa33dcb-5f76-5f76-aea8-330df7ada03e
133,1788747415,1277472,14,29,0,0,133,0,114134,152137,6ede00d0-baf4-573f-a0dd-4a503bf7f766,6ede00d0-baf4-573f-a0dd-4a503bf7f766
134,1788747444,1277472,14,29,0,0,134,0,114998,153288,4fa33dcb-5f76-5f76-aea8-330df7ada03e,4fa33dcb-5f76-5f76-aea8-330df7ada03e
135,1788747473,1277472,14,29,0,0,135,0,115865,154444,6ede00d0-baf4-573f-a0dd-4a503bf7f766,6ede00d0-baf4-573f-a0dd-4a503bf7f766
136,1788747502,1277472,14,29,0,0,136,0,116730,155597,4fa33dcb-5f76-5f76-aea8-330df7ada03e,4fa33dcb-5f76-5f76-aea8-330df7ada03e
137,1788747530,1277472,14,29,0,0,137,0,117594,156749,6ede00d0-baf4-573f-a0dd-4a503bf7f766,6ede00d0-baf4-573f-a0dd-4a503bf7f766
138,1788747559,1277472,14,29,0,0,138,0,118458,157901,4fa33dcb-5f76-5f76-aea8-330df7ada03e,4fa33dcb-5f76-5f76-aea8-330df7ada03e
139,1788747588,1277472,14,29,0,0,139,0,119323,159054,6ede00d0-baf4-573f-a0dd-4a503bf7f766,6ede00d0-baf4-573f-a0dd-4a503bf7f766
140,1788747617,1277472,14,29,0,0,140,0,120190,160209,4fa33dcb-5f76-5f76-aea8-330df7ada03e,4fa33dcb-5f76-5f76-aea8-330df7ada03e
141,1788747646,1277472,14,29,0,0,141,0,121054,161361,6ede00d0-baf4-573f-a0dd-4a503bf7f766,6ede00d0-baf4-573f-a0dd-4a503bf7f766
142,1788747675,1277472,14,29,0,0,142,0,121918,162513,4fa33dcb-5f76-5f76-aea8-330df7ada03e,4fa33dcb-5f76-5f76-aea8-330df7ada03e
143,1788747703,1277472,14,29,0,0,143,0,122782,163665,6ede00d0-baf4-573f-a0dd-4a503bf7f766,6ede00d0-baf4-573f-a0dd-4a503bf7f766
144,1788747732,1277472,14,29,0,0,144,0,123646,164817,4fa33dcb-5f76-5f76-aea8-330df7ada03e,4fa33dcb-5f76-5f76-aea8-330df7ada03e
145,1788747761,1277472,14,29,0,0,145,0,124513,165973,6ede00d0-baf4-573f-a0dd-4a503bf7f766,6ede00d0-baf4-573f-a0dd-4a503bf7f766
146,1788747790,1277472,14,29,0,0,146,0,125376,167125,4fa33dcb-5f76-5f76-aea8-330df7ada03e,4fa33dcb-5f76-5f76-aea8-330df7ada03e
147,1788747819,1277476,14,29,0,0,147,0,126240,168276,6ede00d0-baf4-573f-a0dd-4a503bf7f766,6ede00d0-baf4-573f-a0dd-4a503bf7f766
148,1788747847,1277476,14,29,0,0,148,0,127103,169428,4fa33dcb-5f76-5f76-aea8-330df7ada03e,4fa33dcb-5f76-5f76-aea8-330df7ada03e
149,1788747876,1277476,14,29,0,0,149,0,127968,170580,6ede00d0-baf4-573f-a0dd-4a503bf7f766,6ede00d0-baf4-573f-a0dd-4a503bf7f766
150,1788747905,1277476,14,29,0,0,150,0,128835,171736,4fa33dcb-5f76-5f76-aea8-330df7ada03e,4fa33dcb-5f76-5f76-aea8-330df7ada03e
151,1788747934,1277476,14,29,0,0,151,0,129699,172888,6ede00d0-baf4-573f-a0dd-4a503bf7f766,6ede00d0-baf4-573f-a0dd-4a503bf7f766
152,1788747963,1277476,14,29,0,0,152,0,130563,174040,4fa33dcb-5f76-5f76-aea8-330df7ada03e,4fa33dcb-5f76-5f76-aea8-330df7ada03e
153,1788747991,1277476,14,29,0,0,153,0,131427,175191,6ede00d0-baf4-573f-a0dd-4a503bf7f766,6ede00d0-baf4-573f-a0dd-4a503bf7f766
154,1788748020,1277476,14,29,0,0,154,0,132290,176342,4fa33dcb-5f76-5f76-aea8-330df7ada03e,4fa33dcb-5f76-5f76-aea8-330df7ada03e
155,1788748049,1277476,14,29,0,0,155,0,133159,177501,6ede00d0-baf4-573f-a0dd-4a503bf7f766,6ede00d0-baf4-573f-a0dd-4a503bf7f766
156,1788748078,1277476,14,29,0,0,156,0,134023,178653,4fa33dcb-5f76-5f76-aea8-330df7ada03e,4fa33dcb-5f76-5f76-aea8-330df7ada03e
157,1788748107,1277476,14,29,0,0,157,0,134888,179806,6ede00d0-baf4-573f-a0dd-4a503bf7f766,6ede00d0-baf4-573f-a0dd-4a503bf7f766
158,1788748135,1277476,14,29,0,0,158,0,135752,180958,4fa33dcb-5f76-5f76-aea8-330df7ada03e,4fa33dcb-5f76-5f76-aea8-330df7ada03e
159,1788748164,1277476,14,29,0,0,159,0,136616,182110,6ede00d0-baf4-573f-a0dd-4a503bf7f766,6ede00d0-baf4-573f-a0dd-4a503bf7f766
160,1788748193,1277476,14,29,0,0,160,0,137483,183264,4fa33dcb-5f76-5f76-aea8-330df7ada03e,4fa33dcb-5f76-5f76-aea8-330df7ada03e
161,1788748222,1277476,14,29,0,0,161,0,138347,184416,6ede00d0-baf4-573f-a0dd-4a503bf7f766,6ede00d0-baf4-573f-a0dd-4a503bf7f766
162,1788748251,1277476,14,29,0,0,162,0,139213,185570,4fa33dcb-5f76-5f76-aea8-330df7ada03e,4fa33dcb-5f76-5f76-aea8-330df7ada03e
163,1788748280,1277476,14,29,0,0,163,0,140076,186721,6ede00d0-baf4-573f-a0dd-4a503bf7f766,6ede00d0-baf4-573f-a0dd-4a503bf7f766
164,1788748308,1277476,14,29,0,0,164,0,140940,187873,4fa33dcb-5f76-5f76-aea8-330df7ada03e,4fa33dcb-5f76-5f76-aea8-330df7ada03e
165,1788748337,1277480,14,29,0,0,165,0,141807,189029,6ede00d0-baf4-573f-a0dd-4a503bf7f766,6ede00d0-baf4-573f-a0dd-4a503bf7f766
166,1788748366,1277480,14,29,0,0,166,0,142671,190180,4fa33dcb-5f76-5f76-aea8-330df7ada03e,4fa33dcb-5f76-5f76-aea8-330df7ada03e
167,1788748395,1277480,14,29,0,0,167,0,143535,191332,6ede00d0-baf4-573f-a0dd-4a503bf7f766,6ede00d0-baf4-573f-a0dd-4a503bf7f766
168,1788748423,1277480,14,29,0,0,168,0,144399,192484,4fa33dcb-5f76-5f76-aea8-330df7ada03e,4fa33dcb-5f76-5f76-aea8-330df7ada03e
169,1788748452,1277480,14,29,0,0,169,0,145263,193636,6ede00d0-baf4-573f-a0dd-4a503bf7f766,6ede00d0-baf4-573f-a0dd-4a503bf7f766
170,1788748481,1277480,14,29,0,0,170,0,146129,194791,4fa33dcb-5f76-5f76-aea8-330df7ada03e,4fa33dcb-5f76-5f76-aea8-330df7ada03e
171,1788748510,1277480,14,29,0,0,171,0,146993,195942,6ede00d0-baf4-573f-a0dd-4a503bf7f766,6ede00d0-baf4-573f-a0dd-4a503bf7f766
172,1788748539,1277480,14,29,0,0,172,0,147857,197094,4fa33dcb-5f76-5f76-aea8-330df7ada03e,4fa33dcb-5f76-5f76-aea8-330df7ada03e
173,1788748567,1277480,14,29,0,0,173,0,148721,198245,6ede00d0-baf4-573f-a0dd-4a503bf7f766,6ede00d0-baf4-573f-a0dd-4a503bf7f766
174,1788748596,1277480,14,29,0,0,174,0,149584,199397,4fa33dcb-5f76-5f76-aea8-330df7ada03e,4fa33dcb-5f76-5f76-aea8-330df7ada03e
175,1788748625,1277480,14,29,0,0,175,0,150450,200552,6ede00d0-baf4-573f-a0dd-4a503bf7f766,6ede00d0-baf4-573f-a0dd-4a503bf7f766
176,1788748654,1277480,14,29,0,0,176,0,151314,201703,4fa33dcb-5f76-5f76-aea8-330df7ada03e,4fa33dcb-5f76-5f76-aea8-330df7ada03e
177,1788748683,1277480,14,29,0,0,177,0,152178,202855,6ede00d0-baf4-573f-a0dd-4a503bf7f766,6ede00d0-baf4-573f-a0dd-4a503bf7f766
178,1788748711,1277480,14,29,0,0,178,0,153042,204006,4fa33dcb-5f76-5f76-aea8-330df7ada03e,4fa33dcb-5f76-5f76-aea8-330df7ada03e
179,1788748740,1277480,14,29,0,0,179,0,153905,205157,6ede00d0-baf4-573f-a0dd-4a503bf7f766,6ede00d0-baf4-573f-a0dd-4a503bf7f766
180,1788748769,1277480,14,29,0,0,180,0,154772,206313,4fa33dcb-5f76-5f76-aea8-330df7ada03e,4fa33dcb-5f76-5f76-aea8-330df7ada03e
181,1788748798,1277484,14,29,0,0,181,0,155636,207465,6ede00d0-baf4-573f-a0dd-4a503bf7f766,6ede00d0-baf4-573f-a0dd-4a503bf7f766
182,1788748827,1277484,14,29,0,0,182,0,156500,208616,4fa33dcb-5f76-5f76-aea8-330df7ada03e,4fa33dcb-5f76-5f76-aea8-330df7ada03e
183,1788748855,1277484,14,29,0,0,183,0,157364,209769,6ede00d0-baf4-573f-a0dd-4a503bf7f766,6ede00d0-baf4-573f-a0dd-4a503bf7f766
184,1788748884,1277484,14,29,0,0,184,0,158229,210921,4fa33dcb-5f76-5f76-aea8-330df7ada03e,4fa33dcb-5f76-5f76-aea8-330df7ada03e
185,1788748913,1277484,14,29,0,0,185,0,159095,212076,6ede00d0-baf4-573f-a0dd-4a503bf7f766,6ede00d0-baf4-573f-a0dd-4a503bf7f766
186,1788748942,1277484,14,29,0,0,186,0,159959,213228,4fa33dcb-5f76-5f76-aea8-330df7ada03e,4fa33dcb-5f76-5f76-aea8-330df7ada03e
187,1788748971,1277484,14,29,0,0,187,0,160823,214379,6ede00d0-baf4-573f-a0dd-4a503bf7f766,6ede00d0-baf4-573f-a0dd-4a503bf7f766
188,1788748999,1277484,14,29,0,0,188,0,161687,215531,4fa33dcb-5f76-5f76-aea8-330df7ada03e,4fa33dcb-5f76-5f76-aea8-330df7ada03e
189,1788749028,1277484,14,29,0,0,189,0,162550,216682,6ede00d0-baf4-573f-a0dd-4a503bf7f766,6ede00d0-baf4-573f-a0dd-4a503bf7f766
190,1788749057,1277484,14,29,0,0,190,0,163418,217839,4fa33dcb-5f76-5f76-aea8-330df7ada03e,4fa33dcb-5f76-5f76-aea8-330df7ada03e
191,1788749086,1277484,14,29,0,0,191,0,164282,218991,6ede00d0-baf4-573f-a0dd-4a503bf7f766,6ede00d0-baf4-573f-a0dd-4a503bf7f766
192,1788749115,1277484,14,29,0,0,192,0,165146,220142,4fa33dcb-5f76-5f76-aea8-330df7ada03e,4fa33dcb-5f76-5f76-aea8-330df7ada03e
193,1788749143,1277484,14,29,0,0,193,0,166010,221294,6ede00d0-baf4-573f-a0dd-4a503bf7f766,6ede00d0-baf4-573f-a0dd-4a503bf7f766
194,1788749172,1277484,14,29,0,0,194,0,166873,222445,4fa33dcb-5f76-5f76-aea8-330df7ada03e,4fa33dcb-5f76-5f76-aea8-330df7ada03e
195,1788749201,1277484,14,29,0,0,195,0,167740,223601,6ede00d0-baf4-573f-a0dd-4a503bf7f766,6ede00d0-baf4-573f-a0dd-4a503bf7f766
196,1788749230,1277484,14,29,0,0,196,0,168604,224753,4fa33dcb-5f76-5f76-aea8-330df7ada03e,4fa33dcb-5f76-5f76-aea8-330df7ada03e
197,1788749259,1277484,14,29,0,0,197,0,169468,225905,6ede00d0-baf4-573f-a0dd-4a503bf7f766,6ede00d0-baf4-573f-a0dd-4a503bf7f766
198,1788749287,1277488,14,29,0,0,198,0,170332,227056,4fa33dcb-5f76-5f76-aea8-330df7ada03e,4fa33dcb-5f76-5f76-aea8-330df7ada03e
199,1788749316,1277488,14,29,0,0,199,0,171195,228208,6ede00d0-baf4-573f-a0dd-4a503bf7f766,6ede00d0-baf4-573f-a0dd-4a503bf7f766
200,1788749345,1277488,14,29,0,0,200,0,172062,229362,4fa33dcb-5f76-5f76-aea8-330df7ada03e,4fa33dcb-5f76-5f76-aea8-330df7ada03e
201,1788749374,1277488,14,29,0,0,201,0,172926,230514,6ede00d0-baf4-573f-a0dd-4a503bf7f766,6ede00d0-baf4-573f-a0dd-4a503bf7f766
202,1788749403,1277488,14,29,0,0,202,0,173791,231667,4fa33dcb-5f76-5f76-aea8-330df7ada03e,4fa33dcb-5f76-5f76-aea8-330df7ada03e
203,1788749431,1277488,14,29,0,0,203,0,174656,232819,6ede00d0-baf4-573f-a0dd-4a503bf7f766,6ede00d0-baf4-573f-a0dd-4a503bf7f766
204,1788749460,1277488,14,29,0,0,204,0,175519,233971,4fa33dcb-5f76-5f76-aea8-330df7ada03e,4fa33dcb-5f76-5f76-aea8-330df7ada03e
205,1788749489,1277488,14,29,0,0,205,0,176386,235126,6ede00d0-baf4-573f-a0dd-4a503bf7f766,6ede00d0-baf4-573f-a0dd-4a503bf7f766
206,1788749518,1277488,14,29,0,0,206,0,177249,236277,4fa33dcb-5f76-5f76-aea8-330df7ada03e,4fa33dcb-5f76-5f76-aea8-330df7ada03e
207,1788749547,1277488,14,29,0,0,207,0,178114,237430,6ede00d0-baf4-573f-a0dd-4a503bf7f766,6ede00d0-baf4-573f-a0dd-4a503bf7f766
208,1788749575,1277488,14,29,0,0,208,0,178978,238582,4fa33dcb-5f76-5f76-aea8-330df7ada03e,4fa33dcb-5f76-5f76-aea8-330df7ada03e
209,1788749604,1277488,14,29,0,0,209,0,179842,239733,6ede00d0-baf4-573f-a0dd-4a503bf7f766,6ede00d0-baf4-573f-a0dd-4a503bf7f766
210,1788749633,1277488,14,29,0,0,210,0,180708,240888,4fa33dcb-5f76-5f76-aea8-330df7ada03e,4fa33dcb-5f76-5f76-aea8-330df7ada03e
211,1788749662,1277488,14,29,0,0,211,0,181572,242040,6ede00d0-baf4-573f-a0dd-4a503bf7f766,6ede00d0-baf4-573f-a0dd-4a503bf7f766
212,1788749691,1277488,14,29,0,0,212,0,182436,243192,4fa33dcb-5f76-5f76-aea8-330df7ada03e,4fa33dcb-5f76-5f76-aea8-330df7ada03e
213,1788749719,1277492,14,29,0,0,213,0,183300,244344,6ede00d0-baf4-573f-a0dd-4a503bf7f766,6ede00d0-baf4-573f-a0dd-4a503bf7f766
214,1788749748,1277492,14,29,0,0,214,0,184164,245495,4fa33dcb-5f76-5f76-aea8-330df7ada03e,4fa33dcb-5f76-5f76-aea8-330df7ada03e
215,1788749777,1277492,14,29,0,0,215,0,185031,246651,6ede00d0-baf4-573f-a0dd-4a503bf7f766,6ede00d0-baf4-573f-a0dd-4a503bf7f766
216,1788749806,1277492,14,29,0,0,216,0,185895,247802,4fa33dcb-5f76-5f76-aea8-330df7ada03e,4fa33dcb-5f76-5f76-aea8-330df7ada03e
217,1788749835,1277492,14,29,0,0,217,0,186758,248954,6ede00d0-baf4-573f-a0dd-4a503bf7f766,6ede00d0-baf4-573f-a0dd-4a503bf7f766
218,1788749863,1277492,14,29,0,0,218,0,187622,250105,4fa33dcb-5f76-5f76-aea8-330df7ada03e,4fa33dcb-5f76-5f76-aea8-330df7ada03e
219,1788749892,1277492,14,29,0,0,219,0,188486,251257,6ede00d0-baf4-573f-a0dd-4a503bf7f766,6ede00d0-baf4-573f-a0dd-4a503bf7f766
220,1788749921,1277492,14,29,0,0,220,0,189353,252413,4fa33dcb-5f76-5f76-aea8-330df7ada03e,4fa33dcb-5f76-5f76-aea8-330df7ada03e
221,1788749950,1277492,14,29,0,0,221,0,190217,253565,6ede00d0-baf4-573f-a0dd-4a503bf7f766,6ede00d0-baf4-573f-a0dd-4a503bf7f766
222,1788749979,1277492,14,29,0,0,222,0,191081,254717,4fa33dcb-5f76-5f76-aea8-330df7ada03e,4fa33dcb-5f76-5f76-aea8-330df7ada03e
223,1788750007,1277492,14,29,0,0,223,0,191945,255869,6ede00d0-baf4-573f-a0dd-4a503bf7f766,6ede00d0-baf4-573f-a0dd-4a503bf7f766
224,1788750036,1277492,14,29,0,0,224,0,192809,257020,4fa33dcb-5f76-5f76-aea8-330df7ada03e,4fa33dcb-5f76-5f76-aea8-330df7ada03e
225,1788750065,1277528,14,29,0,0,225,0,193676,258176,6ede00d0-baf4-573f-a0dd-4a503bf7f766,6ede00d0-baf4-573f-a0dd-4a503bf7f766
226,1788750094,1277528,14,29,0,0,226,0,194539,259327,4fa33dcb-5f76-5f76-aea8-330df7ada03e,4fa33dcb-5f76-5f76-aea8-330df7ada03e
227,1788750123,1277528,14,29,0,0,227,0,195403,260479,6ede00d0-baf4-573f-a0dd-4a503bf7f766,6ede00d0-baf4-573f-a0dd-4a503bf7f766
228,1788750151,1277528,14,29,0,0,228,0,196267,261631,4fa33dcb-5f76-5f76-aea8-330df7ada03e,4fa33dcb-5f76-5f76-aea8-330df7ada03e
229,1788750180,1277528,14,29,0,0,229,0,197131,262783,6ede00d0-baf4-573f-a0dd-4a503bf7f766,6ede00d0-baf4-573f-a0dd-4a503bf7f766
230,1788750209,1277528,14,29,0,0,230,0,197998,263938,4fa33dcb-5f76-5f76-aea8-330df7ada03e,4fa33dcb-5f76-5f76-aea8-330df7ada03e
231,1788750238,1277528,14,29,0,0,231,0,198862,265090,6ede00d0-baf4-573f-a0dd-4a503bf7f766,6ede00d0-baf4-573f-a0dd-4a503bf7f766
232,1788750267,1277528,14,29,0,0,232,0,199726,266242,4fa33dcb-5f76-5f76-aea8-330df7ada03e,4fa33dcb-5f76-5f76-aea8-330df7ada03e
233,1788750295,1277528,14,29,0,0,233,0,200590,267394,6ede00d0-baf4-573f-a0dd-4a503bf7f766,6ede00d0-baf4-573f-a0dd-4a503bf7f766
234,1788750324,1277528,14,29,0,0,234,0,201454,268546,4fa33dcb-5f76-5f76-aea8-330df7ada03e,4fa33dcb-5f76-5f76-aea8-330df7ada03e
235,1788750353,1277544,14,29,0,0,235,0,202320,269701,6ede00d0-baf4-573f-a0dd-4a503bf7f766,6ede00d0-baf4-573f-a0dd-4a503bf7f766
236,1788750382,1277544,14,29,0,0,236,0,203184,270852,4fa33dcb-5f76-5f76-aea8-330df7ada03e,4fa33dcb-5f76-5f76-aea8-330df7ada03e
237,1788750411,1277544,14,29,0,0,237,0,204048,272004,6ede00d0-baf4-573f-a0dd-4a503bf7f766,6ede00d0-baf4-573f-a0dd-4a503bf7f766
238,1788750439,1277544,14,29,0,0,238,0,204913,273156,4fa33dcb-5f76-5f76-aea8-330df7ada03e,4fa33dcb-5f76-5f76-aea8-330df7ada03e
239,1788750468,1277544,14,29,0,0,239,0,205777,274309,6ede00d0-baf4-573f-a0dd-4a503bf7f766,6ede00d0-baf4-573f-a0dd-4a503bf7f766
240,1788750497,1277544,14,29,0,0,240,0,206644,275465,4fa33dcb-5f76-5f76-aea8-330df7ada03e,4fa33dcb-5f76-5f76-aea8-330df7ada03e
241,1788750526,1277544,14,29,0,0,241,0,207508,276617,6ede00d0-baf4-573f-a0dd-4a503bf7f766,6ede00d0-baf4-573f-a0dd-4a503bf7f766
242,1788750555,1277544,14,29,0,0,242,0,208372,277768,4fa33dcb-5f76-5f76-aea8-330df7ada03e,4fa33dcb-5f76-5f76-aea8-330df7ada03e
243,1788750584,1277544,14,29,0,0,243,0,209236,278921,6ede00d0-baf4-573f-a0dd-4a503bf7f766,6ede00d0-baf4-573f-a0dd-4a503bf7f766
244,1788750612,1277544,14,29,0,0,244,0,210100,280072,4fa33dcb-5f76-5f76-aea8-330df7ada03e,4fa33dcb-5f76-5f76-aea8-330df7ada03e
245,1788750641,1277544,14,29,0,0,245,0,210966,281227,6ede00d0-baf4-573f-a0dd-4a503bf7f766,6ede00d0-baf4-573f-a0dd-4a503bf7f766
246,1788750670,1277544,14,29,0,0,246,0,211831,282379,4fa33dcb-5f76-5f76-aea8-330df7ada03e,4fa33dcb-5f76-5f76-aea8-330df7ada03e
247,1788750699,1277580,14,29,0,0,247,0,212694,283530,6ede00d0-baf4-573f-a0dd-4a503bf7f766,6ede00d0-baf4-573f-a0dd-4a503bf7f766
248,1788750727,1277580,14,29,0,0,248,0,213558,284682,4fa33dcb-5f76-5f76-aea8-330df7ada03e,4fa33dcb-5f76-5f76-aea8-330df7ada03e
249,1788750756,1283204,14,29,0,0,249,0,214422,285833,6ede00d0-baf4-573f-a0dd-4a503bf7f766,6ede00d0-baf4-573f-a0dd-4a503bf7f766
250,1788750785,1283204,14,29,0,0,250,0,215289,286989,4fa33dcb-5f76-5f76-aea8-330df7ada03e,4fa33dcb-5f76-5f76-aea8-330df7ada03e
251,1788750814,1288796,14,29,0,0,251,0,216152,288140,6ede00d0-baf4-573f-a0dd-4a503bf7f766,6ede00d0-baf4-573f-a0dd-4a503bf7f766
252,1788750843,1288796,14,29,0,0,252,0,217016,289292,4fa33dcb-5f76-5f76-aea8-330df7ada03e,4fa33dcb-5f76-5f76-aea8-330df7ada03e
253,1788750871,1288796,14,29,0,0,253,0,217880,290444,6ede00d0-baf4-573f-a0dd-4a503bf7f766,6ede00d0-baf4-573f-a0dd-4a503bf7f766
254,1788750900,1288796,14,29,0,0,254,0,218744,291595,4fa33dcb-5f76-5f76-aea8-330df7ada03e,4fa33dcb-5f76-5f76-aea8-330df7ada03e
255,1788750929,1288796,14,29,0,0,255,0,219611,292751,6ede00d0-baf4-573f-a0dd-4a503bf7f766,6ede00d0-baf4-573f-a0dd-4a503bf7f766
256,1788750958,1288796,14,29,0,0,256,0,220475,293902,4fa33dcb-5f76-5f76-aea8-330df7ada03e,4fa33dcb-5f76-5f76-aea8-330df7ada03e
257,1788750987,1288796,14,29,0,0,257,0,221339,295055,6ede00d0-baf4-573f-a0dd-4a503bf7f766,6ede00d0-baf4-573f-a0dd-4a503bf7f766
258,1788751015,1288796,14,29,0,0,258,0,222203,296206,4fa33dcb-5f76-5f76-aea8-330df7ada03e,4fa33dcb-5f76-5f76-aea8-330df7ada03e
259,1788751044,1288796,14,29,0,0,259,0,223067,297358,6ede00d0-baf4-573f-a0dd-4a503bf7f766,6ede00d0-baf4-573f-a0dd-4a503bf7f766
260,1788751073,1288796,14,29,0,0,260,0,223934,298514,4fa33dcb-5f76-5f76-aea8-330df7ada03e,4fa33dcb-5f76-5f76-aea8-330df7ada03e
261,1788751102,1288796,14,29,0,0,261,0,224798,299665,6ede00d0-baf4-573f-a0dd-4a503bf7f766,6ede00d0-baf4-573f-a0dd-4a503bf7f766
262,1788751131,1288796,14,29,0,0,262,0,225662,300817,4fa33dcb-5f76-5f76-aea8-330df7ada03e,4fa33dcb-5f76-5f76-aea8-330df7ada03e
263,1788751159,1288796,14,29,0,0,263,0,226526,301969,6ede00d0-baf4-573f-a0dd-4a503bf7f766,6ede00d0-baf4-573f-a0dd-4a503bf7f766
264,1788751188,1288796,14,29,0,0,264,0,227390,303120,4fa33dcb-5f76-5f76-aea8-330df7ada03e,4fa33dcb-5f76-5f76-aea8-330df7ada03e
265,1788751217,1288796,14,29,0,0,265,0,228256,304276,6ede00d0-baf4-573f-a0dd-4a503bf7f766,6ede00d0-baf4-573f-a0dd-4a503bf7f766
266,1788751246,1288796,14,29,0,0,266,0,229120,305427,4fa33dcb-5f76-5f76-aea8-330df7ada03e,4fa33dcb-5f76-5f76-aea8-330df7ada03e
267,1788751275,1288796,14,29,0,0,267,0,229984,306579,6ede00d0-baf4-573f-a0dd-4a503bf7f766,6ede00d0-baf4-573f-a0dd-4a503bf7f766
268,1788751303,1288796,14,29,0,0,268,0,230848,307731,4fa33dcb-5f76-5f76-aea8-330df7ada03e,4fa33dcb-5f76-5f76-aea8-330df7ada03e
269,1788751332,1288796,14,29,0,0,269,0,231712,308883,6ede00d0-baf4-573f-a0dd-4a503bf7f766,6ede00d0-baf4-573f-a0dd-4a503bf7f766
270,1788751361,1288796,14,29,0,0,270,0,232579,310038,4fa33dcb-5f76-5f76-aea8-330df7ada03e,4fa33dcb-5f76-5f76-aea8-330df7ada03e
271,1788751390,1288796,14,29,0,0,271,0,233442,311189,6ede00d0-baf4-573f-a0dd-4a503bf7f766,6ede00d0-baf4-573f-a0dd-4a503bf7f766
272,1788751419,1288796,14,29,0,0,272,0,234306,312340,4fa33dcb-5f76-5f76-aea8-330df7ada03e,4fa33dcb-5f76-5f76-aea8-330df7ada03e
273,1788751447,1288796,14,29,0,0,273,0,235170,313492,6ede00d0-baf4-573f-a0dd-4a503bf7f766,6ede00d0-baf4-573f-a0dd-4a503bf7f766
274,1788751476,1288796,14,29,0,0,274,0,236033,314643,4fa33dcb-5f76-5f76-aea8-330df7ada03e,4fa33dcb-5f76-5f76-aea8-330df7ada03e
275,1788751505,1288796,14,29,0,0,275,0,236900,315799,6ede00d0-baf4-573f-a0dd-4a503bf7f766,6ede00d0-baf4-573f-a0dd-4a503bf7f766
276,1788751534,1288796,14,29,0,0,276,0,237764,316950,4fa33dcb-5f76-5f76-aea8-330df7ada03e,4fa33dcb-5f76-5f76-aea8-330df7ada03e
277,1788751563,1288796,14,29,0,0,277,0,238627,318102,6ede00d0-baf4-573f-a0dd-4a503bf7f766,6ede00d0-baf4-573f-a0dd-4a503bf7f766
278,1788751591,1288796,14,29,0,0,278,0,239491,319253,4fa33dcb-5f76-5f76-aea8-330df7ada03e,4fa33dcb-5f76-5f76-aea8-330df7ada03e
279,1788751620,1288796,14,29,0,0,279,0,240355,320405,6ede00d0-baf4-573f-a0dd-4a503bf7f766,6ede00d0-baf4-573f-a0dd-4a503bf7f766
280,1788751649,1288796,14,29,0,0,280,0,241222,321560,4fa33dcb-5f76-5f76-aea8-330df7ada03e,4fa33dcb-5f76-5f76-aea8-330df7ada03e
281,1788751678,1288796,14,29,0,0,281,0,242086,322712,6ede00d0-baf4-573f-a0dd-4a503bf7f766,6ede00d0-baf4-573f-a0dd-4a503bf7f766
282,1788751707,1288796,14,29,0,0,282,0,242949,323863,4fa33dcb-5f76-5f76-aea8-330df7ada03e,4fa33dcb-5f76-5f76-aea8-330df7ada03e
283,1788751735,1288796,14,29,0,0,283,0,243813,325016,6ede00d0-baf4-573f-a0dd-4a503bf7f766,6ede00d0-baf4-573f-a0dd-4a503bf7f766
284,1788751764,1288800,14,29,0,0,284,0,244677,326167,4fa33dcb-5f76-5f76-aea8-330df7ada03e,4fa33dcb-5f76-5f76-aea8-330df7ada03e
285,1788751793,1288800,14,29,0,0,285,0,245544,327322,6ede00d0-baf4-573f-a0dd-4a503bf7f766,6ede00d0-baf4-573f-a0dd-4a503bf7f766
286,1788751822,1288800,14,29,0,0,286,0,246408,328474,4fa33dcb-5f76-5f76-aea8-330df7ada03e,4fa33dcb-5f76-5f76-aea8-330df7ada03e
287,1788751851,1288800,14,29,0,0,287,0,247272,329625,6ede00d0-baf4-573f-a0dd-4a503bf7f766,6ede00d0-baf4-573f-a0dd-4a503bf7f766
288,1788751879,1288800,14,29,0,0,288,0,248135,330776,4fa33dcb-5f76-5f76-aea8-330df7ada03e,4fa33dcb-5f76-5f76-aea8-330df7ada03e
289,1788751908,1288800,14,29,0,0,289,0,248999,331928,6ede00d0-baf4-573f-a0dd-4a503bf7f766,6ede00d0-baf4-573f-a0dd-4a503bf7f766
290,1788751937,1288800,14,29,0,0,290,0,249866,333084,4fa33dcb-5f76-5f76-aea8-330df7ada03e,4fa33dcb-5f76-5f76-aea8-330df7ada03e
291,1788751966,1288800,14,29,0,0,291,0,250730,334236,6ede00d0-baf4-573f-a0dd-4a503bf7f766,6ede00d0-baf4-573f-a0dd-4a503bf7f766
292,1788751995,1288800,14,29,0,0,292,0,251596,335389,4fa33dcb-5f76-5f76-aea8-330df7ada03e,4fa33dcb-5f76-5f76-aea8-330df7ada03e
293,1788752023,1288800,14,29,0,0,293,0,252459,336541,6ede00d0-baf4-573f-a0dd-4a503bf7f766,6ede00d0-baf4-573f-a0dd-4a503bf7f766
294,1788752052,1288800,14,29,0,0,294,0,253324,337693,4fa33dcb-5f76-5f76-aea8-330df7ada03e,4fa33dcb-5f76-5f76-aea8-330df7ada03e
295,1788752081,1288800,14,29,0,0,295,0,254190,338848,6ede00d0-baf4-573f-a0dd-4a503bf7f766,6ede00d0-baf4-573f-a0dd-4a503bf7f766
296,1788752110,1288800,14,29,0,0,296,0,255053,339999,4fa33dcb-5f76-5f76-aea8-330df7ada03e,4fa33dcb-5f76-5f76-aea8-330df7ada03e
297,1788752139,1288800,14,29,0,0,297,0,255917,341151,6ede00d0-baf4-573f-a0dd-4a503bf7f766,6ede00d0-baf4-573f-a0dd-4a503bf7f766
298,1788752167,1288800,14,29,0,0,298,0,256781,342302,4fa33dcb-5f76-5f76-aea8-330df7ada03e,4fa33dcb-5f76-5f76-aea8-330df7ada03e
299,1788752196,1288800,14,29,0,0,299,0,257645,343453,6ede00d0-baf4-573f-a0dd-4a503bf7f766,6ede00d0-baf4-573f-a0dd-4a503bf7f766
300,1788752225,1288800,14,29,0,0,300,0,258511,344609,4fa33dcb-5f76-5f76-aea8-330df7ada03e,4fa33dcb-5f76-5f76-aea8-330df7ada03e
301,1788752254,1288804,14,29,0,0,301,0,259375,345761,6ede00d0-baf4-573f-a0dd-4a503bf7f766,6ede00d0-baf4-573f-a0dd-4a503bf7f766
302,1788752283,1288804,14,29,0,0,302,0,260241,346915,4fa33dcb-5f76-5f76-aea8-330df7ada03e,4fa33dcb-5f76-5f76-aea8-330df7ada03e
303,1788752311,1288804,14,29,0,0,303,0,261105,348067,6ede00d0-baf4-573f-a0dd-4a503bf7f766,6ede00d0-baf4-573f-a0dd-4a503bf7f766
304,1788752340,1288804,14,29,0,0,304,0,261969,349218,4fa33dcb-5f76-5f76-aea8-330df7ada03e,4fa33dcb-5f76-5f76-aea8-330df7ada03e
305,1788752369,1288804,14,29,0,0,305,0,262836,350374,6ede00d0-baf4-573f-a0dd-4a503bf7f766,6ede00d0-baf4-573f-a0dd-4a503bf7f766
306,1788752398,1288804,14,29,0,0,306,0,263699,351525,4fa33dcb-5f76-5f76-aea8-330df7ada03e,4fa33dcb-5f76-5f76-aea8-330df7ada03e
307,1788752427,1288804,14,29,0,0,307,0,264563,352677,6ede00d0-baf4-573f-a0dd-4a503bf7f766,6ede00d0-baf4-573f-a0dd-4a503bf7f766
308,1788752455,1288804,14,29,0,0,308,0,265427,353828,4fa33dcb-5f76-5f76-aea8-330df7ada03e,4fa33dcb-5f76-5f76-aea8-330df7ada03e
309,1788752484,1288804,14,29,0,0,309,0,266291,354980,6ede00d0-baf4-573f-a0dd-4a503bf7f766,6ede00d0-baf4-573f-a0dd-4a503bf7f766
310,1788752513,1288804,14,29,0,0,310,0,267161,356140,4fa33dcb-5f76-5f76-aea8-330df7ada03e,4fa33dcb-5f76-5f76-aea8-330df7ada03e
311,1788752542,1288804,14,29,0,0,311,0,268025,357292,6ede00d0-baf4-573f-a0dd-4a503bf7f766,6ede00d0-baf4-573f-a0dd-4a503bf7f766
312,1788752571,1288804,14,29,0,0,312,0,268889,358443,4fa33dcb-5f76-5f76-aea8-330df7ada03e,4fa33dcb-5f76-5f76-aea8-330df7ada03e
313,1788752600,1288804,14,29,0,0,313,0,269753,359596,6ede00d0-baf4-573f-a0dd-4a503bf7f766,6ede00d0-baf4-573f-a0dd-4a503bf7f766
314,1788752628,1288804,14,29,0,0,314,0,270617,360747,4fa33dcb-5f76-5f76-aea8-330df7ada03e,4fa33dcb-5f76-5f76-aea8-330df7ada03e
315,1788752657,1288808,14,29,0,0,315,0,271483,361902,6ede00d0-baf4-573f-a0dd-4a503bf7f766,6ede00d0-baf4-573f-a0dd-4a503bf7f766
316,1788752686,1288808,14,29,0,0,316,0,272347,363054,4fa33dcb-5f76-5f76-aea8-330df7ada03e,4fa33dcb-5f76-5f76-aea8-330df7ada03e
317,1788752715,1288808,14,29,0,0,317,0,273211,364206,6ede00d0-baf4-573f-a0dd-4a503bf7f766,6ede00d0-baf4-573f-a0dd-4a503bf7f766
318,1788752744,1288808,14,29,0,0,318,0,274075,365357,4fa33dcb-5f76-5f76-aea8-330df7ada03e,4fa33dcb-5f76-5f76-aea8-330df7ada03e
319,1788752772,1288808,14,29,0,0,319,0,274939,366509,6ede00d0-baf4-573f-a0dd-4a503bf7f766,6ede00d0-baf4-573f-a0dd-4a503bf7f766
320,1788752801,1288808,14,29,0,0,320,0,275806,367665,4fa33dcb-5f76-5f76-aea8-330df7ada03e,4fa33dcb-5f76-5f76-aea8-330df7ada03e
321,1788752830,1288808,14,29,0,0,321,0,276670,368817,6ede00d0-baf4-573f-a0dd-4a503bf7f766,6ede00d0-baf4-573f-a0dd-4a503bf7f766
322,1788752859,1288808,14,29,0,0,322,0,277534,369968,4fa33dcb-5f76-5f76-aea8-330df7ada03e,4fa33dcb-5f76-5f76-aea8-330df7ada03e
323,1788752888,1288808,14,29,0,0,323,0,278398,371121,6ede00d0-baf4-573f-a0dd-4a503bf7f766,6ede00d0-baf4-573f-a0dd-4a503bf7f766
324,1788752916,1288808,14,29,0,0,324,0,279262,372272,4fa33dcb-5f76-5f76-aea8-330df7ada03e,4fa33dcb-5f76-5f76-aea8-330df7ada03e
325,1788752945,1288808,14,29,0,0,325,0,280128,373427,6ede00d0-baf4-573f-a0dd-4a503bf7f766,6ede00d0-baf4-573f-a0dd-4a503bf7f766
326,1788752974,1288808,14,29,0,0,326,0,280992,374579,4fa33dcb-5f76-5f76-aea8-330df7ada03e,4fa33dcb-5f76-5f76-aea8-330df7ada03e
327,1788753003,1288808,14,29,0,0,327,0,281856,375730,6ede00d0-baf4-573f-a0dd-4a503bf7f766,6ede00d0-baf4-573f-a0dd-4a503bf7f766
328,1788753032,1288808,14,29,0,0,328,0,282720,376882,4fa33dcb-5f76-5f76-aea8-330df7ada03e,4fa33dcb-5f76-5f76-aea8-330df7ada03e
329,1788753060,1288808,14,29,0,0,329,0,283583,378034,6ede00d0-baf4-573f-a0dd-4a503bf7f766,6ede00d0-baf4-573f-a0dd-4a503bf7f766
330,1788753089,1288808,14,29,0,0,330,0,284451,379190,4fa33dcb-5f76-5f76-aea8-330df7ada03e,4fa33dcb-5f76-5f76-aea8-330df7ada03e
331,1788753118,1288808,14,29,0,0,331,0,285315,380342,6ede00d0-baf4-573f-a0dd-4a503bf7f766,6ede00d0-baf4-573f-a0dd-4a503bf7f766
332,1788753147,1288812,14,29,0,0,332,0,286179,381494,4fa33dcb-5f76-5f76-aea8-330df7ada03e,4fa33dcb-5f76-5f76-aea8-330df7ada03e
333,1788753176,1288812,14,29,0,0,333,0,287043,382645,6ede00d0-baf4-573f-a0dd-4a503bf7f766,6ede00d0-baf4-573f-a0dd-4a503bf7f766
334,1788753204,1288812,14,29,0,0,334,0,287907,383797,4fa33dcb-5f76-5f76-aea8-330df7ada03e,4fa33dcb-5f76-5f76-aea8-330df7ada03e
335,1788753233,1288812,14,29,0,0,335,0,288773,384953,6ede00d0-baf4-573f-a0dd-4a503bf7f766,6ede00d0-baf4-573f-a0dd-4a503bf7f766
336,1788753262,1288812,14,29,0,0,336,0,289638,386105,4fa33dcb-5f76-5f76-aea8-330df7ada03e,4fa33dcb-5f76-5f76-aea8-330df7ada03e
337,1788753291,1288812,14,29,0,0,337,0,290502,387257,6ede00d0-baf4-573f-a0dd-4a503bf7f766,6ede00d0-baf4-573f-a0dd-4a503bf7f766
338,1788753320,1288812,14,29,0,0,338,0,291366,388409,4fa33dcb-5f76-5f76-aea8-330df7ada03e,4fa33dcb-5f76-5f76-aea8-330df7ada03e
339,1788753348,1288812,14,29,0,0,339,0,292230,389561,6ede00d0-baf4-573f-a0dd-4a503bf7f766,6ede00d0-baf4-573f-a0dd-4a503bf7f766
340,1788753377,1288812,14,29,0,0,340,0,293097,390716,4fa33dcb-5f76-5f76-aea8-330df7ada03e,4fa33dcb-5f76-5f76-aea8-330df7ada03e
341,1788753406,1288812,14,29,0,0,341,0,293960,391867,6ede00d0-baf4-573f-a0dd-4a503bf7f766,6ede00d0-baf4-573f-a0dd-4a503bf7f766
342,1788753435,1288812,14,29,0,0,342,0,294824,393019,4fa33dcb-5f76-5f76-aea8-330df7ada03e,4fa33dcb-5f76-5f76-aea8-330df7ada03e
343,1788753464,1288812,14,29,0,0,343,0,295688,394171,6ede00d0-baf4-573f-a0dd-4a503bf7f766,6ede00d0-baf4-573f-a0dd-4a503bf7f766
344,1788753492,1288812,14,29,0,0,344,0,296552,395322,4fa33dcb-5f76-5f76-aea8-330df7ada03e,4fa33dcb-5f76-5f76-aea8-330df7ada03e
345,1788753521,1288812,14,29,0,0,345,0,297419,396479,6ede00d0-baf4-573f-a0dd-4a503bf7f766,6ede00d0-baf4-573f-a0dd-4a503bf7f766
346,1788753550,1288812,14,29,0,0,346,0,298283,397630,4fa33dcb-5f76-5f76-aea8-330df7ada03e,4fa33dcb-5f76-5f76-aea8-330df7ada03e
347,1788753579,1288816,14,29,0,0,347,0,299147,398782,6ede00d0-baf4-573f-a0dd-4a503bf7f766,6ede00d0-baf4-573f-a0dd-4a503bf7f766
348,1788753608,1288816,14,29,0,0,348,0,300011,399934,4fa33dcb-5f76-5f76-aea8-330df7ada03e,4fa33dcb-5f76-5f76-aea8-330df7ada03e
349,1788753636,1288816,14,29,0,0,349,0,300875,401086,6ede00d0-baf4-573f-a0dd-4a503bf7f766,6ede00d0-baf4-573f-a0dd-4a503bf7f766
350,1788753665,1288816,14,29,0,0,350,0,301742,402241,4fa33dcb-5f76-5f76-aea8-330df7ada03e,4fa33dcb-5f76-5f76-aea8-330df7ada03e
351,1788753694,1288816,14,29,0,0,351,0,302606,403393,6ede00d0-baf4-573f-a0dd-4a503bf7f766,6ede00d0-baf4-573f-a0dd-4a503bf7f766
352,1788753723,1288816,14,29,0,0,352,0,303470,404545,4fa33dcb-5f76-5f76-aea8-330df7ada03e,4fa33dcb-5f76-5f76-aea8-330df7ada03e
353,1788753752,1288816,14,29,0,0,353,0,304334,405697,6ede00d0-baf4-573f-a0dd-4a503bf7f766,6ede00d0-baf4-573f-a0dd-4a503bf7f766
354,1788753780,1288816,14,29,0,0,354,0,305198,406848,4fa33dcb-5f76-5f76-aea8-330df7ada03e,4fa33dcb-5f76-5f76-aea8-330df7ada03e
355,1788753809,1288816,14,29,0,0,355,0,306065,408004,6ede00d0-baf4-573f-a0dd-4a503bf7f766,6ede00d0-baf4-573f-a0dd-4a503bf7f766
356,1788753838,1288816,14,29,0,0,356,0,306929,409156,4fa33dcb-5f76-5f76-aea8-330df7ada03e,4fa33dcb-5f76-5f76-aea8-330df7ada03e
357,1788753867,1288816,14,29,0,0,357,0,307793,410308,6ede00d0-baf4-573f-a0dd-4a503bf7f766,6ede00d0-baf4-573f-a0dd-4a503bf7f766
358,1788753896,1288816,14,29,0,0,358,0,308657,411459,4fa33dcb-5f76-5f76-aea8-330df7ada03e,4fa33dcb-5f76-5f76-aea8-330df7ada03e
359,1788753924,1288816,14,29,0,0,359,0,309520,412611,6ede00d0-baf4-573f-a0dd-4a503bf7f766,6ede00d0-baf4-573f-a0dd-4a503bf7f766
360,1788753953,1288816,14,29,0,0,360,0,310387,413766,4fa33dcb-5f76-5f76-aea8-330df7ada03e,4fa33dcb-5f76-5f76-aea8-330df7ada03e
361,1788753982,1288816,14,29,0,0,361,0,311250,414918,6ede00d0-baf4-573f-a0dd-4a503bf7f766,6ede00d0-baf4-573f-a0dd-4a503bf7f766
362,1788754011,1288816,14,29,0,0,362,0,312114,416069,4fa33dcb-5f76-5f76-aea8-330df7ada03e,4fa33dcb-5f76-5f76-aea8-330df7ada03e
363,1788754040,1288820,14,29,0,0,363,0,312979,417222,6ede00d0-baf4-573f-a0dd-4a503bf7f766,6ede00d0-baf4-573f-a0dd-4a503bf7f766
364,1788754068,1288820,14,29,0,0,364,0,313843,418373,4fa33dcb-5f76-5f76-aea8-330df7ada03e,4fa33dcb-5f76-5f76-aea8-330df7ada03e
365,1788754097,1288820,14,29,0,0,365,0,314709,419529,6ede00d0-baf4-573f-a0dd-4a503bf7f766,6ede00d0-baf4-573f-a0dd-4a503bf7f766
366,1788754126,1288820,14,29,0,0,366,0,315574,420681,4fa33dcb-5f76-5f76-aea8-330df7ada03e,4fa33dcb-5f76-5f76-aea8-330df7ada03e
367,1788754155,1288820,14,29,0,0,367,0,316437,421832,6ede00d0-baf4-573f-a0dd-4a503bf7f766,6ede00d0-baf4-573f-a0dd-4a503bf7f766
368,1788754184,1288820,14,29,0,0,368,0,317301,422984,4fa33dcb-5f76-5f76-aea8-330df7ada03e,4fa33dcb-5f76-5f76-aea8-330df7ada03e
369,1788754212,1288820,14,29,0,0,369,0,318166,424136,6ede00d0-baf4-573f-a0dd-4a503bf7f766,6ede00d0-baf4-573f-a0dd-4a503bf7f766
370,1788754241,1288820,14,29,0,0,370,0,319032,425291,4fa33dcb-5f76-5f76-aea8-330df7ada03e,4fa33dcb-5f76-5f76-aea8-330df7ada03e
371,1788754270,1288820,14,29,0,0,371,0,319896,426443,6ede00d0-baf4-573f-a0dd-4a503bf7f766,6ede00d0-baf4-573f-a0dd-4a503bf7f766
372,1788754299,1288820,14,29,0,0,372,0,320760,427595,4fa33dcb-5f76-5f76-aea8-330df7ada03e,4fa33dcb-5f76-5f76-aea8-330df7ada03e
373,1788754328,1288820,14,29,0,0,373,0,321624,428746,6ede00d0-baf4-573f-a0dd-4a503bf7f766,6ede00d0-baf4-573f-a0dd-4a503bf7f766
374,1788754356,1288820,14,29,0,0,374,0,322486,429897,4fa33dcb-5f76-5f76-aea8-330df7ada03e,4fa33dcb-5f76-5f76-aea8-330df7ada03e
375,1788754385,1288820,14,29,0,0,375,0,323352,431052,6ede00d0-baf4-573f-a0dd-4a503bf7f766,6ede00d0-baf4-573f-a0dd-4a503bf7f766
376,1788754414,1288820,14,29,0,0,376,0,324217,432205,4fa33dcb-5f76-5f76-aea8-330df7ada03e,4fa33dcb-5f76-5f76-aea8-330df7ada03e
377,1788754443,1288820,14,29,0,0,377,0,325081,433356,6ede00d0-baf4-573f-a0dd-4a503bf7f766,6ede00d0-baf4-573f-a0dd-4a503bf7f766
378,1788754472,1288820,14,29,0,0,378,0,325947,434511,4fa33dcb-5f76-5f76-aea8-330df7ada03e,4fa33dcb-5f76-5f76-aea8-330df7ada03e
379,1788754500,1288824,14,29,0,0,379,0,326811,435663,6ede00d0-baf4-573f-a0dd-4a503bf7f766,6ede00d0-baf4-573f-a0dd-4a503bf7f766
380,1788754529,1288824,14,29,0,0,380,0,327678,436819,4fa33dcb-5f76-5f76-aea8-330df7ada03e,4fa33dcb-5f76-5f76-aea8-330df7ada03e
381,1788754558,1288824,14,29,0,0,381,0,328542,437971,6ede00d0-baf4-573f-a0dd-4a503bf7f766,6ede00d0-baf4-573f-a0dd-4a503bf7f766
382,1788754587,1288824,14,29,0,0,382,0,329406,439123,4fa33dcb-5f76-5f76-aea8-330df7ada03e,4fa33dcb-5f76-5f76-aea8-330df7ada03e
383,1788754616,1288824,14,29,0,0,383,0,330270,440275,6ede00d0-baf4-573f-a0dd-4a503bf7f766,6ede00d0-baf4-573f-a0dd-4a503bf7f766
384,1788754644,1288824,14,29,0,0,384,0,331135,441427,4fa33dcb-5f76-5f76-aea8-330df7ada03e,4fa33dcb-5f76-5f76-aea8-330df7ada03e
385,1788754673,1288824,14,29,0,0,385,0,332001,442583,6ede00d0-baf4-573f-a0dd-4a503bf7f766,6ede00d0-baf4-573f-a0dd-4a503bf7f766
386,1788754702,1288824,14,29,0,0,386,0,332865,443734,4fa33dcb-5f76-5f76-aea8-330df7ada03e,4fa33dcb-5f76-5f76-aea8-330df7ada03e
387,1788754731,1288824,14,29,0,0,387,0,333729,444886,6ede00d0-baf4-573f-a0dd-4a503bf7f766,6ede00d0-baf4-573f-a0dd-4a503bf7f766
388,1788754760,1288824,14,29,0,0,388,0,334593,446037,4fa33dcb-5f76-5f76-aea8-330df7ada03e,4fa33dcb-5f76-5f76-aea8-330df7ada03e
389,1788754788,1288824,14,29,0,0,389,0,335457,447190,6ede00d0-baf4-573f-a0dd-4a503bf7f766,6ede00d0-baf4-573f-a0dd-4a503bf7f766
390,1788754817,1288824,14,29,0,0,390,0,336323,448344,4fa33dcb-5f76-5f76-aea8-330df7ada03e,4fa33dcb-5f76-5f76-aea8-330df7ada03e
391,1788754846,1288824,14,29,0,0,391,0,337187,449496,6ede00d0-baf4-573f-a0dd-4a503bf7f766,6ede00d0-baf4-573f-a0dd-4a503bf7f766
392,1788754875,1288824,14,29,0,0,392,0,338051,450647,4fa33dcb-5f76-5f76-aea8-330df7ada03e,4fa33dcb-5f76-5f76-aea8-330df7ada03e
393,1788754904,1288824,14,29,0,0,393,0,338915,451800,6ede00d0-baf4-573f-a0dd-4a503bf7f766,6ede00d0-baf4-573f-a0dd-4a503bf7f766
394,1788754932,1288824,14,29,0,0,394,0,339779,452951,4fa33dcb-5f76-5f76-aea8-330df7ada03e,4fa33dcb-5f76-5f76-aea8-330df7ada03e
395,1788754961,1288828,14,29,0,0,395,0,340645,454106,6ede00d0-baf4-573f-a0dd-4a503bf7f766,6ede00d0-baf4-573f-a0dd-4a503bf7f766
396,1788754990,1288828,14,29,0,0,396,0,341511,455260,4fa33dcb-5f76-5f76-aea8-330df7ada03e,4fa33dcb-5f76-5f76-aea8-330df7ada03e
397,1788755019,1288828,14,29,0,0,397,0,342374,456411,6ede00d0-baf4-573f-a0dd-4a503bf7f766,6ede00d0-baf4-573f-a0dd-4a503bf7f766
398,1788755048,1288828,14,29,0,0,398,0,343238,457563,4fa33dcb-5f76-5f76-aea8-330df7ada03e,4fa33dcb-5f76-5f76-aea8-330df7ada03e
399,1788755076,1288828,14,29,0,0,399,0,344102,458715,6ede00d0-baf4-573f-a0dd-4a503bf7f766,6ede00d0-baf4-573f-a0dd-4a503bf7f766
400,1788755105,1288828,14,29,0,0,400,0,344969,459870,4fa33dcb-5f76-5f76-aea8-330df7ada03e,4fa33dcb-5f76-5f76-aea8-330df7ada03e
401,1788755134,1288828,14,29,0,0,401,0,345832,461022,6ede00d0-baf4-573f-a0dd-4a503bf7f766,6ede00d0-baf4-573f-a0dd-4a503bf7f766
402,1788755163,1288828,14,29,0,0,402,0,346696,462173,4fa33dcb-5f76-5f76-aea8-330df7ada03e,4fa33dcb-5f76-5f76-aea8-330df7ada03e
403,1788755192,1288828,14,29,0,0,403,0,347560,463324,6ede00d0-baf4-573f-a0dd-4a503bf7f766,6ede00d0-baf4-573f-a0dd-4a503bf7f766
404,1788755220,1288828,14,29,0,0,404,0,348424,464476,4fa33dcb-5f76-5f76-aea8-330df7ada03e,4fa33dcb-5f76-5f76-aea8-330df7ada03e
405,1788755249,1288828,14,29,0,0,405,0,349290,465631,6ede00d0-baf4-573f-a0dd-4a503bf7f766,6ede00d0-baf4-573f-a0dd-4a503bf7f766
406,1788755278,1288828,14,29,0,0,406,0,350156,466786,4fa33dcb-5f76-5f76-aea8-330df7ada03e,4fa33dcb-5f76-5f76-aea8-330df7ada03e
407,1788755307,1288828,14,29,0,0,407,0,351020,467938,6ede00d0-baf4-573f-a0dd-4a503bf7f766,6ede00d0-baf4-573f-a0dd-4a503bf7f766
408,1788755336,1288828,14,29,0,0,408,0,351884,469089,4fa33dcb-5f76-5f76-aea8-330df7ada03e,4fa33dcb-5f76-5f76-aea8-330df7ada03e
409,1788755364,1288832,14,29,0,0,409,0,352748,470241,6ede00d0-baf4-573f-a0dd-4a503bf7f766,6ede00d0-baf4-573f-a0dd-4a503bf7f766
410,1788755393,1288832,14,29,0,0,410,0,353615,471396,4fa33dcb-5f76-5f76-aea8-330df7ada03e,4fa33dcb-5f76-5f76-aea8-330df7ada03e
411,1788755422,1288832,14,29,0,0,411,0,354479,472548,6ede00d0-baf4-573f-a0dd-4a503bf7f766,6ede00d0-baf4-573f-a0dd-4a503bf7f766
412,1788755451,1288832,14,29,0,0,412,0,355343,473700,4fa33dcb-5f76-5f76-aea8-330df7ada03e,4fa33dcb-5f76-5f76-aea8-330df7ada03e
413,1788755480,1288832,14,29,0,0,413,0,356207,474852,6ede00d0-baf4-573f-a0dd-4a503bf7f766,6ede00d0-baf4-573f-a0dd-4a503bf7f766
414,1788755508,1288832,14,29,0,0,414,0,357070,476003,4fa33dcb-5f76-5f76-aea8-330df7ada03e,4fa33dcb-5f76-5f76-aea8-330df7ada03e
415,1788755537,1288832,14,29,0,0,415,0,357937,477157,6ede00d0-baf4-573f-a0dd-4a503bf7f766,6ede00d0-baf4-573f-a0dd-4a503bf7f766
416,1788755566,1288832,14,29,0,0,416,0,358801,478309,4fa33dcb-5f76-5f76-aea8-330df7ada03e,4fa33dcb-5f76-5f76-aea8-330df7ada03e
417,1788755595,1288832,14,29,0,0,417,0,359664,479460,6ede00d0-baf4-573f-a0dd-4a503bf7f766,6ede00d0-baf4-573f-a0dd-4a503bf7f766
418,1788755624,1288832,14,29,0,0,418,0,360528,480612,4fa33dcb-5f76-5f76-aea8-330df7ada03e,4fa33dcb-5f76-5f76-aea8-330df7ada03e
419,1788755652,1288832,14,29,0,0,419,0,361392,481764,6ede00d0-baf4-573f-a0dd-4a503bf7f766,6ede00d0-baf4-573f-a0dd-4a503bf7f766
420,1788755681,1288832,14,29,0,0,420,0,362259,482919,4fa33dcb-5f76-5f76-aea8-330df7ada03e,4fa33dcb-5f76-5f76-aea8-330df7ada03e
421,1788755710,1288832,14,29,0,0,421,0,363122,484071,6ede00d0-baf4-573f-a0dd-4a503bf7f766,6ede00d0-baf4-573f-a0dd-4a503bf7f766
422,1788755739,1288832,14,29,0,0,422,0,363986,485222,4fa33dcb-5f76-5f76-aea8-330df7ada03e,4fa33dcb-5f76-5f76-aea8-330df7ada03e
423,1788755768,1288832,14,29,0,0,423,0,364850,486374,6ede00d0-baf4-573f-a0dd-4a503bf7f766,6ede00d0-baf4-573f-a0dd-4a503bf7f766
424,1788755796,1288832,14,29,0,0,424,0,365715,487526,4fa33dcb-5f76-5f76-aea8-330df7ada03e,4fa33dcb-5f76-5f76-aea8-330df7ada03e
425,1788755825,1288832,14,29,0,0,425,0,366581,488681,6ede00d0-baf4-573f-a0dd-4a503bf7f766,6ede00d0-baf4-573f-a0dd-4a503bf7f766
426,1788755854,1288836,14,29,0,0,426,0,367444,489832,4fa33dcb-5f76-5f76-aea8-330df7ada03e,4fa33dcb-5f76-5f76-aea8-330df7ada03e
427,1788755883,1288836,14,29,0,0,427,0,368309,490985,6ede00d0-baf4-573f-a0dd-4a503bf7f766,6ede00d0-baf4-573f-a0dd-4a503bf7f766
428,1788755912,1288836,14,29,0,0,428,0,369171,492136,4fa33dcb-5f76-5f76-aea8-330df7ada03e,4fa33dcb-5f76-5f76-aea8-330df7ada03e
429,1788755940,1288836,14,29,0,0,429,0,370035,493287,6ede00d0-baf4-573f-a0dd-4a503bf7f766,6ede00d0-baf4-573f-a0dd-4a503bf7f766
430,1788755969,1288836,14,29,0,0,430,0,370900,494442,4fa33dcb-5f76-5f76-aea8-330df7ada03e,4fa33dcb-5f76-5f76-aea8-330df7ada03e
431,1788755998,1288836,14,29,0,0,431,0,371764,495594,6ede00d0-baf4-573f-a0dd-4a503bf7f766,6ede00d0-baf4-573f-a0dd-4a503bf7f766
432,1788756027,1288836,14,29,0,0,432,0,372628,496746,4fa33dcb-5f76-5f76-aea8-330df7ada03e,4fa33dcb-5f76-5f76-aea8-330df7ada03e
433,1788756056,1288836,14,29,0,0,433,0,373492,497898,6ede00d0-baf4-573f-a0dd-4a503bf7f766,6ede00d0-baf4-573f-a0dd-4a503bf7f766
434,1788756084,1288836,14,29,0,0,434,0,374356,499050,4fa33dcb-5f76-5f76-aea8-330df7ada03e,4fa33dcb-5f76-5f76-aea8-330df7ada03e
435,1788756113,1288836,14,29,0,0,435,0,375223,500206,6ede00d0-baf4-573f-a0dd-4a503bf7f766,6ede00d0-baf4-573f-a0dd-4a503bf7f766
436,1788756142,1288836,14,29,0,0,436,0,376086,501357,4fa33dcb-5f76-5f76-aea8-330df7ada03e,4fa33dcb-5f76-5f76-aea8-330df7ada03e
437,1788756171,1288836,14,29,0,0,437,0,376951,502510,6ede00d0-baf4-573f-a0dd-4a503bf7f766,6ede00d0-baf4-573f-a0dd-4a503bf7f766
438,1788756200,1288836,14,29,0,0,438,0,377815,503662,4fa33dcb-5f76-5f76-aea8-330df7ada03e,4fa33dcb-5f76-5f76-aea8-330df7ada03e
439,1788756228,1288836,14,29,0,0,439,0,378680,504815,6ede00d0-baf4-573f-a0dd-4a503bf7f766,6ede00d0-baf4-573f-a0dd-4a503bf7f766
440,1788756257,1288836,14,29,0,0,440,0,379546,505969,4fa33dcb-5f76-5f76-aea8-330df7ada03e,4fa33dcb-5f76-5f76-aea8-330df7ada03e
441,1788756286,1288836,14,29,0,0,441,0,380410,507121,6ede00d0-baf4-573f-a0dd-4a503bf7f766,6ede00d0-baf4-573f-a0dd-4a503bf7f766
442,1788756315,1288840,14,29,0,0,442,0,381274,508273,4fa33dcb-5f76-5f76-aea8-330df7ada03e,4fa33dcb-5f76-5f76-aea8-330df7ada03e
443,1788756344,1288840,14,29,0,0,443,0,382138,509425,6ede00d0-baf4-573f-a0dd-4a503bf7f766,6ede00d0-baf4-573f-a0dd-4a503bf7f766
444,1788756372,1288840,14,29,0,0,444,0,383002,510577,4fa33dcb-5f76-5f76-aea8-330df7ada03e,4fa33dcb-5f76-5f76-aea8-330df7ada03e
445,1788756401,1288840,14,29,0,0,445,0,383869,511733,6ede00d0-baf4-573f-a0dd-4a503bf7f766,6ede00d0-baf4-573f-a0dd-4a503bf7f766
446,1788756430,1288840,14,29,0,0,446,0,384733,512884,4fa33dcb-5f76-5f76-aea8-330df7ada03e,4fa33dcb-5f76-5f76-aea8-330df7ada03e
447,1788756459,1288840,14,29,0,0,447,0,385597,514036,6ede00d0-baf4-573f-a0dd-4a503bf7f766,6ede00d0-baf4-573f-a0dd-4a503bf7f766
448,1788756488,1288840,14,29,0,0,448,0,386461,515188,4fa33dcb-5f76-5f76-aea8-330df7ada03e,4fa33dcb-5f76-5f76-aea8-330df7ada03e
449,1788756516,1288920,14,29,0,0,449,0,387325,516340,6ede00d0-baf4-573f-a0dd-4a503bf7f766,6ede00d0-baf4-573f-a0dd-4a503bf7f766
450,1788756545,1288920,14,29,0,0,450,0,388191,517492,4fa33dcb-5f76-5f76-aea8-330df7ada03e,4fa33dcb-5f76-5f76-aea8-330df7ada03e
451,1788756574,1288920,14,29,0,0,451,0,389055,518645,6ede00d0-baf4-573f-a0dd-4a503bf7f766,6ede00d0-baf4-573f-a0dd-4a503bf7f766
452,1788756603,1288920,14,29,0,0,452,0,389918,519796,4fa33dcb-5f76-5f76-aea8-330df7ada03e,4fa33dcb-5f76-5f76-aea8-330df7ada03e
453,1788756632,1288920,14,29,0,0,453,0,390782,520948,6ede00d0-baf4-573f-a0dd-4a503bf7f766,6ede00d0-baf4-573f-a0dd-4a503bf7f766
454,1788756660,1288920,14,29,0,0,454,0,391646,522099,4fa33dcb-5f76-5f76-aea8-330df7ada03e,4fa33dcb-5f76-5f76-aea8-330df7ada03e
455,1788756689,1288920,14,29,0,0,455,0,392513,523255,6ede00d0-baf4-573f-a0dd-4a503bf7f766,6ede00d0-baf4-573f-a0dd-4a503bf7f766
456,1788756718,1288920,14,29,0,0,456,0,393378,524409,4fa33dcb-5f76-5f76-aea8-330df7ada03e,4fa33dcb-5f76-5f76-aea8-330df7ada03e
457,1788756747,1288920,14,29,0,0,457,0,394243,525561,6ede00d0-baf4-573f-a0dd-4a503bf7f766,6ede00d0-baf4-573f-a0dd-4a503bf7f766
458,1788756776,1288920,14,29,0,0,458,0,395107,526713,4fa33dcb-5f76-5f76-aea8-330df7ada03e,4fa33dcb-5f76-5f76-aea8-330df7ada03e
459,1788756804,1288920,14,29,0,0,459,0,395970,527864,6ede00d0-baf4-573f-a0dd-4a503bf7f766,6ede00d0-baf4-573f-a0dd-4a503bf7f766
460,1788756833,1288920,14,29,0,0,460,0,396837,529019,4fa33dcb-5f76-5f76-aea8-330df7ada03e,4fa33dcb-5f76-5f76-aea8-330df7ada03e
461,1788756862,1288920,14,29,0,0,461,0,397701,530171,6ede00d0-baf4-573f-a0dd-4a503bf7f766,6ede00d0-baf4-573f-a0dd-4a503bf7f766
462,1788756891,1288920,14,29,0,0,462,0,398564,531322,4fa33dcb-5f76-5f76-aea8-330df7ada03e,4fa33dcb-5f76-5f76-aea8-330df7ada03e
463,1788756920,1288920,14,29,0,0,463,0,399428,532474,6ede00d0-baf4-573f-a0dd-4a503bf7f766,6ede00d0-baf4-573f-a0dd-4a503bf7f766
464,1788756948,1288920,14,29,0,0,464,0,400292,533627,4fa33dcb-5f76-5f76-aea8-330df7ada03e,4fa33dcb-5f76-5f76-aea8-330df7ada03e
465,1788756977,1288920,14,29,0,0,465,0,401159,534783,6ede00d0-baf4-573f-a0dd-4a503bf7f766,6ede00d0-baf4-573f-a0dd-4a503bf7f766
466,1788757006,1288920,14,29,0,0,466,0,402023,535934,4fa33dcb-5f76-5f76-aea8-330df7ada03e,4fa33dcb-5f76-5f76-aea8-330df7ada03e
467,1788757035,1288920,14,29,0,0,467,0,402887,537086,6ede00d0-baf4-573f-a0dd-4a503bf7f766,6ede00d0-baf4-573f-a0dd-4a503bf7f766
468,1788757064,1288920,14,29,0,0,468,0,403751,538238,4fa33dcb-5f76-5f76-aea8-330df7ada03e,4fa33dcb-5f76-5f76-aea8-330df7ada03e
469,1788757092,1288920,14,29,0,0,469,0,404615,539389,6ede00d0-baf4-573f-a0dd-4a503bf7f766,6ede00d0-baf4-573f-a0dd-4a503bf7f766
470,1788757121,1288920,14,29,0,0,470,0,405481,540544,4fa33dcb-5f76-5f76-aea8-330df7ada03e,4fa33dcb-5f76-5f76-aea8-330df7ada03e
471,1788757150,1288920,14,29,0,0,471,0,406345,541696,6ede00d0-baf4-573f-a0dd-4a503bf7f766,6ede00d0-baf4-573f-a0dd-4a503bf7f766
472,1788757179,1288920,14,29,0,0,472,0,407209,542848,4fa33dcb-5f76-5f76-aea8-330df7ada03e,4fa33dcb-5f76-5f76-aea8-330df7ada03e
473,1788757208,1288920,14,29,0,0,473,0,408072,543999,6ede00d0-baf4-573f-a0dd-4a503bf7f766,6ede00d0-baf4-573f-a0dd-4a503bf7f766
474,1788757236,1288920,14,29,0,0,474,0,408936,545151,4fa33dcb-5f76-5f76-aea8-330df7ada03e,4fa33dcb-5f76-5f76-aea8-330df7ada03e
475,1788757265,1288920,14,29,0,0,475,0,409803,546306,6ede00d0-baf4-573f-a0dd-4a503bf7f766,6ede00d0-baf4-573f-a0dd-4a503bf7f766
476,1788757294,1288920,14,29,0,0,476,0,410667,547458,4fa33dcb-5f76-5f76-aea8-330df7ada03e,4fa33dcb-5f76-5f76-aea8-330df7ada03e
477,1788757323,1288920,14,29,0,0,477,0,411531,548610,6ede00d0-baf4-573f-a0dd-4a503bf7f766,6ede00d0-baf4-573f-a0dd-4a503bf7f766
478,1788757352,1288920,14,29,0,0,478,0,412395,549762,4fa33dcb-5f76-5f76-aea8-330df7ada03e,4fa33dcb-5f76-5f76-aea8-330df7ada03e
479,1788757380,1288920,14,29,0,0,479,0,413259,550914,6ede00d0-baf4-573f-a0dd-4a503bf7f766,6ede00d0-baf4-573f-a0dd-4a503bf7f766
480,1788757409,1288920,14,29,0,0,480,0,414125,552069,4fa33dcb-5f76-5f76-aea8-330df7ada03e,4fa33dcb-5f76-5f76-aea8-330df7ada03e
481,1788757438,1288920,14,29,0,0,481,0,414989,553221,6ede00d0-baf4-573f-a0dd-4a503bf7f766,6ede00d0-baf4-573f-a0dd-4a503bf7f766
482,1788757467,1288920,14,29,0,0,482,0,415854,554373,4fa33dcb-5f76-5f76-aea8-330df7ada03e,4fa33dcb-5f76-5f76-aea8-330df7ada03e
483,1788757496,1288920,14,29,0,0,483,0,416718,555525,6ede00d0-baf4-573f-a0dd-4a503bf7f766,6ede00d0-baf4-573f-a0dd-4a503bf7f766
484,1788757524,1288920,14,29,0,0,484,0,417583,556677,4fa33dcb-5f76-5f76-aea8-330df7ada03e,4fa33dcb-5f76-5f76-aea8-330df7ada03e
485,1788757553,1288920,14,29,0,0,485,0,418450,557834,6ede00d0-baf4-573f-a0dd-4a503bf7f766,6ede00d0-baf4-573f-a0dd-4a503bf7f766
486,1788757582,1288920,14,29,0,0,486,0,419314,558985,4fa33dcb-5f76-5f76-aea8-330df7ada03e,4fa33dcb-5f76-5f76-aea8-330df7ada03e
487,1788757611,1288920,14,29,0,0,487,0,420178,560138,6ede00d0-baf4-573f-a0dd-4a503bf7f766,6ede00d0-baf4-573f-a0dd-4a503bf7f766
488,1788757640,1288920,14,29,0,0,488,0,421042,561289,4fa33dcb-5f76-5f76-aea8-330df7ada03e,4fa33dcb-5f76-5f76-aea8-330df7ada03e
489,1788757669,1288920,14,29,0,0,489,0,421906,562442,6ede00d0-baf4-573f-a0dd-4a503bf7f766,6ede00d0-baf4-573f-a0dd-4a503bf7f766
490,1788757697,1288920,14,29,0,0,490,0,422773,563598,4fa33dcb-5f76-5f76-aea8-330df7ada03e,4fa33dcb-5f76-5f76-aea8-330df7ada03e
491,1788757726,1288920,14,29,0,0,491,0,423637,564749,6ede00d0-baf4-573f-a0dd-4a503bf7f766,6ede00d0-baf4-573f-a0dd-4a503bf7f766
492,1788757755,1288920,14,29,0,0,492,0,424502,565902,4fa33dcb-5f76-5f76-aea8-330df7ada03e,4fa33dcb-5f76-5f76-aea8-330df7ada03e
493,1788757784,1288960,14,29,0,0,493,0,425366,567054,6ede00d0-baf4-573f-a0dd-4a503bf7f766,6ede00d0-baf4-573f-a0dd-4a503bf7f766
494,1788757813,1288968,14,29,0,0,494,0,426229,568205,4fa33dcb-5f76-5f76-aea8-330df7ada03e,4fa33dcb-5f76-5f76-aea8-330df7ada03e
495,1788757841,1289008,14,29,0,0,495,0,427096,569360,6ede00d0-baf4-573f-a0dd-4a503bf7f766,6ede00d0-baf4-573f-a0dd-4a503bf7f766
496,1788757870,1294596,14,29,0,0,496,0,427960,570512,4fa33dcb-5f76-5f76-aea8-330df7ada03e,4fa33dcb-5f76-5f76-aea8-330df7ada03e
497,1788757899,1300180,14,29,0,0,497,0,428824,571664,6ede00d0-baf4-573f-a0dd-4a503bf7f766,6ede00d0-baf4-573f-a0dd-4a503bf7f766
498,1788757928,1300180,14,29,0,0,498,0,429688,572816,4fa33dcb-5f76-5f76-aea8-330df7ada03e,4fa33dcb-5f76-5f76-aea8-330df7ada03e
499,1788757957,1300180,14,29,0,0,499,0,430552,573967,6ede00d0-baf4-573f-a0dd-4a503bf7f766,6ede00d0-baf4-573f-a0dd-4a503bf7f766
500,1788757985,1300180,14,29,0,0,500,0,431418,575122,4fa33dcb-5f76-5f76-aea8-330df7ada03e,4fa33dcb-5f76-5f76-aea8-330df7ada03e
501,1788758014,1300180,14,29,0,0,501,0,432282,576274,6ede00d0-baf4-573f-a0dd-4a503bf7f766,6ede00d0-baf4-573f-a0dd-4a503bf7f766
502,1788758043,1300180,14,29,0,0,502,0,433147,577427,4fa33dcb-5f76-5f76-aea8-330df7ada03e,4fa33dcb-5f76-5f76-aea8-330df7ada03e
503,1788758072,1300180,14,29,0,0,503,0,434011,578579,6ede00d0-baf4-573f-a0dd-4a503bf7f766,6ede00d0-baf4-573f-a0dd-4a503bf7f766
504,1788758101,1300180,14,29,0,0,504,0,434875,579730,4fa33dcb-5f76-5f76-aea8-330df7ada03e,4fa33dcb-5f76-5f76-aea8-330df7ada03e
505,1788758129,1300180,14,29,0,0,505,0,435741,580885,6ede00d0-baf4-573f-a0dd-4a503bf7f766,6ede00d0-baf4-573f-a0dd-4a503bf7f766
506,1788758158,1300180,14,29,0,0,506,0,436605,582037,4fa33dcb-5f76-5f76-aea8-330df7ada03e,4fa33dcb-5f76-5f76-aea8-330df7ada03e
507,1788758187,1300180,14,29,0,0,507,0,437469,583189,6ede00d0-baf4-573f-a0dd-4a503bf7f766,6ede00d0-baf4-573f-a0dd-4a503bf7f766
508,1788758216,1300180,14,29,0,0,508,0,438333,584340,4fa33dcb-5f76-5f76-aea8-330df7ada03e,4fa33dcb-5f76-5f76-aea8-330df7ada03e
509,1788758245,1300180,14,29,0,0,509,0,439197,585492,6ede00d0-baf4-573f-a0dd-4a503bf7f766,6ede00d0-baf4-573f-a0dd-4a503bf7f766
510,1788758273,1300180,14,29,0,0,510,0,440063,586647,4fa33dcb-5f76-5f76-aea8-330df7ada03e,4fa33dcb-5f76-5f76-aea8-330df7ada03e
511,1788758302,1300180,14,29,0,0,511,0,440927,587799,6ede00d0-baf4-573f-a0dd-4a503bf7f766,6ede00d0-baf4-573f-a0dd-4a503bf7f766
512,1788758331,1300180,14,29,0,0,512,0,441792,588952,4fa33dcb-5f76-5f76-aea8-330df7ada03e,4fa33dcb-5f76-5f76-aea8-330df7ada03e
513,1788758360,1300180,14,29,0,0,513,0,442656,590104,6ede00d0-baf4-573f-a0dd-4a503bf7f766,6ede00d0-baf4-573f-a0dd-4a503bf7f766
514,1788758389,1300180,14,29,0,0,514,0,443519,591256,4fa33dcb-5f76-5f76-aea8-330df7ada03e,4fa33dcb-5f76-5f76-aea8-330df7ada03e
515,1788758418,1300180,14,29,0,0,515,0,444389,592416,6ede00d0-baf4-573f-a0dd-4a503bf7f766,6ede00d0-baf4-573f-a0dd-4a503bf7f766
516,1788758446,1300180,14,29,0,0,516,0,445253,593568,4fa33dcb-5f76-5f76-aea8-330df7ada03e,4fa33dcb-5f76-5f76-aea8-330df7ada03e
517,1788758475,1300180,14,29,0,0,517,0,446117,594720,6ede00d0-baf4-573f-a0dd-4a503bf7f766,6ede00d0-baf4-573f-a0dd-4a503bf7f766
518,1788758504,1300180,14,29,0,0,518,0,446981,595871,4fa33dcb-5f76-5f76-aea8-330df7ada03e,4fa33dcb-5f76-5f76-aea8-330df7ada03e
519,1788758533,1300180,14,29,0,0,519,0,447845,597023,6ede00d0-baf4-573f-a0dd-4a503bf7f766,6ede00d0-baf4-573f-a0dd-4a503bf7f766
520,1788758562,1300180,14,29,0,0,520,0,448712,598179,4fa33dcb-5f76-5f76-aea8-330df7ada03e,4fa33dcb-5f76-5f76-aea8-330df7ada03e
521,1788758590,1300180,14,29,0,0,521,0,449576,599330,6ede00d0-baf4-573f-a0dd-4a503bf7f766,6ede00d0-baf4-573f-a0dd-4a503bf7f766
522,1788758619,1300180,14,29,0,0,522,0,450440,600482,4fa33dcb-5f76-5f76-aea8-330df7ada03e,4fa33dcb-5f76-5f76-aea8-330df7ada03e
523,1788758648,1300180,14,29,0,0,523,0,451304,601634,6ede00d0-baf4-573f-a0dd-4a503bf7f766,6ede00d0-baf4-573f-a0dd-4a503bf7f766
524,1788758677,1300180,14,29,0,0,524,0,452167,602785,4fa33dcb-5f76-5f76-aea8-330df7ada03e,4fa33dcb-5f76-5f76-aea8-330df7ada03e
525,1788758706,1300180,14,29,0,0,525,0,453034,603941,6ede00d0-baf4-573f-a0dd-4a503bf7f766,6ede00d0-baf4-573f-a0dd-4a503bf7f766
526,1788758734,1300180,14,29,0,0,526,0,453898,605092,4fa33dcb-5f76-5f76-aea8-330df7ada03e,4fa33dcb-5f76-5f76-aea8-330df7ada03e
527,1788758763,1300180,14,29,0,0,527,0,454762,606244,6ede00d0-baf4-573f-a0dd-4a503bf7f766,6ede00d0-baf4-573f-a0dd-4a503bf7f766
528,1788758792,1300180,14,29,0,0,528,0,455625,607395,4fa33dcb-5f76-5f76-aea8-330df7ada03e,4fa33dcb-5f76-5f76-aea8-330df7ada03e
529,1788758821,1300180,14,29,0,0,529,0,456489,608547,6ede00d0-baf4-573f-a0dd-4a503bf7f766,6ede00d0-baf4-573f-a0dd-4a503bf7f766
530,1788758850,1300180,14,29,0,0,530,0,457360,609708,4fa33dcb-5f76-5f76-aea8-330df7ada03e,4fa33dcb-5f76-5f76-aea8-330df7ada03e
531,1788758878,1300180,14,29,0,0,531,0,458224,610859,6ede00d0-baf4-573f-a0dd-4a503bf7f766,6ede00d0-baf4-573f-a0dd-4a503bf7f766
532,1788758907,1300180,14,29,0,0,532,0,459088,612011,4fa33dcb-5f76-5f76-aea8-330df7ada03e,4fa33dcb-5f76-5f76-aea8-330df7ada03e
533,1788758936,1300180,14,29,0,0,533,0,459952,613163,6ede00d0-baf4-573f-a0dd-4a503bf7f766,6ede00d0-baf4-573f-a0dd-4a503bf7f766
534,1788758965,1300180,14,29,0,0,534,0,460816,614315,4fa33dcb-5f76-5f76-aea8-330df7ada03e,4fa33dcb-5f76-5f76-aea8-330df7ada03e
535,1788758994,1300180,14,29,0,0,535,0,461683,615470,6ede00d0-baf4-573f-a0dd-4a503bf7f766,6ede00d0-baf4-573f-a0dd-4a503bf7f766
536,1788759022,1300180,14,29,0,0,536,0,462547,616623,4fa33dcb-5f76-5f76-aea8-330df7ada03e,4fa33dcb-5f76-5f76-aea8-330df7ada03e
537,1788759051,1300180,14,29,0,0,537,0,463411,617775,6ede00d0-baf4-573f-a0dd-4a503bf7f766,6ede00d0-baf4-573f-a0dd-4a503bf7f766
538,1788759080,1300180,14,29,0,0,538,0,464276,618927,4fa33dcb-5f76-5f76-aea8-330df7ada03e,4fa33dcb-5f76-5f76-aea8-330df7ada03e
539,1788759109,1300180,14,29,0,0,539,0,465139,620079,6ede00d0-baf4-573f-a0dd-4a503bf7f766,6ede00d0-baf4-573f-a0dd-4a503bf7f766
540,1788759138,1300180,14,29,0,0,540,0,466006,621234,4fa33dcb-5f76-5f76-aea8-330df7ada03e,4fa33dcb-5f76-5f76-aea8-330df7ada03e
541,1788759167,1300180,14,29,0,0,541,0,466871,622387,6ede00d0-baf4-573f-a0dd-4a503bf7f766,6ede00d0-baf4-573f-a0dd-4a503bf7f766
542,1788759195,1300180,14,29,0,0,542,0,467734,623538,4fa33dcb-5f76-5f76-aea8-330df7ada03e,4fa33dcb-5f76-5f76-aea8-330df7ada03e
543,1788759224,1300180,14,29,0,0,543,0,468598,624690,6ede00d0-baf4-573f-a0dd-4a503bf7f766,6ede00d0-baf4-573f-a0dd-4a503bf7f766
544,1788759253,1300180,14,29,0,0,544,0,469463,625842,4fa33dcb-5f76-5f76-aea8-330df7ada03e,4fa33dcb-5f76-5f76-aea8-330df7ada03e
545,1788759282,1300180,14,29,0,0,545,0,470329,626997,6ede00d0-baf4-573f-a0dd-4a503bf7f766,6ede00d0-baf4-573f-a0dd-4a503bf7f766
546,1788759310,1300180,14,29,0,0,546,0,471193,628149,4fa33dcb-5f76-5f76-aea8-330df7ada03e,4fa33dcb-5f76-5f76-aea8-330df7ada03e
547,1788759339,1300180,14,29,0,0,547,0,472057,629300,6ede00d0-baf4-573f-a0dd-4a503bf7f766,6ede00d0-baf4-573f-a0dd-4a503bf7f766
548,1788759368,1300180,14,29,0,0,548,0,472921,630452,4fa33dcb-5f76-5f76-aea8-330df7ada03e,4fa33dcb-5f76-5f76-aea8-330df7ada03e
549,1788759397,1300180,14,29,0,0,549,0,473785,631604,6ede00d0-baf4-573f-a0dd-4a503bf7f766,6ede00d0-baf4-573f-a0dd-4a503bf7f766
550,1788759426,1300180,14,29,0,0,550,0,474651,632759,4fa33dcb-5f76-5f76-aea8-330df7ada03e,4fa33dcb-5f76-5f76-aea8-330df7ada03e
551,1788759455,1300180,14,29,0,0,551,0,475516,633913,6ede00d0-baf4-573f-a0dd-4a503bf7f766,6ede00d0-baf4-573f-a0dd-4a503bf7f766
552,1788759483,1300180,14,29,0,0,552,0,476380,635064,4fa33dcb-5f76-5f76-aea8-330df7ada03e,4fa33dcb-5f76-5f76-aea8-330df7ada03e
553,1788759512,1300180,14,29,0,0,553,0,477244,636216,6ede00d0-baf4-573f-a0dd-4a503bf7f766,6ede00d0-baf4-573f-a0dd-4a503bf7f766
554,1788759541,1300180,14,29,0,0,554,0,478108,637367,4fa33dcb-5f76-5f76-aea8-330df7ada03e,4fa33dcb-5f76-5f76-aea8-330df7ada03e
555,1788759570,1300180,14,29,0,0,555,0,478974,638522,6ede00d0-baf4-573f-a0dd-4a503bf7f766,6ede00d0-baf4-573f-a0dd-4a503bf7f766
556,1788759599,1300180,14,29,0,0,556,0,479838,639675,4fa33dcb-5f76-5f76-aea8-330df7ada03e,4fa33dcb-5f76-5f76-aea8-330df7ada03e
557,1788759627,1300180,14,29,0,0,557,0,480702,640826,6ede00d0-baf4-573f-a0dd-4a503bf7f766,6ede00d0-baf4-573f-a0dd-4a503bf7f766
558,1788759656,1300180,14,29,0,0,558,0,481566,641977,4fa33dcb-5f76-5f76-aea8-330df7ada03e,4fa33dcb-5f76-5f76-aea8-330df7ada03e
559,1788759685,1300180,14,29,0,0,559,0,482430,643129,6ede00d0-baf4-573f-a0dd-4a503bf7f766,6ede00d0-baf4-573f-a0dd-4a503bf7f766
560,1788759714,1300180,14,29,0,0,560,0,483296,644284,4fa33dcb-5f76-5f76-aea8-330df7ada03e,4fa33dcb-5f76-5f76-aea8-330df7ada03e
561,1788759743,1300180,14,29,0,0,561,0,484161,645437,6ede00d0-baf4-573f-a0dd-4a503bf7f766,6ede00d0-baf4-573f-a0dd-4a503bf7f766
562,1788759771,1300180,14,29,0,0,562,0,485025,646589,4fa33dcb-5f76-5f76-aea8-330df7ada03e,4fa33dcb-5f76-5f76-aea8-330df7ada03e
563,1788759800,1300180,14,29,0,0,563,0,485889,647740,6ede00d0-baf4-573f-a0dd-4a503bf7f766,6ede00d0-baf4-573f-a0dd-4a503bf7f766
564,1788759829,1300180,14,29,0,0,564,0,486753,648892,4fa33dcb-5f76-5f76-aea8-330df7ada03e,4fa33dcb-5f76-5f76-aea8-330df7ada03e
565,1788759858,1300180,14,29,0,0,565,0,487619,650048,6ede00d0-baf4-573f-a0dd-4a503bf7f766,6ede00d0-baf4-573f-a0dd-4a503bf7f766
566,1788759887,1300180,14,29,0,0,566,0,488484,651201,4fa33dcb-5f76-5f76-aea8-330df7ada03e,4fa33dcb-5f76-5f76-aea8-330df7ada03e
567,1788759915,1300180,14,29,0,0,567,0,489349,652353,6ede00d0-baf4-573f-a0dd-4a503bf7f766,6ede00d0-baf4-573f-a0dd-4a503bf7f766
568,1788759944,1300180,14,29,0,0,568,0,490213,653505,4fa33dcb-5f76-5f76-aea8-330df7ada03e,4fa33dcb-5f76-5f76-aea8-330df7ada03e
569,1788759973,1300180,14,29,0,0,569,0,491077,654657,6ede00d0-baf4-573f-a0dd-4a503bf7f766,6ede00d0-baf4-573f-a0dd-4a503bf7f766
570,1788760002,1300180,14,29,0,0,570,0,491943,655812,4fa33dcb-5f76-5f76-aea8-330df7ada03e,4fa33dcb-5f76-5f76-aea8-330df7ada03e
571,1788760031,1300180,14,29,0,0,571,0,492807,656964,6ede00d0-baf4-573f-a0dd-4a503bf7f766,6ede00d0-baf4-573f-a0dd-4a503bf7f766
572,1788760059,1300180,14,29,0,0,572,0,493671,658115,4fa33dcb-5f76-5f76-aea8-330df7ada03e,4fa33dcb-5f76-5f76-aea8-330df7ada03e
573,1788760088,1300180,14,29,0,0,573,0,494535,659266,6ede00d0-baf4-573f-a0dd-4a503bf7f766,6ede00d0-baf4-573f-a0dd-4a503bf7f766
574,1788760117,1300180,14,29,0,0,574,0,495399,660418,4fa33dcb-5f76-5f76-aea8-330df7ada03e,4fa33dcb-5f76-5f76-aea8-330df7ada03e
575,1788760146,1300180,14,29,0,0,575,0,496266,661573,6ede00d0-baf4-573f-a0dd-4a503bf7f766,6ede00d0-baf4-573f-a0dd-4a503bf7f766
576,1788760175,1300180,14,29,0,0,576,0,497130,662724,4fa33dcb-5f76-5f76-aea8-330df7ada03e,4fa33dcb-5f76-5f76-aea8-330df7ada03e
577,1788760203,1300180,14,29,0,0,577,0,497994,663876,6ede00d0-baf4-573f-a0dd-4a503bf7f766,6ede00d0-baf4-573f-a0dd-4a503bf7f766
578,1788760232,1300180,14,29,0,0,578,0,498857,665028,4fa33dcb-5f76-5f76-aea8-330df7ada03e,4fa33dcb-5f76-5f76-aea8-330df7ada03e
579,1788760261,1300180,14,29,0,0,579,0,499722,666180,6ede00d0-baf4-573f-a0dd-4a503bf7f766,6ede00d0-baf4-573f-a0dd-4a503bf7f766
580,1788760290,1300180,14,29,0,0,580,0,500588,667334,4fa33dcb-5f76-5f76-aea8-330df7ada03e,4fa33dcb-5f76-5f76-aea8-330df7ada03e
581,1788760319,1300180,14,29,0,0,581,0,501452,668486,6ede00d0-baf4-573f-a0dd-4a503bf7f766,6ede00d0-baf4-573f-a0dd-4a503bf7f766
582,1788760347,1300180,14,29,0,0,582,0,502315,669638,4fa33dcb-5f76-5f76-aea8-330df7ada03e,4fa33dcb-5f76-5f76-aea8-330df7ada03e
583,1788760376,1300180,14,29,0,0,583,0,503179,670789,6ede00d0-baf4-573f-a0dd-4a503bf7f766,6ede00d0-baf4-573f-a0dd-4a503bf7f766
584,1788760405,1300180,14,29,0,0,584,0,504044,671942,4fa33dcb-5f76-5f76-aea8-330df7ada03e,4fa33dcb-5f76-5f76-aea8-330df7ada03e
585,1788760434,1300180,14,29,0,0,585,0,504910,673097,6ede00d0-baf4-573f-a0dd-4a503bf7f766,6ede00d0-baf4-573f-a0dd-4a503bf7f766
586,1788760463,1300180,14,29,0,0,586,0,505774,674249,4fa33dcb-5f76-5f76-aea8-330df7ada03e,4fa33dcb-5f76-5f76-aea8-330df7ada03e
587,1788760491,1300180,14,29,0,0,587,0,506638,675400,6ede00d0-baf4-573f-a0dd-4a503bf7f766,6ede00d0-baf4-573f-a0dd-4a503bf7f766
588,1788760520,1300180,14,29,0,0,588,0,507502,676553,4fa33dcb-5f76-5f76-aea8-330df7ada03e,4fa33dcb-5f76-5f76-aea8-330df7ada03e
589,1788760549,1300180,14,29,0,0,589,0,508367,677705,6ede00d0-baf4-573f-a0dd-4a503bf7f766,6ede00d0-baf4-573f-a0dd-4a503bf7f766
590,1788760578,1300180,14,29,0,0,590,0,509233,678860,4fa33dcb-5f76-5f76-aea8-330df7ada03e,4fa33dcb-5f76-5f76-aea8-330df7ada03e
591,1788760607,1300180,14,29,0,0,591,0,510097,680011,6ede00d0-baf4-573f-a0dd-4a503bf7f766,6ede00d0-baf4-573f-a0dd-4a503bf7f766
592,1788760635,1300180,14,29,0,0,592,0,510960,681163,4fa33dcb-5f76-5f76-aea8-330df7ada03e,4fa33dcb-5f76-5f76-aea8-330df7ada03e
593,1788760664,1300180,14,29,0,0,593,0,511824,682314,6ede00d0-baf4-573f-a0dd-4a503bf7f766,6ede00d0-baf4-573f-a0dd-4a503bf7f766
594,1788760693,1300180,14,29,0,0,594,0,512688,683466,4fa33dcb-5f76-5f76-aea8-330df7ada03e,4fa33dcb-5f76-5f76-aea8-330df7ada03e
595,1788760722,1300184,14,29,0,0,595,0,513555,684621,6ede00d0-baf4-573f-a0dd-4a503bf7f766,6ede00d0-baf4-573f-a0dd-4a503bf7f766
596,1788760751,1300184,14,29,0,0,596,0,514419,685773,4fa33dcb-5f76-5f76-aea8-330df7ada03e,4fa33dcb-5f76-5f76-aea8-330df7ada03e
597,1788760779,1300184,14,29,0,0,597,0,515283,686925,6ede00d0-baf4-573f-a0dd-4a503bf7f766,6ede00d0-baf4-573f-a0dd-4a503bf7f766
598,1788760808,1300184,14,29,0,0,598,0,516147,688077,4fa33dcb-5f76-5f76-aea8-330df7ada03e,4fa33dcb-5f76-5f76-aea8-330df7ada03e
599,1788760837,1300184,14,29,0,0,599,0,517011,689229,6ede00d0-baf4-573f-a0dd-4a503bf7f766,6ede00d0-baf4-573f-a0dd-4a503bf7f766
600,1788760866,1300184,14,29,0,0,600,0,517878,690384,4fa33dcb-5f76-5f76-aea8-330df7ada03e,4fa33dcb-5f76-5f76-aea8-330df7ada03e
601,1788760895,1300184,14,29,0,0,601,0,518742,691537,6ede00d0-baf4-573f-a0dd-4a503bf7f766,6ede00d0-baf4-573f-a0dd-4a503bf7f766
602,1788760923,1300184,14,29,0,0,602,0,519606,692689,4fa33dcb-5f76-5f76-aea8-330df7ada03e,4fa33dcb-5f76-5f76-aea8-330df7ada03e
603,1788760952,1300184,14,29,0,0,603,0,520470,693841,6ede00d0-baf4-573f-a0dd-4a503bf7f766,6ede00d0-baf4-573f-a0dd-4a503bf7f766
604,1788760981,1300184,14,29,0,0,604,0,521335,694993,4fa33dcb-5f76-5f76-aea8-330df7ada03e,4fa33dcb-5f76-5f76-aea8-330df7ada03e
605,1788761010,1300184,14,29,0,0,605,0,522201,696148,6ede00d0-baf4-573f-a0dd-4a503bf7f766,6ede00d0-baf4-573f-a0dd-4a503bf7f766
606,1788761039,1300184,14,29,0,0,606,0,523064,697299,4fa33dcb-5f76-5f76-aea8-330df7ada03e,4fa33dcb-5f76-5f76-aea8-330df7ada03e
607,1788761067,1300184,14,29,0,0,607,0,523928,698451,6ede00d0-baf4-573f-a0dd-4a503bf7f766,6ede00d0-baf4-573f-a0dd-4a503bf7f766
608,1788761096,1300184,14,29,0,0,608,0,524793,699603,4fa33dcb-5f76-5f76-aea8-330df7ada03e,4fa33dcb-5f76-5f76-aea8-330df7ada03e
609,1788761125,1300184,14,29,0,0,609,0,525656,700755,6ede00d0-baf4-573f-a0dd-4a503bf7f766,6ede00d0-baf4-573f-a0dd-4a503bf7f766
610,1788761154,1300184,14,29,0,0,610,0,526523,701909,4fa33dcb-5f76-5f76-aea8-330df7ada03e,4fa33dcb-5f76-5f76-aea8-330df7ada03e
611,1788761183,1300188,14,29,0,0,611,0,527387,703062,6ede00d0-baf4-573f-a0dd-4a503bf7f766,6ede00d0-baf4-573f-a0dd-4a503bf7f766
612,1788761211,1300188,14,29,0,0,612,0,528251,704213,4fa33dcb-5f76-5f76-aea8-330df7ada03e,4fa33dcb-5f76-5f76-aea8-330df7ada03e
613,1788761240,1300188,14,29,0,0,613,0,529115,705365,6ede00d0-baf4-573f-a0dd-4a503bf7f766,6ede00d0-baf4-573f-a0dd-4a503bf7f766
614,1788761269,1300188,14,29,0,0,614,0,529979,706517,4fa33dcb-5f76-5f76-aea8-330df7ada03e,4fa33dcb-5f76-5f76-aea8-330df7ada03e
615,1788761298,1300188,14,29,0,0,615,0,530846,707673,6ede00d0-baf4-573f-a0dd-4a503bf7f766,6ede00d0-baf4-573f-a0dd-4a503bf7f766
616,1788761327,1300188,14,29,0,0,616,0,531710,708824,4fa33dcb-5f76-5f76-aea8-330df7ada03e,4fa33dcb-5f76-5f76-aea8-330df7ada03e
617,1788761355,1300188,14,29,0,0,617,0,532574,709976,6ede00d0-baf4-573f-a0dd-4a503bf7f766,6ede00d0-baf4-573f-a0dd-4a503bf7f766
618,1788761384,1300188,14,29,0,0,618,0,533438,711128,4fa33dcb-5f76-5f76-aea8-330df7ada03e,4fa33dcb-5f76-5f76-aea8-330df7ada03e
619,1788761413,1300188,14,29,0,0,619,0,534301,712279,6ede00d0-baf4-573f-a0dd-4a503bf7f766,6ede00d0-baf4-573f-a0dd-4a503bf7f766
620,1788761442,1300188,14,29,0,0,620,0,535168,713434,4fa33dcb-5f76-5f76-aea8-330df7ada03e,4fa33dcb-5f76-5f76-aea8-330df7ada03e
621,1788761471,1300188,14,29,0,0,621,0,536032,714586,6ede00d0-baf4-573f-a0dd-4a503bf7f766,6ede00d0-baf4-573f-a0dd-4a503bf7f766
622,1788761499,1300188,14,29,0,0,622,0,536896,715738,4fa33dcb-5f76-5f76-aea8-330df7ada03e,4fa33dcb-5f76-5f76-aea8-330df7ada03e
623,1788761528,1300188,14,29,0,0,623,0,537759,716890,6ede00d0-baf4-573f-a0dd-4a503bf7f766,6ede00d0-baf4-573f-a0dd-4a503bf7f766
624,1788761557,1300188,14,29,0,0,624,0,538624,718042,4fa33dcb-5f76-5f76-aea8-330df7ada03e,4fa33dcb-5f76-5f76-aea8-330df7ada03e
625,1788761586,1300188,14,29,0,0,625,0,539491,719197,6ede00d0-baf4-573f-a0dd-4a503bf7f766,6ede00d0-baf4-573f-a0dd-4a503bf7f766
626,1788761615,1300188,14,29,0,0,626,0,540355,720349,4fa33dcb-5f76-5f76-aea8-330df7ada03e,4fa33dcb-5f76-5f76-aea8-330df7ada03e
627,1788761643,1300192,14,29,0,0,627,0,541219,721501,6ede00d0-baf4-573f-a0dd-4a503bf7f766,6ede00d0-baf4-573f-a0dd-4a503bf7f766
628,1788761672,1300192,14,29,0,0,628,0,542083,722653,4fa33dcb-5f76-5f76-aea8-330df7ada03e,4fa33dcb-5f76-5f76-aea8-330df7ada03e
629,1788761701,1300192,14,29,0,0,629,0,542947,723806,6ede00d0-baf4-573f-a0dd-4a503bf7f766,6ede00d0-baf4-573f-a0dd-4a503bf7f766
630,1788761730,1300192,14,29,0,0,630,0,543814,724961,4fa33dcb-5f76-5f76-aea8-330df7ada03e,4fa33dcb-5f76-5f76-aea8-330df7ada03e
631,1788761759,1300192,14,29,0,0,631,0,544678,726113,6ede00d0-baf4-573f-a0dd-4a503bf7f766,6ede00d0-baf4-573f-a0dd-4a503bf7f766
632,1788761787,1300192,14,29,0,0,632,0,545542,727264,4fa33dcb-5f76-5f76-aea8-330df7ada03e,4fa33dcb-5f76-5f76-aea8-330df7ada03e
633,1788761816,1300192,14,29,0,0,633,0,546405,728416,6ede00d0-baf4-573f-a0dd-4a503bf7f766,6ede00d0-baf4-573f-a0dd-4a503bf7f766
634,1788761845,1300192,14,29,0,0,634,0,547269,729567,4fa33dcb-5f76-5f76-aea8-330df7ada03e,4fa33dcb-5f76-5f76-aea8-330df7ada03e
635,1788761874,1300192,14,29,0,0,635,0,548136,730723,6ede00d0-baf4-573f-a0dd-4a503bf7f766,6ede00d0-baf4-573f-a0dd-4a503bf7f766
636,1788761903,1300192,14,29,0,0,636,0,549000,731874,4fa33dcb-5f76-5f76-aea8-330df7ada03e,4fa33dcb-5f76-5f76-aea8-330df7ada03e
637,1788761931,1300192,14,29,0,0,637,0,549864,733026,6ede00d0-baf4-573f-a0dd-4a503bf7f766,6ede00d0-baf4-573f-a0dd-4a503bf7f766
638,1788761960,1300192,14,29,0,0,638,0,550728,734178,4fa33dcb-5f76-5f76-aea8-330df7ada03e,4fa33dcb-5f76-5f76-aea8-330df7ada03e
639,1788761989,1300192,14,29,0,0,639,0,551592,735330,6ede00d0-baf4-573f-a0dd-4a503bf7f766,6ede00d0-baf4-573f-a0dd-4a503bf7f766
640,1788762018,1300192,14,29,0,0,640,0,552458,736485,4fa33dcb-5f76-5f76-aea8-330df7ada03e,4fa33dcb-5f76-5f76-aea8-330df7ada03e
641,1788762047,1300192,14,29,0,0,641,0,553322,737637,6ede00d0-baf4-573f-a0dd-4a503bf7f766,6ede00d0-baf4-573f-a0dd-4a503bf7f766
642,1788762075,1300192,14,29,0,0,642,0,554186,738788,4fa33dcb-5f76-5f76-aea8-330df7ada03e,4fa33dcb-5f76-5f76-aea8-330df7ada03e
643,1788762104,1300192,14,29,0,0,643,0,555050,739940,6ede00d0-baf4-573f-a0dd-4a503bf7f766,6ede00d0-baf4-573f-a0dd-4a503bf7f766
644,1788762133,1300192,14,29,0,0,644,0,555914,741092,4fa33dcb-5f76-5f76-aea8-330df7ada03e,4fa33dcb-5f76-5f76-aea8-330df7ada03e
645,1788762162,1300192,14,29,0,0,645,0,556780,742247,6ede00d0-baf4-573f-a0dd-4a503bf7f766,6ede00d0-baf4-573f-a0dd-4a503bf7f766
646,1788762191,1300196,14,29,0,0,646,0,557644,743399,4fa33dcb-5f76-5f76-aea8-330df7ada03e,4fa33dcb-5f76-5f76-aea8-330df7ada03e
647,1788762219,1300196,14,29,0,0,647,0,558509,744552,6ede00d0-baf4-573f-a0dd-4a503bf7f766,6ede00d0-baf4-573f-a0dd-4a503bf7f766
648,1788762248,1300196,14,29,0,0,648,0,559373,745703,4fa33dcb-5f76-5f76-aea8-330df7ada03e,4fa33dcb-5f76-5f76-aea8-330df7ada03e
649,1788762277,1300196,14,29,0,0,649,0,560237,746855,6ede00d0-baf4-573f-a0dd-4a503bf7f766,6ede00d0-baf4-573f-a0dd-4a503bf7f766
650,1788762306,1300196,14,29,0,0,650,0,561103,748010,4fa33dcb-5f76-5f76-aea8-330df7ada03e,4fa33dcb-5f76-5f76-aea8-330df7ada03e
651,1788762335,1300196,14,29,0,0,651,0,561967,749162,6ede00d0-baf4-573f-a0dd-4a503bf7f766,6ede00d0-baf4-573f-a0dd-4a503bf7f766
652,1788762363,1300196,14,29,0,0,652,0,562832,750314,4fa33dcb-5f76-5f76-aea8-330df7ada03e,4fa33dcb-5f76-5f76-aea8-330df7ada03e
653,1788762392,1300196,14,29,0,0,653,0,563696,751466,6ede00d0-baf4-573f-a0dd-4a503bf7f766,6ede00d0-baf4-573f-a0dd-4a503bf7f766
654,1788762421,1300196,14,29,0,0,654,0,564559,752617,4fa33dcb-5f76-5f76-aea8-330df7ada03e,4fa33dcb-5f76-5f76-aea8-330df7ada03e
655,1788762450,1300196,14,29,0,0,655,0,565426,753773,6ede00d0-baf4-573f-a0dd-4a503bf7f766,6ede00d0-baf4-573f-a0dd-4a503bf7f766
656,1788762479,1300196,14,29,0,0,656,0,566290,754924,4fa33dcb-5f76-5f76-aea8-330df7ada03e,4fa33dcb-5f76-5f76-aea8-330df7ada03e
657,1788762507,1300196,14,29,0,0,657,0,567154,756077,6ede00d0-baf4-573f-a0dd-4a503bf7f766,6ede00d0-baf4-573f-a0dd-4a503bf7f766
658,1788762536,1300196,14,29,0,0,658,0,568018,757230,4fa33dcb-5f76-5f76-aea8-330df7ada03e,4fa33dcb-5f76-5f76-aea8-330df7ada03e
659,1788762565,1300196,14,29,0,0,659,0,568884,758384,6ede00d0-baf4-573f-a0dd-4a503bf7f766,6ede00d0-baf4-573f-a0dd-4a503bf7f766
660,1788762594,1300196,14,29,0,0,660,0,569750,759539,4fa33dcb-5f76-5f76-aea8-330df7ada03e,4fa33dcb-5f76-5f76-aea8-330df7ada03e
661,1788762623,1300200,14,29,0,0,661,0,570614,760691,6ede00d0-baf4-573f-a0dd-4a503bf7f766,6ede00d0-baf4-573f-a0dd-4a503bf7f766
662,1788762651,1300200,14,29,0,0,662,0,571478,761842,4fa33dcb-5f76-5f76-aea8-330df7ada03e,4fa33dcb-5f76-5f76-aea8-330df7ada03e
663,1788762680,1300200,14,29,0,0,663,0,572342,762994,6ede00d0-baf4-573f-a0dd-4a503bf7f766,6ede00d0-baf4-573f-a0dd-4a503bf7f766
664,1788762709,1300200,14,29,0,0,664,0,573206,764145,4fa33dcb-5f76-5f76-aea8-330df7ada03e,4fa33dcb-5f76-5f76-aea8-330df7ada03e
665,1788762738,1300200,14,29,0,0,665,0,574072,765301,6ede00d0-baf4-573f-a0dd-4a503bf7f766,6ede00d0-baf4-573f-a0dd-4a503bf7f766
666,1788762767,1300200,14,29,0,0,666,0,574936,766452,4fa33dcb-5f76-5f76-aea8-330df7ada03e,4fa33dcb-5f76-5f76-aea8-330df7ada03e
667,1788762795,1300200,14,29,0,0,667,0,575799,767603,6ede00d0-baf4-573f-a0dd-4a503bf7f766,6ede00d0-baf4-573f-a0dd-4a503bf7f766
668,1788762824,1300200,14,29,0,0,668,0,576663,768755,4fa33dcb-5f76-5f76-aea8-330df7ada03e,4fa33dcb-5f76-5f76-aea8-330df7ada03e
669,1788762853,1300200,14,29,0,0,669,0,577528,769908,6ede00d0-baf4-573f-a0dd-4a503bf7f766,6ede00d0-baf4-573f-a0dd-4a503bf7f766
670,1788762882,1300200,14,29,0,0,670,0,578395,771063,4fa33dcb-5f76-5f76-aea8-330df7ada03e,4fa33dcb-5f76-5f76-aea8-330df7ada03e
671,1788762911,1300200,14,29,0,0,671,0,579258,772215,6ede00d0-baf4-573f-a0dd-4a503bf7f766,6ede00d0-baf4-573f-a0dd-4a503bf7f766
672,1788762939,1300200,14,29,0,0,672,0,580123,773367,4fa33dcb-5f76-5f76-aea8-330df7ada03e,4fa33dcb-5f76-5f76-aea8-330df7ada03e
673,1788762968,1300200,14,29,0,0,673,0,580987,774519,6ede00d0-baf4-573f-a0dd-4a503bf7f766,6ede00d0-baf4-573f-a0dd-4a503bf7f766
674,1788762997,1300200,14,29,0,0,674,0,581851,775670,4fa33dcb-5f76-5f76-aea8-330df7ada03e,4fa33dcb-5f76-5f76-aea8-330df7ada03e
675,1788763026,1300200,14,29,0,0,675,0,582717,776825,6ede00d0-baf4-573f-a0dd-4a503bf7f766,6ede00d0-baf4-573f-a0dd-4a503bf7f766
676,1788763055,1300200,14,29,0,0,676,0,583581,777977,4fa33dcb-5f76-5f76-aea8-330df7ada03e,4fa33dcb-5f76-5f76-aea8-330df7ada03e
677,1788763083,1300204,14,29,0,0,677,0,584445,779129,6ede00d0-baf4-573f-a0dd-4a503bf7f766,6ede00d0-baf4-573f-a0dd-4a503bf7f766
678,1788763112,1300204,14,29,0,0,678,0,585308,780280,4fa33dcb-5f76-5f76-aea8-330df7ada03e,4fa33dcb-5f76-5f76-aea8-330df7ada03e
679,1788763141,1300204,14,29,0,0,679,0,586174,781434,6ede00d0-baf4-573f-a0dd-4a503bf7f766,6ede00d0-baf4-573f-a0dd-4a503bf7f766
680,1788763170,1300204,14,29,0,0,680,0,587040,782589,4fa33dcb-5f76-5f76-aea8-330df7ada03e,4fa33dcb-5f76-5f76-aea8-330df7ada03e
681,1788763199,1300204,14,29,0,0,681,0,587904,783740,6ede00d0-baf4-573f-a0dd-4a503bf7f766,6ede00d0-baf4-573f-a0dd-4a503bf7f766
682,1788763227,1300204,14,29,0,0,682,0,588769,784892,4fa33dcb-5f76-5f76-aea8-330df7ada03e,4fa33dcb-5f76-5f76-aea8-330df7ada03e
683,1788763256,1300204,14,29,0,0,683,0,589633,786044,6ede00d0-baf4-573f-a0dd-4a503bf7f766,6ede00d0-baf4-573f-a0dd-4a503bf7f766
684,1788763285,1300204,14,29,0,0,684,0,590497,787196,4fa33dcb-5f76-5f76-aea8-330df7ada03e,4fa33dcb-5f76-5f76-aea8-330df7ada03e
685,1788763314,1300204,14,29,0,0,685,0,591364,788353,6ede00d0-baf4-573f-a0dd-4a503bf7f766,6ede00d0-baf4-573f-a0dd-4a503bf7f766
686,1788763343,1300204,14,29,0,0,686,0,592228,789504,4fa33dcb-5f76-5f76-aea8-330df7ada03e,4fa33dcb-5f76-5f76-aea8-330df7ada03e
687,1788763371,1300204,14,29,0,0,687,0,593091,790656,6ede00d0-baf4-573f-a0dd-4a503bf7f766,6ede00d0-baf4-573f-a0dd-4a503bf7f766
688,1788763400,1300204,14,29,0,0,688,0,593955,791807,4fa33dcb-5f76-5f76-aea8-330df7ada03e,4fa33dcb-5f76-5f76-aea8-330df7ada03e
689,1788763429,1300204,14,29,0,0,689,0,594819,792959,6ede00d0-baf4-573f-a0dd-4a503bf7f766,6ede00d0-baf4-573f-a0dd-4a503bf7f766
690,1788763458,1300204,14,29,0,0,690,0,595686,794115,4fa33dcb-5f76-5f76-aea8-330df7ada03e,4fa33dcb-5f76-5f76-aea8-330df7ada03e
691,1788763487,1300204,14,29,0,0,691,0,596549,795266,6ede00d0-baf4-573f-a0dd-4a503bf7f766,6ede00d0-baf4-573f-a0dd-4a503bf7f766
692,1788763516,1300204,14,29,0,0,692,0,597414,796419,4fa33dcb-5f76-5f76-aea8-330df7ada03e,4fa33dcb-5f76-5f76-aea8-330df7ada03e
693,1788763544,1300208,14,29,0,0,693,0,598278,797571,6ede00d0-baf4-573f-a0dd-4a503bf7f766,6ede00d0-baf4-573f-a0dd-4a503bf7f766
694,1788763573,1300208,14,29,0,0,694,0,599142,798723,4fa33dcb-5f76-5f76-aea8-330df7ada03e,4fa33dcb-5f76-5f76-aea8-330df7ada03e
695,1788763602,1300208,14,29,0,0,695,0,600009,799879,6ede00d0-baf4-573f-a0dd-4a503bf7f766,6ede00d0-baf4-573f-a0dd-4a503bf7f766
696,1788763631,1300208,14,29,0,0,696,0,600873,801030,4fa33dcb-5f76-5f76-aea8-330df7ada03e,4fa33dcb-5f76-5f76-aea8-330df7ada03e
697,1788763660,1300208,14,29,0,0,697,0,601737,802182,6ede00d0-baf4-573f-a0dd-4a503bf7f766,6ede00d0-baf4-573f-a0dd-4a503bf7f766
698,1788763688,1300208,14,29,0,0,698,0,602601,803333,4fa33dcb-5f76-5f76-aea8-330df7ada03e,4fa33dcb-5f76-5f76-aea8-330df7ada03e
699,1788763717,1300208,14,29,0,0,699,0,603465,804485,6ede00d0-baf4-573f-a0dd-4a503bf7f766,6ede00d0-baf4-573f-a0dd-4a503bf7f766
700,1788763746,1300208,14,29,0,0,700,0,604331,805640,4fa33dcb-5f76-5f76-aea8-330df7ada03e,4fa33dcb-5f76-5f76-aea8-330df7ada03e
701,1788763775,1300208,14,29,0,0,701,0,605195,806792,6ede00d0-baf4-573f-a0dd-4a503bf7f766,6ede00d0-baf4-573f-a0dd-4a503bf7f766
702,1788763804,1300208,14,29,0,0,702,0,606059,807944,4fa33dcb-5f76-5f76-aea8-330df7ada03e,4fa33dcb-5f76-5f76-aea8-330df7ada03e
703,1788763832,1300208,14,29,0,0,703,0,606923,809095,6ede00d0-baf4-573f-a0dd-4a503bf7f766,6ede00d0-baf4-573f-a0dd-4a503bf7f766
704,1788763861,1300208,14,29,0,0,704,0,607787,810247,4fa33dcb-5f76-5f76-aea8-330df7ada03e,4fa33dcb-5f76-5f76-aea8-330df7ada03e
705,1788763890,1300208,14,29,0,0,705,0,608654,811403,6ede00d0-baf4-573f-a0dd-4a503bf7f766,6ede00d0-baf4-573f-a0dd-4a503bf7f766
706,1788763919,1300208,14,29,0,0,706,0,609519,812555,4fa33dcb-5f76-5f76-aea8-330df7ada03e,4fa33dcb-5f76-5f76-aea8-330df7ada03e
707,1788763948,1300208,14,29,0,0,707,0,610382,813707,6ede00d0-baf4-573f-a0dd-4a503bf7f766,6ede00d0-baf4-573f-a0dd-4a503bf7f766
708,1788763976,1300212,14,29,0,0,708,0,611246,814858,4fa33dcb-5f76-5f76-aea8-330df7ada03e,4fa33dcb-5f76-5f76-aea8-330df7ada03e
709,1788764005,1300212,14,29,0,0,709,0,612106,816005,6ede00d0-baf4-573f-a0dd-4a503bf7f766,6ede00d0-baf4-573f-a0dd-4a503bf7f766
710,1788764034,1300212,14,29,0,0,710,0,612977,817165,4fa33dcb-5f76-5f76-aea8-330df7ada03e,4fa33dcb-5f76-5f76-aea8-330df7ada03e
711,1788764063,1300212,14,29,0,0,711,0,613840,818317,6ede00d0-baf4-573f-a0dd-4a503bf7f766,6ede00d0-baf4-573f-a0dd-4a503bf7f766
712,1788764092,1300212,14,29,0,0,712,0,614705,819469,4fa33dcb-5f76-5f76-aea8-330df7ada03e,4fa33dcb-5f76-5f76-aea8-330df7ada03e
713,1788764120,1300212,14,29,0,0,713,0,615569,820621,6ede00d0-baf4-573f-a0dd-4a503bf7f766,6ede00d0-baf4-573f-a0dd-4a503bf7f766
714,1788764149,1300212,14,29,0,0,714,0,616433,821772,4fa33dcb-5f76-5f76-aea8-330df7ada03e,4fa33dcb-5f76-5f76-aea8-330df7ada03e
715,1788764178,1300212,14,29,0,0,715,0,617299,822927,6ede00d0-baf4-573f-a0dd-4a503bf7f766,6ede00d0-baf4-573f-a0dd-4a503bf7f766
716,1788764207,1300212,14,29,0,0,716,0,618162,824078,4fa33dcb-5f76-5f76-aea8-330df7ada03e,4fa33dcb-5f76-5f76-aea8-330df7ada03e
717,1788764236,1300212,14,29,0,0,717,0,619027,825231,6ede00d0-baf4-573f-a0dd-4a503bf7f766,6ede00d0-baf4-573f-a0dd-4a503bf7f766
718,1788764264,1300212,14,29,0,0,718,0,619891,826382,4fa33dcb-5f76-5f76-aea8-330df7ada03e,4fa33dcb-5f76-5f76-aea8-330df7ada03e
719,1788764293,1300216,14,29,0,0,719,0,620755,827534,6ede00d0-baf4-573f-a0dd-4a503bf7f766,6ede00d0-baf4-573f-a0dd-4a503bf7f766
720,1788764322,1300216,14,29,0,0,720,0,621625,828694,4fa33dcb-5f76-5f76-aea8-330df7ada03e,4fa33dcb-5f76-5f76-aea8-330df7ada03e
721,1788764351,1300216,14,29,0,0,721,0,622489,829846,6ede00d0-baf4-573f-a0dd-4a503bf7f766,6ede00d0-baf4-573f-a0dd-4a503bf7f766
722,1788764380,1300216,14,29,0,0,722,0,623352,830997,4fa33dcb-5f76-5f76-aea8-330df7ada03e,4fa33dcb-5f76-5f76-aea8-330df7ada03e
723,1788764408,1300216,14,29,0,0,723,0,624216,832150,6ede00d0-baf4-573f-a0dd-4a503bf7f766,6ede00d0-baf4-573f-a0dd-4a503bf7f766
724,1788764437,1300216,14,29,0,0,724,0,625080,833301,4fa33dcb-5f76-5f76-aea8-330df7ada03e,4fa33dcb-5f76-5f76-aea8-330df7ada03e
725,1788764466,1300216,14,29,0,0,725,0,625948,834459,6ede00d0-baf4-573f-a0dd-4a503bf7f766,6ede00d0-baf4-573f-a0dd-4a503bf7f766
726,1788764495,1300216,14,29,0,0,726,0,626812,835610,4fa33dcb-5f76-5f76-aea8-330df7ada03e,4fa33dcb-5f76-5f76-aea8-330df7ada03e
727,1788764524,1300216,14,29,0,0,727,0,627676,836761,6ede00d0-baf4-573f-a0dd-4a503bf7f766,6ede00d0-baf4-573f-a0dd-4a503bf7f766
728,1788764552,1300216,14,29,0,0,728,0,628539,837913,4fa33dcb-5f76-5f76-aea8-330df7ada03e,4fa33dcb-5f76-5f76-aea8-330df7ada03e
729,1788764581,1300216,14,29,0,0,729,0,629403,839064,6ede00d0-baf4-573f-a0dd-4a503bf7f766,6ede00d0-baf4-573f-a0dd-4a503bf7f766
730,1788764610,1300216,14,29,0,0,730,0,630271,840221,4fa33dcb-5f76-5f76-aea8-330df7ada03e,4fa33dcb-5f76-5f76-aea8-330df7ada03e
731,1788764639,1300216,14,29,0,0,731,0,631136,841374,6ede00d0-baf4-573f-a0dd-4a503bf7f766,6ede00d0-baf4-573f-a0dd-4a503bf7f766
732,1788764668,1300216,14,29,0,0,732,0,632000,842526,4fa33dcb-5f76-5f76-aea8-330df7ada03e,4fa33dcb-5f76-5f76-aea8-330df7ada03e
733,1788764696,1300216,14,29,0,0,733,0,632864,843677,6ede00d0-baf4-573f-a0dd-4a503bf7f766,6ede00d0-baf4-573f-a0dd-4a503bf7f766
734,1788764725,1300216,14,29,0,0,734,0,633727,844829,4fa33dcb-5f76-5f76-aea8-330df7ada03e,4fa33dcb-5f76-5f76-aea8-330df7ada03e
735,1788764754,1300220,14,29,0,0,735,0,634594,845984,6ede00d0-baf4-573f-a0dd-4a503bf7f766,6ede00d0-baf4-573f-a0dd-4a503bf7f766
736,1788764783,1300220,14,29,0,0,736,0,635458,847137,4fa33dcb-5f76-5f76-aea8-330df7ada03e,4fa33dcb-5f76-5f76-aea8-330df7ada03e
737,1788764812,1300220,14,29,0,0,737,0,636322,848289,6ede00d0-baf4-573f-a0dd-4a503bf7f766,6ede00d0-baf4-573f-a0dd-4a503bf7f766
738,1788764840,1300220,14,29,0,0,738,0,637187,849440,4fa33dcb-5f76-5f76-aea8-330df7ada03e,4fa33dcb-5f76-5f76-aea8-330df7ada03e
739,1788764869,1300220,14,29,0,0,739,0,638050,850592,6ede00d0-baf4-573f-a0dd-4a503bf7f766,6ede00d0-baf4-573f-a0dd-4a503bf7f766
740,1788764898,1300256,14,29,0,0,740,0,638917,851747,4fa33dcb-5f76-5f76-aea8-330df7ada03e,4fa33dcb-5f76-5f76-aea8-330df7ada03e
741,1788764927,1300296,14,29,0,0,741,0,639781,852899,6ede00d0-baf4-573f-a0dd-4a503bf7f766,6ede00d0-baf4-573f-a0dd-4a503bf7f766
742,1788764956,1300296,14,29,0,0,742,0,640644,854050,4fa33dcb-5f76-5f76-aea8-330df7ada03e,4fa33dcb-5f76-5f76-aea8-330df7ada03e
743,1788764984,1300376,14,29,0,0,743,0,641509,855202,6ede00d0-baf4-573f-a0dd-4a503bf7f766,6ede00d0-baf4-573f-a0dd-4a503bf7f766
744,1788765013,1305884,14,29,0,0,744,0,642372,856354,4fa33dcb-5f76-5f76-aea8-330df7ada03e,4fa33dcb-5f76-5f76-aea8-330df7ada03e
745,1788765042,1311468,14,29,0,0,745,0,643238,857508,6ede00d0-baf4-573f-a0dd-4a503bf7f766,6ede00d0-baf4-573f-a0dd-4a503bf7f766
746,1788765071,1311468,14,29,0,0,746,0,644104,858661,4fa33dcb-5f76-5f76-aea8-330df7ada03e,4fa33dcb-5f76-5f76-aea8-330df7ada03e
747,1788765100,1311468,14,29,0,0,747,0,644968,859813,6ede00d0-baf4-573f-a0dd-4a503bf7f766,6ede00d0-baf4-573f-a0dd-4a503bf7f766
748,1788765128,1311472,14,29,0,0,748,0,645832,860965,4fa33dcb-5f76-5f76-aea8-330df7ada03e,4fa33dcb-5f76-5f76-aea8-330df7ada03e
749,1788765157,1311472,14,29,0,0,749,0,646696,862117,6ede00d0-baf4-573f-a0dd-4a503bf7f766,6ede00d0-baf4-573f-a0dd-4a503bf7f766
750,1788765186,1311472,14,29,0,0,750,0,647562,863272,4fa33dcb-5f76-5f76-aea8-330df7ada03e,4fa33dcb-5f76-5f76-aea8-330df7ada03e
751,1788765215,1311472,14,29,0,0,751,0,648428,864426,6ede00d0-baf4-573f-a0dd-4a503bf7f766,6ede00d0-baf4-573f-a0dd-4a503bf7f766
752,1788765244,1311472,14,29,0,0,752,0,649291,865577,4fa33dcb-5f76-5f76-aea8-330df7ada03e,4fa33dcb-5f76-5f76-aea8-330df7ada03e
753,1788765273,1311472,14,29,0,0,753,0,650156,866729,6ede00d0-baf4-573f-a0dd-4a503bf7f766,6ede00d0-baf4-573f-a0dd-4a503bf7f766
754,1788765301,1311472,14,29,0,0,754,0,651020,867881,4fa33dcb-5f76-5f76-aea8-330df7ada03e,4fa33dcb-5f76-5f76-aea8-330df7ada03e
755,1788765330,1311472,14,29,0,0,755,0,651886,869036,6ede00d0-baf4-573f-a0dd-4a503bf7f766,6ede00d0-baf4-573f-a0dd-4a503bf7f766
756,1788765359,1311472,14,29,0,0,756,0,652751,870189,4fa33dcb-5f76-5f76-aea8-330df7ada03e,4fa33dcb-5f76-5f76-aea8-330df7ada03e
757,1788765388,1311472,14,29,0,0,757,0,653615,871341,6ede00d0-baf4-573f-a0dd-4a503bf7f766,6ede00d0-baf4-573f-a0dd-4a503bf7f766
758,1788765417,1311472,14,29,0,0,758,0,654478,872492,4fa33dcb-5f76-5f76-aea8-330df7ada03e,4fa33dcb-5f76-5f76-aea8-330df7ada03e
759,1788765445,1311472,14,29,0,0,759,0,655343,873644,6ede00d0-baf4-573f-a0dd-4a503bf7f766,6ede00d0-baf4-573f-a0dd-4a503bf7f766
760,1788765474,1311476,14,29,0,0,760,0,656209,874799,4fa33dcb-5f76-5f76-aea8-330df7ada03e,4fa33dcb-5f76-5f76-aea8-330df7ada03e
761,1788765503,1311476,14,29,0,0,761,0,657072,875951,6ede00d0-baf4-573f-a0dd-4a503bf7f766,6ede00d0-baf4-573f-a0dd-4a503bf7f766
762,1788765532,1311476,14,29,0,0,762,0,657936,877102,4fa33dcb-5f76-5f76-aea8-330df7ada03e,4fa33dcb-5f76-5f76-aea8-330df7ada03e
763,1788765561,1311476,14,29,0,0,763,0,658800,878254,6ede00d0-baf4-573f-a0dd-4a503bf7f766,6ede00d0-baf4-573f-a0dd-4a503bf7f766
764,1788765589,1311476,14,29,0,0,764,0,659664,879406,4fa33dcb-5f76-5f76-aea8-330df7ada03e,4fa33dcb-5f76-5f76-aea8-330df7ada03e
765,1788765618,1311476,14,29,0,0,765,0,660531,880561,6ede00d0-baf4-573f-a0dd-4a503bf7f766,6ede00d0-baf4-573f-a0dd-4a503bf7f766
766,1788765647,1311476,14,29,0,0,766,0,661395,881713,4fa33dcb-5f76-5f76-aea8-330df7ada03e,4fa33dcb-5f76-5f76-aea8-330df7ada03e
767,1788765676,1311476,14,29,0,0,767,0,662259,882865,6ede00d0-baf4-573f-a0dd-4a503bf7f766,6ede00d0-baf4-573f-a0dd-4a503bf7f766
768,1788765705,1311476,14,29,0,0,768,0,663123,884016,4fa33dcb-5f76-5f76-aea8-330df7ada03e,4fa33dcb-5f76-5f76-aea8-330df7ada03e
769,1788765733,1311476,14,29,0,0,769,0,663987,885168,6ede00d0-baf4-573f-a0dd-4a503bf7f766,6ede00d0-baf4-573f-a0dd-4a503bf7f766
770,1788765762,1311476,14,29,0,0,770,0,664853,886323,4fa33dcb-5f76-5f76-aea8-330df7ada03e,4fa33dcb-5f76-5f76-aea8-330df7ada03e
771,1788765791,1311476,14,29,0,0,771,0,665717,887475,6ede00d0-baf4-573f-a0dd-4a503bf7f766,6ede00d0-baf4-573f-a0dd-4a503bf7f766
772,1788765820,1311476,14,29,0,0,772,0,666581,888627,4fa33dcb-5f76-5f76-aea8-330df7ada03e,4fa33dcb-5f76-5f76-aea8-330df7ada03e
773,1788765849,1311480,14,29,0,0,773,0,667445,889779,6ede00d0-baf4-573f-a0dd-4a503bf7f766,6ede00d0-baf4-573f-a0dd-4a503bf7f766
774,1788765877,1311480,14,29,0,0,774,0,668309,890930,4fa33dcb-5f76-5f76-aea8-330df7ada03e,4fa33dcb-5f76-5f76-aea8-330df7ada03e
775,1788765906,1311480,14,29,0,0,775,0,669176,892086,6ede00d0-baf4-573f-a0dd-4a503bf7f766,6ede00d0-baf4-573f-a0dd-4a503bf7f766
776,1788765935,1311480,14,29,0,0,776,0,670039,893237,4fa33dcb-5f76-5f76-aea8-330df7ada03e,4fa33dcb-5f76-5f76-aea8-330df7ada03e
777,1788765964,1311480,14,29,0,0,777,0,670903,894389,6ede00d0-baf4-573f-a0dd-4a503bf7f766,6ede00d0-baf4-573f-a0dd-4a503bf7f766
778,1788765993,1311480,14,29,0,0,778,0,671767,895541,4fa33dcb-5f76-5f76-aea8-330df7ada03e,4fa33dcb-5f76-5f76-aea8-330df7ada03e
779,1788766021,1311480,14,29,0,0,779,0,672631,896692,6ede00d0-baf4-573f-a0dd-4a503bf7f766,6ede00d0-baf4-573f-a0dd-4a503bf7f766
780,1788766050,1311480,14,29,0,0,780,0,673496,897847,4fa33dcb-5f76-5f76-aea8-330df7ada03e,4fa33dcb-5f76-5f76-aea8-330df7ada03e
781,1788766079,1311480,14,29,0,0,781,0,674360,898999,6ede00d0-baf4-573f-a0dd-4a503bf7f766,6ede00d0-baf4-573f-a0dd-4a503bf7f766
782,1788766108,1311480,14,29,0,0,782,0,675224,900150,4fa33dcb-5f76-5f76-aea8-330df7ada03e,4fa33dcb-5f76-5f76-aea8-330df7ada03e
783,1788766137,1311480,14,29,0,0,783,0,676088,901302,6ede00d0-baf4-573f-a0dd-4a503bf7f766,6ede00d0-baf4-573f-a0dd-4a503bf7f766
784,1788766165,1311480,14,29,0,0,784,0,676951,902453,4fa33dcb-5f76-5f76-aea8-330df7ada03e,4fa33dcb-5f76-5f76-aea8-330df7ada03e
785,1788766194,1311484,14,29,0,0,785,0,677818,903609,6ede00d0-baf4-573f-a0dd-4a503bf7f766,6ede00d0-baf4-573f-a0dd-4a503bf7f766
786,1788766223,1311484,14,29,0,0,786,0,678683,904762,4fa33dcb-5f76-5f76-aea8-330df7ada03e,4fa33dcb-5f76-5f76-aea8-330df7ada03e
787,1788766252,1311484,14,29,0,0,787,0,679548,905914,6ede00d0-baf4-573f-a0dd-4a503bf7f766,6ede00d0-baf4-573f-a0dd-4a503bf7f766
788,1788766281,1311484,14,29,0,0,788,0,680411,907066,4fa33dcb-5f76-5f76-aea8-330df7ada03e,4fa33dcb-5f76-5f76-aea8-330df7ada03e
789,1788766309,1311484,14,29,0,0,789,0,681275,908217,6ede00d0-baf4-573f-a0dd-4a503bf7f766,6ede00d0-baf4-573f-a0dd-4a503bf7f766
790,1788766338,1311484,14,29,0,0,790,0,682141,909372,4fa33dcb-5f76-5f76-aea8-330df7ada03e,4fa33dcb-5f76-5f76-aea8-330df7ada03e
791,1788766367,1311484,14,29,0,0,791,0,683005,910524,6ede00d0-baf4-573f-a0dd-4a503bf7f766,6ede00d0-baf4-573f-a0dd-4a503bf7f766
792,1788766396,1311484,14,29,0,0,792,0,683869,911675,4fa33dcb-5f76-5f76-aea8-330df7ada03e,4fa33dcb-5f76-5f76-aea8-330df7ada03e
793,1788766425,1311484,14,29,0,0,793,0,684733,912827,6ede00d0-baf4-573f-a0dd-4a503bf7f766,6ede00d0-baf4-573f-a0dd-4a503bf7f766
794,1788766453,1311484,14,29,0,0,794,0,685597,913979,4fa33dcb-5f76-5f76-aea8-330df7ada03e,4fa33dcb-5f76-5f76-aea8-330df7ada03e
795,1788766482,1311484,14,29,0,0,795,0,686464,915134,6ede00d0-baf4-573f-a0dd-4a503bf7f766,6ede00d0-baf4-573f-a0dd-4a503bf7f766
796,1788766511,1311484,14,29,0,0,796,0,687327,916286,4fa33dcb-5f76-5f76-aea8-330df7ada03e,4fa33dcb-5f76-5f76-aea8-330df7ada03e
797,1788766540,1311488,14,29,0,0,797,0,688191,917438,6ede00d0-baf4-573f-a0dd-4a503bf7f766,6ede00d0-baf4-573f-a0dd-4a503bf7f766
798,1788766568,1311488,14,29,0,0,798,0,689055,918589,4fa33dcb-5f76-5f76-aea8-330df7ada03e,4fa33dcb-5f76-5f76-aea8-330df7ada03e
799,1788766597,1311488,14,29,0,0,799,0,689919,919741,6ede00d0-baf4-573f-a0dd-4a503bf7f766,6ede00d0-baf4-573f-a0dd-4a503bf7f766
800,1788766626,1311488,14,29,0,0,800,0,690785,920895,4fa33dcb-5f76-5f76-aea8-330df7ada03e,4fa33dcb-5f76-5f76-aea8-330df7ada03e
801,1788766655,1311488,14,29,0,0,801,0,691650,922048,6ede00d0-baf4-573f-a0dd-4a503bf7f766,6ede00d0-baf4-573f-a0dd-4a503bf7f766
802,1788766684,1311488,14,29,0,0,802,0,692514,923200,4fa33dcb-5f76-5f76-aea8-330df7ada03e,4fa33dcb-5f76-5f76-aea8-330df7ada03e
803,1788766713,1311488,14,29,0,0,803,0,693377,924352,6ede00d0-baf4-573f-a0dd-4a503bf7f766,6ede00d0-baf4-573f-a0dd-4a503bf7f766
804,1788766741,1311488,14,29,0,0,804,0,694241,925503,4fa33dcb-5f76-5f76-aea8-330df7ada03e,4fa33dcb-5f76-5f76-aea8-330df7ada03e
805,1788766770,1311488,14,29,0,0,805,0,695108,926658,6ede00d0-baf4-573f-a0dd-4a503bf7f766,6ede00d0-baf4-573f-a0dd-4a503bf7f766
806,1788766799,1311488,14,29,0,0,806,0,695973,927811,4fa33dcb-5f76-5f76-aea8-330df7ada03e,4fa33dcb-5f76-5f76-aea8-330df7ada03e
807,1788766828,1311488,14,29,0,0,807,0,696837,928963,6ede00d0-baf4-573f-a0dd-4a503bf7f766,6ede00d0-baf4-573f-a0dd-4a503bf7f766
808,1788766857,1311488,14,29,0,0,808,0,697701,930115,4fa33dcb-5f76-5f76-aea8-330df7ada03e,4fa33dcb-5f76-5f76-aea8-330df7ada03e
809,1788766885,1311492,14,29,0,0,809,0,698565,931267,6ede00d0-baf4-573f-a0dd-4a503bf7f766,6ede00d0-baf4-573f-a0dd-4a503bf7f766
810,1788766914,1311492,14,29,0,0,810,0,699431,932421,4fa33dcb-5f76-5f76-aea8-330df7ada03e,4fa33dcb-5f76-5f76-aea8-330df7ada03e
811,1788766943,1311492,14,29,0,0,811,0,700295,933573,6ede00d0-baf4-573f-a0dd-4a503bf7f766,6ede00d0-baf4-573f-a0dd-4a503bf7f766
812,1788766972,1311492,14,29,0,0,812,0,701159,934725,4fa33dcb-5f76-5f76-aea8-330df7ada03e,4fa33dcb-5f76-5f76-aea8-330df7ada03e
813,1788767001,1311492,14,29,0,0,813,0,702023,935877,6ede00d0-baf4-573f-a0dd-4a503bf7f766,6ede00d0-baf4-573f-a0dd-4a503bf7f766
814,1788767029,1311492,14,29,0,0,814,0,702887,937029,4fa33dcb-5f76-5f76-aea8-330df7ada03e,4fa33dcb-5f76-5f76-aea8-330df7ada03e
815,1788767058,1311492,14,29,0,0,815,0,703753,938184,6ede00d0-baf4-573f-a0dd-4a503bf7f766,6ede00d0-baf4-573f-a0dd-4a503bf7f766
816,1788767087,1311492,14,29,0,0,816,0,704617,939335,4fa33dcb-5f76-5f76-aea8-330df7ada03e,4fa33dcb-5f76-5f76-aea8-330df7ada03e
817,1788767116,1311492,14,29,0,0,817,0,705481,940487,6ede00d0-baf4-573f-a0dd-4a503bf7f766,6ede00d0-baf4-573f-a0dd-4a503bf7f766
818,1788767144,1311492,14,29,0,0,818,0,706345,941638,4fa33dcb-5f76-5f76-aea8-330df7ada03e,4fa33dcb-5f76-5f76-aea8-330df7ada03e
819,1788767173,1311492,14,29,0,0,819,0,707209,942790,6ede00d0-baf4-573f-a0dd-4a503bf7f766,6ede00d0-baf4-573f-a0dd-4a503bf7f766
820,1788767202,1311492,14,29,0,0,820,0,708075,943945,4fa33dcb-5f76-5f76-aea8-330df7ada03e,4fa33dcb-5f76-5f76-aea8-330df7ada03e
821,1788767231,1311496,14,29,0,0,821,0,708939,945098,6ede00d0-baf4-573f-a0dd-4a503bf7f766,6ede00d0-baf4-573f-a0dd-4a503bf7f766
822,1788767260,1311496,14,29,0,0,822,0,709803,946250,4fa33dcb-5f76-5f76-aea8-330df7ada03e,4fa33dcb-5f76-5f76-aea8-330df7ada03e
823,1788767289,1311496,14,29,0,0,823,0,710667,947402,6ede00d0-baf4-573f-a0dd-4a503bf7f766,6ede00d0-baf4-573f-a0dd-4a503bf7f766
824,1788767317,1311496,14,29,0,0,824,0,711531,948553,4fa33dcb-5f76-5f76-aea8-330df7ada03e,4fa33dcb-5f76-5f76-aea8-330df7ada03e
825,1788767346,1311496,14,29,0,0,825,0,712398,949708,6ede00d0-baf4-573f-a0dd-4a503bf7f766,6ede00d0-baf4-573f-a0dd-4a503bf7f766
826,1788767375,1311496,14,29,0,0,826,0,713262,950861,4fa33dcb-5f76-5f76-aea8-330df7ada03e,4fa33dcb-5f76-5f76-aea8-330df7ada03e
827,1788767404,1311496,14,29,0,0,827,0,714127,952013,6ede00d0-baf4-573f-a0dd-4a503bf7f766,6ede00d0-baf4-573f-a0dd-4a503bf7f766
828,1788767433,1311496,14,29,0,0,828,0,714991,953165,4fa33dcb-5f76-5f76-aea8-330df7ada03e,4fa33dcb-5f76-5f76-aea8-330df7ada03e
829,1788767461,1311496,14,30,0,0,829,0,715854,954317,6ede00d0-baf4-573f-a0dd-4a503bf7f766,6ede00d0-baf4-573f-a0dd-4a503bf7f766
830,1788767490,1311496,14,29,0,0,830,0,716721,955472,4fa33dcb-5f76-5f76-aea8-330df7ada03e,4fa33dcb-5f76-5f76-aea8-330df7ada03e
831,1788767519,1311496,14,29,0,0,831,0,717586,956624,6ede00d0-baf4-573f-a0dd-4a503bf7f766,6ede00d0-baf4-573f-a0dd-4a503bf7f766
832,1788767548,1311496,14,29,0,0,832,0,718450,957776,4fa33dcb-5f76-5f76-aea8-330df7ada03e,4fa33dcb-5f76-5f76-aea8-330df7ada03e
833,1788767577,1311496,14,29,0,0,833,0,719314,958928,6ede00d0-baf4-573f-a0dd-4a503bf7f766,6ede00d0-baf4-573f-a0dd-4a503bf7f766
834,1788767605,1311500,14,29,0,0,834,0,720178,960080,4fa33dcb-5f76-5f76-aea8-330df7ada03e,4fa33dcb-5f76-5f76-aea8-330df7ada03e
835,1788767634,1311500,14,29,0,0,835,0,721044,961235,6ede00d0-baf4-573f-a0dd-4a503bf7f766,6ede00d0-baf4-573f-a0dd-4a503bf7f766
836,1788767663,1311500,14,29,0,0,836,0,721908,962387,4fa33dcb-5f76-5f76-aea8-330df7ada03e,4fa33dcb-5f76-5f76-aea8-330df7ada03e
837,1788767692,1311500,14,29,0,0,837,0,722772,963539,6ede00d0-baf4-573f-a0dd-4a503bf7f766,6ede00d0-baf4-573f-a0dd-4a503bf7f766
838,1788767721,1311500,14,29,0,0,838,0,723636,964690,4fa33dcb-5f76-5f76-aea8-330df7ada03e,4fa33dcb-5f76-5f76-aea8-330df7ada03e
839,1788767749,1311500,14,29,0,0,839,0,724500,965842,6ede00d0-baf4-573f-a0dd-4a503bf7f766,6ede00d0-baf4-573f-a0dd-4a503bf7f766
840,1788767778,1311500,14,29,0,0,840,0,725366,966996,4fa33dcb-5f76-5f76-aea8-330df7ada03e,4fa33dcb-5f76-5f76-aea8-330df7ada03e
841,1788767807,1311500,14,29,0,0,841,0,726230,968148,6ede00d0-baf4-573f-a0dd-4a503bf7f766,6ede00d0-baf4-573f-a0dd-4a503bf7f766
842,1788767836,1311500,14,29,0,0,842,0,727094,969300,4fa33dcb-5f76-5f76-aea8-330df7ada03e,4fa33dcb-5f76-5f76-aea8-330df7ada03e
843,1788767865,1311500,14,29,0,0,843,0,727958,970452,6ede00d0-baf4-573f-a0dd-4a503bf7f766,6ede00d0-baf4-573f-a0dd-4a503bf7f766
844,1788767893,1311500,14,29,0,0,844,0,728822,971603,4fa33dcb-5f76-5f76-aea8-330df7ada03e,4fa33dcb-5f76-5f76-aea8-330df7ada03e
845,1788767922,1311500,14,29,0,0,845,0,729688,972759,6ede00d0-baf4-573f-a0dd-4a503bf7f766,6ede00d0-baf4-573f-a0dd-4a503bf7f766
846,1788767951,1311504,14,29,0,0,846,0,730551,973910,4fa33dcb-5f76-5f76-aea8-330df7ada03e,4fa33dcb-5f76-5f76-aea8-330df7ada03e
847,1788767980,1311504,14,29,0,0,847,0,731415,975063,6ede00d0-baf4-573f-a0dd-4a503bf7f766,6ede00d0-baf4-573f-a0dd-4a503bf7f766
848,1788768008,1311504,14,29,0,0,848,0,732279,976214,4fa33dcb-5f76-5f76-aea8-330df7ada03e,4fa33dcb-5f76-5f76-aea8-330df7ada03e
849,1788768037,1311504,14,29,0,0,849,0,733143,977366,6ede00d0-baf4-573f-a0dd-4a503bf7f766,6ede00d0-baf4-573f-a0dd-4a503bf7f766
850,1788768066,1311504,14,29,0,0,850,0,734009,978521,4fa33dcb-5f76-5f76-aea8-330df7ada03e,4fa33dcb-5f76-5f76-aea8-330df7ada03e
851,1788768095,1311504,14,29,0,0,851,0,734874,979674,6ede00d0-baf4-573f-a0dd-4a503bf7f766,6ede00d0-baf4-573f-a0dd-4a503bf7f766
852,1788768124,1311504,14,29,0,0,852,0,735738,980826,4fa33dcb-5f76-5f76-aea8-330df7ada03e,4fa33dcb-5f76-5f76-aea8-330df7ada03e
853,1788768153,1311504,14,29,0,0,853,0,736602,981977,6ede00d0-baf4-573f-a0dd-4a503bf7f766,6ede00d0-baf4-573f-a0dd-4a503bf7f766
854,1788768181,1311504,14,29,0,0,854,0,737466,983129,4fa33dcb-5f76-5f76-aea8-330df7ada03e,4fa33dcb-5f76-5f76-aea8-330df7ada03e
855,1788768210,1311504,14,29,0,0,855,0,738332,984284,6ede00d0-baf4-573f-a0dd-4a503bf7f766,6ede00d0-baf4-573f-a0dd-4a503bf7f766
856,1788768239,1311504,14,29,0,0,856,0,739196,985435,4fa33dcb-5f76-5f76-aea8-330df7ada03e,4fa33dcb-5f76-5f76-aea8-330df7ada03e
857,1788768268,1311504,14,29,0,0,857,0,740060,986588,6ede00d0-baf4-573f-a0dd-4a503bf7f766,6ede00d0-baf4-573f-a0dd-4a503bf7f766
858,1788768297,1311508,14,29,0,0,858,0,740924,987739,4fa33dcb-5f76-5f76-aea8-330df7ada03e,4fa33dcb-5f76-5f76-aea8-330df7ada03e
859,1788768325,1311508,14,29,0,0,859,0,741788,988891,6ede00d0-baf4-573f-a0dd-4a503bf7f766,6ede00d0-baf4-573f-a0dd-4a503bf7f766
860,1788768354,1311508,14,29,0,0,860,0,742655,990047,4fa33dcb-5f76-5f76-aea8-330df7ada03e,4fa33dcb-5f76-5f76-aea8-330df7ada03e
861,1788768383,1311508,14,29,0,0,861,0,743519,991198,6ede00d0-baf4-573f-a0dd-4a503bf7f766,6ede00d0-baf4-573f-a0dd-4a503bf7f766
862,1788768412,1311508,14,29,0,0,862,0,744382,992350,4fa33dcb-5f76-5f76-aea8-330df7ada03e,4fa33dcb-5f76-5f76-aea8-330df7ada03e
863,1788768440,1311508,14,29,0,0,863,0,745246,993501,6ede00d0-baf4-573f-a0dd-4a503bf7f766,6ede00d0-baf4-573f-a0dd-4a503bf7f766
864,1788768469,1311508,14,29,0,0,864,0,746110,994653,4fa33dcb-5f76-5f76-aea8-330df7ada03e,4fa33dcb-5f76-5f76-aea8-330df7ada03e
865,1788768498,1311508,14,29,0,0,865,0,746977,995808,6ede00d0-baf4-573f-a0dd-4a503bf7f766,6ede00d0-baf4-573f-a0dd-4a503bf7f766
866,1788768527,1311508,14,29,0,0,866,0,747841,996960,4fa33dcb-5f76-5f76-aea8-330df7ada03e,4fa33dcb-5f76-5f76-aea8-330df7ada03e
867,1788768556,1311508,14,29,0,0,867,0,748705,998112,6ede00d0-baf4-573f-a0dd-4a503bf7f766,6ede00d0-baf4-573f-a0dd-4a503bf7f766
868,1788768584,1311508,14,29,0,0,868,0,749568,999263,4fa33dcb-5f76-5f76-aea8-330df7ada03e,4fa33dcb-5f76-5f76-aea8-330df7ada03e
869,1788768613,1311508,14,29,0,0,869,0,750432,1000415,6ede00d0-baf4-573f-a0dd-4a503bf7f766,6ede00d0-baf4-573f-a0dd-4a503bf7f766
870,1788768642,1311512,14,29,0,0,870,0,751298,1001570,4fa33dcb-5f76-5f76-aea8-330df7ada03e,4fa33dcb-5f76-5f76-aea8-330df7ada03e
871,1788768671,1311512,14,29,0,0,871,0,752162,1002723,6ede00d0-baf4-573f-a0dd-4a503bf7f766,6ede00d0-baf4-573f-a0dd-4a503bf7f766
872,1788768700,1311512,14,29,0,0,872,0,753026,1003874,4fa33dcb-5f76-5f76-aea8-330df7ada03e,4fa33dcb-5f76-5f76-aea8-330df7ada03e
873,1788768728,1311512,14,29,0,0,873,0,753890,1005026,6ede00d0-baf4-573f-a0dd-4a503bf7f766,6ede00d0-baf4-573f-a0dd-4a503bf7f766
874,1788768757,1311512,14,29,0,0,874,0,754754,1006178,4fa33dcb-5f76-5f76-aea8-330df7ada03e,4fa33dcb-5f76-5f76-aea8-330df7ada03e
875,1788768786,1311512,14,29,0,0,875,0,755621,1007333,6ede00d0-baf4-573f-a0dd-4a503bf7f766,6ede00d0-baf4-573f-a0dd-4a503bf7f766
876,1788768815,1311512,14,29,0,0,876,0,756484,1008484,4fa33dcb-5f76-5f76-aea8-330df7ada03e,4fa33dcb-5f76-5f76-aea8-330df7ada03e
877,1788768844,1311512,14,29,0,0,877,0,757348,1009636,6ede00d0-baf4-573f-a0dd-4a503bf7f766,6ede00d0-baf4-573f-a0dd-4a503bf7f766
878,1788768872,1311512,14,29,0,0,878,0,758212,1010788,4fa33dcb-5f76-5f76-aea8-330df7ada03e,4fa33dcb-5f76-5f76-aea8-330df7ada03e
879,1788768901,1311512,14,29,0,0,879,0,759075,1011939,6ede00d0-baf4-573f-a0dd-4a503bf7f766,6ede00d0-baf4-573f-a0dd-4a503bf7f766
880,1788768930,1311512,14,29,0,0,880,0,759942,1013094,4fa33dcb-5f76-5f76-aea8-330df7ada03e,4fa33dcb-5f76-5f76-aea8-330df7ada03e
881,1788768959,1311512,14,29,0,0,881,0,760807,1014247,6ede00d0-baf4-573f-a0dd-4a503bf7f766,6ede00d0-baf4-573f-a0dd-4a503bf7f766
882,1788768988,1311516,14,29,0,0,882,0,761670,1015398,4fa33dcb-5f76-5f76-aea8-330df7ada03e,4fa33dcb-5f76-5f76-aea8-330df7ada03e
883,1788769016,1311516,14,29,0,0,883,0,762534,1016550,6ede00d0-baf4-573f-a0dd-4a503bf7f766,6ede00d0-baf4-573f-a0dd-4a503bf7f766
884,1788769045,1311516,14,29,0,0,884,0,763398,1017702,4fa33dcb-5f76-5f76-aea8-330df7ada03e,4fa33dcb-5f76-5f76-aea8-330df7ada03e
885,1788769074,1311516,14,29,0,0,885,0,764265,1018858,6ede00d0-baf4-573f-a0dd-4a503bf7f766,6ede00d0-baf4-573f-a0dd-4a503bf7f766
886,1788769103,1311516,14,29,0,0,886,0,765129,1020009,4fa33dcb-5f76-5f76-aea8-330df7ada03e,4fa33dcb-5f76-5f76-aea8-330df7ada03e
887,1788769132,1311516,14,29,0,0,887,0,765992,1021161,6ede00d0-baf4-573f-a0dd-4a503bf7f766,6ede00d0-baf4-573f-a0dd-4a503bf7f766
888,1788769160,1311516,14,29,0,0,888,0,766856,1022312,4fa33dcb-5f76-5f76-aea8-330df7ada03e,4fa33dcb-5f76-5f76-aea8-330df7ada03e
889,1788769189,1311516,14,29,0,0,889,0,767720,1023464,6ede00d0-baf4-573f-a0dd-4a503bf7f766,6ede00d0-baf4-573f-a0dd-4a503bf7f766
890,1788769218,1311516,14,29,0,0,890,0,768586,1024618,4fa33dcb-5f76-5f76-aea8-330df7ada03e,4fa33dcb-5f76-5f76-aea8-330df7ada03e
891,1788769247,1311516,14,29,0,0,891,0,769452,1025773,6ede00d0-baf4-573f-a0dd-4a503bf7f766,6ede00d0-baf4-573f-a0dd-4a503bf7f766
892,1788769276,1311516,14,29,0,0,892,0,770316,1026925,4fa33dcb-5f76-5f76-aea8-330df7ada03e,4fa33dcb-5f76-5f76-aea8-330df7ada03e
893,1788769305,1311516,14,29,0,0,893,0,771180,1028076,6ede00d0-baf4-573f-a0dd-4a503bf7f766,6ede00d0-baf4-573f-a0dd-4a503bf7f766
894,1788769333,1311516,14,29,0,0,894,0,772044,1029228,4fa33dcb-5f76-5f76-aea8-330df7ada03e,4fa33dcb-5f76-5f76-aea8-330df7ada03e
895,1788769362,1311520,14,29,0,0,895,0,772911,1030384,6ede00d0-baf4-573f-a0dd-4a503bf7f766,6ede00d0-baf4-573f-a0dd-4a503bf7f766
896,1788769391,1311520,14,29,0,0,896,0,773775,1031535,4fa33dcb-5f76-5f76-aea8-330df7ada03e,4fa33dcb-5f76-5f76-aea8-330df7ada03e
897,1788769420,1311696,14,29,0,0,897,0,774639,1032687,6ede00d0-baf4-573f-a0dd-4a503bf7f766,6ede00d0-baf4-573f-a0dd-4a503bf7f766
898,1788769449,1311696,14,29,0,0,898,0,775504,1033840,4fa33dcb-5f76-5f76-aea8-330df7ada03e,4fa33dcb-5f76-5f76-aea8-330df7ada03e
899,1788769477,1311696,14,29,0,0,899,0,776368,1034993,6ede00d0-baf4-573f-a0dd-4a503bf7f766,6ede00d0-baf4-573f-a0dd-4a503bf7f766
900,1788769506,1311696,14,29,0,0,900,0,777235,1036148,4fa33dcb-5f76-5f76-aea8-330df7ada03e,4fa33dcb-5f76-5f76-aea8-330df7ada03e
901,1788769535,1311696,14,29,0,0,901,0,778099,1037300,6ede00d0-baf4-573f-a0dd-4a503bf7f766,6ede00d0-baf4-573f-a0dd-4a503bf7f766
902,1788769564,1311696,14,29,0,0,902,0,778963,1038452,4fa33dcb-5f76-5f76-aea8-330df7ada03e,4fa33dcb-5f76-5f76-aea8-330df7ada03e
903,1788769593,1311696,14,29,0,0,903,0,779827,1039604,6ede00d0-baf4-573f-a0dd-4a503bf7f766,6ede00d0-baf4-573f-a0dd-4a503bf7f766
904,1788769621,1311696,14,29,0,0,904,0,780691,1040755,4fa33dcb-5f76-5f76-aea8-330df7ada03e,4fa33dcb-5f76-5f76-aea8-330df7ada03e
905,1788769650,1311696,14,29,0,0,905,0,781558,1041912,6ede00d0-baf4-573f-a0dd-4a503bf7f766,6ede00d0-baf4-573f-a0dd-4a503bf7f766
906,1788769679,1311700,14,29,0,0,906,0,782422,1043063,4fa33dcb-5f76-5f76-aea8-330df7ada03e,4fa33dcb-5f76-5f76-aea8-330df7ada03e
907,1788769708,1311700,14,29,0,0,907,0,783286,1044215,6ede00d0-baf4-573f-a0dd-4a503bf7f766,6ede00d0-baf4-573f-a0dd-4a503bf7f766
908,1788769742,1311700,14,29,0,0,908,1,784297,1045565,4fa33dcb-5f76-5f76-aea8-330df7ada03e,4fa33dcb-5f76-5f76-aea8-330df7ada03e
909,1788769770,1311700,14,29,0,0,909,1,785161,1046717,6ede00d0-baf4-573f-a0dd-4a503bf7f766,6ede00d0-baf4-573f-a0dd-4a503bf7f766
910,1788769799,1311700,14,29,0,0,910,1,786027,1047872,4fa33dcb-5f76-5f76-aea8-330df7ada03e,4fa33dcb-5f76-5f76-aea8-330df7ada03e
911,1788769828,1311700,14,29,0,0,911,1,786891,1049024,6ede00d0-baf4-573f-a0dd-4a503bf7f766,6ede00d0-baf4-573f-a0dd-4a503bf7f766
912,1788769857,1311700,14,29,0,0,912,1,787755,1050175,4fa33dcb-5f76-5f76-aea8-330df7ada03e,4fa33dcb-5f76-5f76-aea8-330df7ada03e
913,1788769886,1311700,14,29,0,0,913,1,788619,1051327,6ede00d0-baf4-573f-a0dd-4a503bf7f766,6ede00d0-baf4-573f-a0dd-4a503bf7f766
914,1788769914,1311700,14,29,0,0,914,1,789483,1052479,4fa33dcb-5f76-5f76-aea8-330df7ada03e,4fa33dcb-5f76-5f76-aea8-330df7ada03e
915,1788769943,1311700,14,29,0,0,915,1,790350,1053635,6ede00d0-baf4-573f-a0dd-4a503bf7f766,6ede00d0-baf4-573f-a0dd-4a503bf7f766
916,1788769972,1311700,14,29,0,0,916,1,791214,1054787,4fa33dcb-5f76-5f76-aea8-330df7ada03e,4fa33dcb-5f76-5f76-aea8-330df7ada03e
917,1788770001,1311700,14,29,0,0,917,1,792078,1055939,6ede00d0-baf4-573f-a0dd-4a503bf7f766,6ede00d0-baf4-573f-a0dd-4a503bf7f766
918,1788770030,1311700,14,29,0,0,918,1,792942,1057090,4fa33dcb-5f76-5f76-aea8-330df7ada03e,4fa33dcb-5f76-5f76-aea8-330df7ada03e
919,1788770058,1311700,14,29,0,0,919,1,793806,1058242,6ede00d0-baf4-573f-a0dd-4a503bf7f766,6ede00d0-baf4-573f-a0dd-4a503bf7f766
920,1788770087,1311704,14,29,0,0,920,1,794672,1059397,4fa33dcb-5f76-5f76-aea8-330df7ada03e,4fa33dcb-5f76-5f76-aea8-330df7ada03e
921,1788770116,1311704,14,29,0,0,921,1,795536,1060549,6ede00d0-baf4-573f-a0dd-4a503bf7f766,6ede00d0-baf4-573f-a0dd-4a503bf7f766
922,1788770145,1311704,14,29,0,0,922,1,796400,1061701,4fa33dcb-5f76-5f76-aea8-330df7ada03e,4fa33dcb-5f76-5f76-aea8-330df7ada03e
923,1788770174,1311704,14,29,0,0,923,1,797264,1062853,6ede00d0-baf4-573f-a0dd-4a503bf7f766,6ede00d0-baf4-573f-a0dd-4a503bf7f766
924,1788770202,1311704,14,29,0,0,924,1,798129,1064006,4fa33dcb-5f76-5f76-aea8-330df7ada03e,4fa33dcb-5f76-5f76-aea8-330df7ada03e
925,1788770231,1311704,14,29,0,0,925,1,798996,1065163,6ede00d0-baf4-573f-a0dd-4a503bf7f766,6ede00d0-baf4-573f-a0dd-4a503bf7f766
926,1788770260,1311704,14,29,0,0,926,1,799860,1066315,4fa33dcb-5f76-5f76-aea8-330df7ada03e,4fa33dcb-5f76-5f76-aea8-330df7ada03e
927,1788770289,1311704,14,29,0,0,927,1,800725,1067468,6ede00d0-baf4-573f-a0dd-4a503bf7f766,6ede00d0-baf4-573f-a0dd-4a503bf7f766
928,1788770318,1311704,14,29,0,0,928,1,801589,1068619,4fa33dcb-5f76-5f76-aea8-330df7ada03e,4fa33dcb-5f76-5f76-aea8-330df7ada03e
929,1788770346,1311704,14,29,0,0,929,1,802452,1069771,6ede00d0-baf4-573f-a0dd-4a503bf7f766,6ede00d0-baf4-573f-a0dd-4a503bf7f766
930,1788770375,1311704,14,29,0,0,930,1,803318,1070926,4fa33dcb-5f76-5f76-aea8-330df7ada03e,4fa33dcb-5f76-5f76-aea8-330df7ada03e
931,1788770404,1311708,14,29,0,0,931,1,804181,1072077,6ede00d0-baf4-573f-a0dd-4a503bf7f766,6ede00d0-baf4-573f-a0dd-4a503bf7f766
932,1788770433,1311708,14,29,0,0,932,1,805045,1073229,4fa33dcb-5f76-5f76-aea8-330df7ada03e,4fa33dcb-5f76-5f76-aea8-330df7ada03e
933,1788770462,1311708,14,29,0,0,933,1,805909,1074381,6ede00d0-baf4-573f-a0dd-4a503bf7f766,6ede00d0-baf4-573f-a0dd-4a503bf7f766
934,1788770490,1311708,14,29,0,0,934,1,806774,1075533,4fa33dcb-5f76-5f76-aea8-330df7ada03e,4fa33dcb-5f76-5f76-aea8-330df7ada03e
935,1788770519,1311708,14,29,0,0,935,1,807641,1076689,6ede00d0-baf4-573f-a0dd-4a503bf7f766,6ede00d0-baf4-573f-a0dd-4a503bf7f766
936,1788770548,1311708,14,29,0,0,936,1,808504,1077840,4fa33dcb-5f76-5f76-aea8-330df7ada03e,4fa33dcb-5f76-5f76-aea8-330df7ada03e
937,1788770577,1311708,14,29,0,0,937,1,809369,1078993,6ede00d0-baf4-573f-a0dd-4a503bf7f766,6ede00d0-baf4-573f-a0dd-4a503bf7f766
938,1788770606,1311708,14,29,0,0,938,1,810233,1080144,4fa33dcb-5f76-5f76-aea8-330df7ada03e,4fa33dcb-5f76-5f76-aea8-330df7ada03e
939,1788770634,1311708,14,29,0,0,939,1,811097,1081296,6ede00d0-baf4-573f-a0dd-4a503bf7f766,6ede00d0-baf4-573f-a0dd-4a503bf7f766
940,1788770663,1311708,14,29,0,0,940,1,811964,1082453,4fa33dcb-5f76-5f76-aea8-330df7ada03e,4fa33dcb-5f76-5f76-aea8-330df7ada03e
941,1788770692,1311708,14,29,0,0,941,1,812828,1083605,6ede00d0-baf4-573f-a0dd-4a503bf7f766,6ede00d0-baf4-573f-a0dd-4a503bf7f766
942,1788770721,1311708,14,29,0,0,942,1,813692,1084756,4fa33dcb-5f76-5f76-aea8-330df7ada03e,4fa33dcb-5f76-5f76-aea8-330df7ada03e
943,1788770750,1311708,14,29,0,0,943,1,814556,1085908,6ede00d0-baf4-573f-a0dd-4a503bf7f766,6ede00d0-baf4-573f-a0dd-4a503bf7f766
944,1788770778,1311708,14,29,0,0,944,1,815420,1087059,4fa33dcb-5f76-5f76-aea8-330df7ada03e,4fa33dcb-5f76-5f76-aea8-330df7ada03e
945,1788770807,1311708,14,29,0,0,945,1,816287,1088215,6ede00d0-baf4-573f-a0dd-4a503bf7f766,6ede00d0-baf4-573f-a0dd-4a503bf7f766
946,1788770836,1311708,14,29,0,0,946,1,817151,1089367,4fa33dcb-5f76-5f76-aea8-330df7ada03e,4fa33dcb-5f76-5f76-aea8-330df7ada03e
947,1788770865,1311708,14,29,0,0,947,1,818015,1090519,6ede00d0-baf4-573f-a0dd-4a503bf7f766,6ede00d0-baf4-573f-a0dd-4a503bf7f766
948,1788770894,1311708,14,29,0,0,948,1,818879,1091671,4fa33dcb-5f76-5f76-aea8-330df7ada03e,4fa33dcb-5f76-5f76-aea8-330df7ada03e
949,1788770922,1311708,14,29,0,0,949,1,819742,1092823,6ede00d0-baf4-573f-a0dd-4a503bf7f766,6ede00d0-baf4-573f-a0dd-4a503bf7f766
950,1788770951,1311708,14,29,0,0,950,1,820609,1093978,4fa33dcb-5f76-5f76-aea8-330df7ada03e,4fa33dcb-5f76-5f76-aea8-330df7ada03e
951,1788770980,1311708,14,29,0,0,951,1,821472,1095130,6ede00d0-baf4-573f-a0dd-4a503bf7f766,6ede00d0-baf4-573f-a0dd-4a503bf7f766
952,1788771009,1311708,14,29,0,0,952,1,822336,1096281,4fa33dcb-5f76-5f76-aea8-330df7ada03e,4fa33dcb-5f76-5f76-aea8-330df7ada03e
953,1788771038,1311708,14,29,0,0,953,1,823200,1097433,6ede00d0-baf4-573f-a0dd-4a503bf7f766,6ede00d0-baf4-573f-a0dd-4a503bf7f766
954,1788771066,1311708,14,29,0,0,954,1,824065,1098585,4fa33dcb-5f76-5f76-aea8-330df7ada03e,4fa33dcb-5f76-5f76-aea8-330df7ada03e
955,1788771095,1311708,14,29,0,0,955,1,824931,1099741,6ede00d0-baf4-573f-a0dd-4a503bf7f766,6ede00d0-baf4-573f-a0dd-4a503bf7f766
956,1788771124,1311708,14,29,0,0,956,1,825795,1100892,4fa33dcb-5f76-5f76-aea8-330df7ada03e,4fa33dcb-5f76-5f76-aea8-330df7ada03e
957,1788771153,1311708,14,29,0,0,957,1,826659,1102044,6ede00d0-baf4-573f-a0dd-4a503bf7f766,6ede00d0-baf4-573f-a0dd-4a503bf7f766
958,1788771182,1311708,14,29,0,0,958,1,827523,1103196,4fa33dcb-5f76-5f76-aea8-330df7ada03e,4fa33dcb-5f76-5f76-aea8-330df7ada03e
959,1788771210,1311708,14,29,0,0,959,1,828387,1104348,6ede00d0-baf4-573f-a0dd-4a503bf7f766,6ede00d0-baf4-573f-a0dd-4a503bf7f766
960,1788771239,1311708,14,29,0,0,960,1,829254,1105503,4fa33dcb-5f76-5f76-aea8-330df7ada03e,4fa33dcb-5f76-5f76-aea8-330df7ada03e
