cycle,ts,rss_kb,fd,threads,dropped,clock_lost,sw_epoch,tl_epoch,frames_v,frames_a,observed,target
1,1788868000,1145612,14,31,0,0,1,0,26,35,6ede00d0-baf4-573f-a0dd-4a503bf7f766,6ede00d0-baf4-573f-a0dd-4a503bf7f766
2,1788868029,1270612,14,29,0,0,2,0,890,1186,4fa33dcb-5f76-5f76-aea8-330df7ada03e,4fa33dcb-5f76-5f76-aea8-330df7ada03e
3,1788868058,1276200,14,29,0,0,3,0,1754,2339,6ede00d0-baf4-573f-a0dd-4a503bf7f766,6ede00d0-baf4-573f-a0dd-4a503bf7f766
4,1788868087,1276220,14,29,0,0,4,0,2619,3491,4fa33dcb-5f76-5f76-aea8-330df7ada03e,4fa33dcb-5f76-5f76-aea8-330df7ada03e
5,1788868116,1276236,14,29,0,0,5,0,3485,4647,6ede00d0-baf4-573f-a0dd-4a503bf7f766,6ede00d0-baf4-573f-a0dd-4a503bf7f766
6,1788868144,1276236,14,29,0,0,6,0,4349,5798,4fa33dcb-5f76-5f76-aea8-330df7ada03e,4fa33dcb-5f76-5f76-aea8-330df7ada03e
7,1788868173,1276236,14,29,0,0,7,0,5215,6953,6ede00d0-baf4-573f-a0dd-4a503bf7f766,6ede00d0-baf4-573f-a0dd-4a503bf7f766
8,1788868202,1276240,14,29,0,0,8,0,6079,8104,4fa33dcb-5f76-5f76-aea8-330df7ada03e,4fa33dcb-5f76-5f76-aea8-330df7ada03e
9,1788868231,1276240,14,29,0,0,9,0,6943,9256,6ede00d0-baf4-573f-a0dd-4a503bf7f766,6ede00d0-baf4-573f-a0dd-4a503bf7f766
10,1788868260,1276240,14,29,0,0,10,0,7809,10410,4fa33dcb-5f76-5f76-aea8-330df7ada03e,4fa33dcb-5f76-5f76-aea8-330df7ada03e
11,1788868288,1276240,14,29,0,0,11,0,8673,11563,6ede00d0-baf4-573f-a0dd-4a503bf7f766,6ede00d0-baf4-573f-a0dd-4a503bf7f766
12,1788868317,1276240,14,29,0,0,12,0,9538,12715,4fa33dcb-5f76-5f76-aea8-330df7ada03e,4fa33dcb-5f76-5f76-aea8-330df7ada03e
13,1788868346,1276240,14,29,0,0,13,0,10402,13868,6ede00d0-baf4-573f-a0dd-4a503bf7f766,6ede00d0-baf4-573f-a0dd-4a503bf7f766
14,1788868375,1276240,14,29,0,0,14,0,11266,15019,4fa33dcb-5f76-5f76-aea8-330df7ada03e,4fa33dcb-5f76-5f76-aea8-330df7ada03e
15,1788868404,1276240,14,29,0,0,15,0,12133,16176,6ede00d0-baf4-573f-a0dd-4a503bf7f766,6ede00d0-baf4-573f-a0dd-4a503bf7f766
16,1788868432,1276244,14,29,0,0,16,0,12997,17326,4fa33dcb-5f76-5f76-aea8-330df7ada03e,4fa33dcb-5f76-5f76-aea8-330df7ada03e
17,1788868461,1276244,14,29,0,0,17,0,13861,18480,6ede00d0-baf4-573f-a0dd-4a503bf7f766,6ede00d0-baf4-573f-a0dd-4a503bf7f766
18,1788868490,1276244,14,29,0,0,18,0,14725,19630,4fa33dcb-5f76-5f76-aea8-330df7ada03e,4fa33dcb-5f76-5f76-aea8-330df7ada03e
19,1788868519,1276244,14,29,0,0,19,0,15589,20783,6ede00d0-baf4-573f-a0dd-4a503bf7f766,6ede00d0-baf4-573f-a0dd-4a503bf7f766
20,1788868548,1276244,14,29,0,0,20,0,16454,21937,4fa33dcb-5f76-5f76-aea8-330df7ada03e,4fa33dcb-5f76-5f76-aea8-330df7ada03e
21,1788868576,1276244,14,29,0,0,21,0,17318,23089,6ede00d0-baf4-573f-a0dd-4a503bf7f766,6ede00d0-baf4-573f-a0dd-4a503bf7f766
22,1788868605,1276244,14,29,0,0,22,0,18182,24240,4fa33dcb-5f76-5f76-aea8-330df7ada03e,4fa33dcb-5f76-5f76-aea8-330df7ada03e
23,1788868634,1276244,14,29,0,0,23,0,19046,25393,6ede00d0-baf4-573f-a0dd-4a503bf7f766,6ede00d0-baf4-573f-a0dd-4a503bf7f766
24,1788868663,1276244,14,29,0,0,24,0,19910,26544,4fa33dcb-5f76-5f76-aea8-330df7ada03e,4fa33dcb-5f76-5f76-aea8-330df7ada03e
25,1788868692,1276244,14,29,0,0,25,0,20776,27699,6ede00d0-baf4-573f-a0dd-4a503bf7f766,6ede00d0-baf4-573f-a0dd-4a503bf7f766
26,1788868720,1276244,14,29,0,0,26,0,21640,28850,4fa33dcb-5f76-5f76-aea8-330df7ada03e,4fa33dcb-5f76-5f76-aea8-330df7ada03e
27,1788868749,1276244,14,29,0,0,27,0,22504,30003,6ede00d0-baf4-573f-a0dd-4a503bf7f766,6ede00d0-baf4-573f-a0dd-4a503bf7f766
28,1788868778,1276244,14,29,0,0,28,0,23368,31153,4fa33dcb-5f76-5f76-aea8-330df7ada03e,4fa33dcb-5f76-5f76-aea8-330df7ada03e
29,1788868807,1276248,14,29,0,0,29,0,24232,32306,6ede00d0-baf4-573f-a0dd-4a503bf7f766,6ede00d0-baf4-573f-a0dd-4a503bf7f766
30,1788868836,1276252,14,29,0,0,30,0,25098,33460,4fa33dcb-5f76-5f76-aea8-330df7ada03e,4fa33dcb-5f76-5f76-aea8-330df7ada03e
31,1788868864,1276252,14,29,0,0,31,0,25962,34613,6ede00d0-baf4-573f-a0dd-4a503bf7f766,6ede00d0-baf4-573f-a0dd-4a503bf7f766
32,1788868893,1276252,14,29,0,0,32,0,26826,35764,4fa33dcb-5f76-5f76-aea8-330df7ada03e,4fa33dcb-5f76-5f76-aea8-330df7ada03e
33,1788868922,1276252,14,29,0,0,33,0,27690,36917,6ede00d0-baf4-573f-a0dd-4a503bf7f766,6ede00d0-baf4-573f-a0dd-4a503bf7f766
34,1788868951,1276252,14,29,0,0,34,0,28554,38067,4fa33dcb-5f76-5f76-aea8-330df7ada03e,4fa33dcb-5f76-5f76-aea8-330df7ada03e
35,1788868980,1276252,14,29,0,0,35,0,29420,39223,6ede00d0-baf4-573f-a0dd-4a503bf7f766,6ede00d0-baf4-573f-a0dd-4a503bf7f766
36,1788869008,1276252,14,29,0,0,36,0,30284,40374,4fa33dcb-5f76-5f76-aea8-330df7ada03e,4fa33dcb-5f76-5f76-aea8-330df7ada03e
37,1788869037,1276252,14,29,0,0,37,0,31148,41527,6ede00d0-baf4-573f-a0dd-4a503bf7f766,6ede00d0-baf4-573f-a0dd-4a503bf7f766
38,1788869066,1276252,14,29,0,0,38,0,32012,42677,4fa33dcb-5f76-5f76-aea8-330df7ada03e,4fa33dcb-5f76-5f76-aea8-330df7ada03e
39,1788869095,1276252,14,29,0,0,39,0,32876,43830,6ede00d0-baf4-573f-a0dd-4a503bf7f766,6ede00d0-baf4-573f-a0dd-4a503bf7f766
40,1788869124,1276252,14,29,0,0,40,0,33742,44984,4fa33dcb-5f76-5f76-aea8-330df7ada03e,4fa33dcb-5f76-5f76-aea8-330df7ada03e
41,1788869152,1276252,14,29,0,0,41,0,34606,46137,6ede00d0-baf4-573f-a0dd-4a503bf7f766,6ede00d0-baf4-573f-a0dd-4a503bf7f766
42,1788869181,1276252,14,29,0,0,42,0,35471,47289,4fa33dcb-5f76-5f76-aea8-330df7ada03e,4fa33dcb-5f76-5f76-aea8-330df7ada03e
43,1788869210,1276252,14,29,0,0,43,0,36335,48442,6ede00d0-baf4-573f-a0dd-4a503bf7f766,6ede00d0-baf4-573f-a0dd-4a503bf7f766
44,1788869239,1276252,14,29,0,0,44,0,37199,49593,4fa33dcb-5f76-5f76-aea8-330df7ada03e,4fa33dcb-5f76-5f76-aea8-330df7ada03e
45,1788869268,1276268,14,29,0,0,45,0,38066,50750,6ede00d0-baf4-573f-a0dd-4a503bf7f766,6ede00d0-baf4-573f-a0dd-4a503bf7f766
46,1788869296,1276268,14,29,0,0,46,0,38929,51900,4fa33dcb-5f76-5f76-aea8-330df7ada03e,4fa33dcb-5f76-5f76-aea8-330df7ada03e
47,1788869325,1276268,14,29,0,0,47,0,39793,53053,6ede00d0-baf4-573f-a0dd-4a503bf7f766,6ede00d0-baf4-573f-a0dd-4a503bf7f766
48,1788869354,1276284,14,29,0,0,48,0,40657,54204,4fa33dcb-5f76-5f76-aea8-330df7ada03e,4fa33dcb-5f76-5f76-aea8-330df7ada03e
49,1788869383,1276284,14,29,0,0,49,0,41521,55357,6ede00d0-baf4-573f-a0dd-4a503bf7f766,6ede00d0-baf4-573f-a0dd-4a503bf7f766
50,1788869412,1276284,14,29,0,0,50,0,42388,56511,4fa33dcb-5f76-5f76-aea8-330df7ada03e,4fa33dcb-5f76-5f76-aea8-330df7ada03e
51,1788869440,1276284,14,29,0,0,51,0,43251,57664,6ede00d0-baf4-573f-a0dd-4a503bf7f766,6ede00d0-baf4-573f-a0dd-4a503bf7f766
52,1788869469,1276284,14,29,0,0,52,0,44115,58814,4fa33dcb-5f76-5f76-aea8-330df7ada03e,4fa33dcb-5f76-5f76-aea8-330df7ada03e
53,1788869498,1276284,14,29,0,0,53,0,44979,59967,6ede00d0-baf4-573f-a0dd-4a503bf7f766,6ede00d0-baf4-573f-a0dd-4a503bf7f766
54,1788869527,1276284,14,29,0,0,54,0,45843,61118,4fa33dcb-5f76-5f76-aea8-330df7ada03e,4fa33dcb-5f76-5f76-aea8-330df7ada03e
55,1788869556,1276284,14,29,0,0,55,0,46710,62275,6ede00d0-baf4-573f-a0dd-4a503bf7f766,6ede00d0-baf4-573f-a0dd-4a503bf7f766
56,1788869584,1276284,14,29,0,0,56,0,47574,63425,4fa33dcb-5f76-5f76-aea8-330df7ada03e,4fa33dcb-5f76-5f76-aea8-330df7ada03e
57,1788869613,1276296,14,29,0,0,57,0,48438,64578,6ede00d0-baf4-573f-a0dd-4a503bf7f766,6ede00d0-baf4-573f-a0dd-4a503bf7f766
58,1788869642,1276296,14,29,0,0,58,0,49301,65728,4fa33dcb-5f76-5f76-aea8-330df7ada03e,4fa33dcb-5f76-5f76-aea8-330df7ada03e
59,1788869671,1276296,14,29,0,0,59,0,50165,66881,6ede00d0-baf4-573f-a0dd-4a503bf7f766,6ede00d0-baf4-573f-a0dd-4a503bf7f766
60,1788869700,1276296,14,29,0,0,60,0,51032,68035,4fa33dcb-5f76-5f76-aea8-330df7ada03e,4fa33dcb-5f76-5f76-aea8-330df7ada03e
61,1788869728,1276300,14,29,0,0,61,0,51896,69189,6ede00d0-baf4-573f-a0dd-4a503bf7f766,6ede00d0-baf4-573f-a0dd-4a503bf7f766
62,1788869757,1276300,14,29,0,0,62,0,52760,70339,4fa33dcb-5f76-5f76-aea8-330df7ada03e,4fa33dcb-5f76-5f76-aea8-330df7ada03e
63,1788869786,1276300,14,29,0,0,63,0,53624,71492,6ede00d0-baf4-573f-a0dd-4a503bf7f766,6ede00d0-baf4-573f-a0dd-4a503bf7f766
64,1788869815,1276300,14,29,0,0,64,0,54488,72643,4fa33dcb-5f76-5f76-aea8-330df7ada03e,4fa33dcb-5f76-5f76-aea8-330df7ada03e
65,1788869844,1276300,14,29,0,0,65,0,55355,73799,6ede00d0-baf4-573f-a0dd-4a503bf7f766,6ede00d0-baf4-573f-a0dd-4a503bf7f766
66,1788869872,1276300,14,29,0,0,66,0,56219,74950,4fa33dcb-5f76-5f76-aea8-330df7ada03e,4fa33dcb-5f76-5f76-aea8-330df7ada03e
67,1788869901,1276300,14,29,0,0,67,0,57083,76102,6ede00d0-baf4-573f-a0dd-4a503bf7f766,6ede00d0-baf4-573f-a0dd-4a503bf7f766
68,1788869930,1276300,14,29,0,0,68,0,57946,77252,4fa33dcb-5f76-5f76-aea8-330df7ada03e,4fa33dcb-5f76-5f76-aea8-330df7ada03e
69,1788869959,1276300,14,29,0,0,69,0,58810,78404,6ede00d0-baf4-573f-a0dd-4a503bf7f766,6ede00d0-baf4-573f-a0dd-4a503bf7f766
70,1788869988,1276300,14,29,0,0,70,0,59681,79564,4fa33dcb-5f76-5f76-aea8-330df7ada03e,4fa33dcb-5f76-5f76-aea8-330df7ada03e
71,1788870017,1276300,14,29,0,0,71,0,60544,80717,6ede00d0-baf4-573f-a0dd-4a503bf7f766,6ede00d0-baf4-573f-a0dd-4a503bf7f766
72,1788870045,1276300,14,29,0,0,72,0,61408,81867,4fa33dcb-5f76-5f76-aea8-330df7ada03e,4fa33dcb-5f76-5f76-aea8-330df7ada03e
73,1788870074,1276300,14,29,0,0,73,0,62272,83021,6ede00d0-baf4-573f-a0dd-4a503bf7f766,6ede00d0-baf4-573f-a0dd-4a503bf7f766
74,1788870103,1276300,14,29,0,0,74,0,63136,84171,4fa33dcb-5f76-5f76-aea8-330df7ada03e,4fa33dcb-5f76-5f76-aea8-330df7ada03e
75,1788870132,1276300,14,29,0,0,75,0,64003,85327,6ede00d0-baf4-573f-a0dd-4a503bf7f766,6ede00d0-baf4-573f-a0dd-4a503bf7f766
76,1788870161,1276300,14,29,0,0,76,0,64867,86479,4fa33dcb-5f76-5f76-aea8-330df7ada03e,4fa33dcb-5f76-5f76-aea8-330df7ada03e
77,1788870189,1276300,14,29,0,0,77,0,65731,87632,6ede00d0-baf4-573f-a0dd-4a503bf7f766,6ede00d0-baf4-573f-a0dd-4a503bf7f766
78,1788870218,1276304,14,29,0,0,78,0,66595,88783,4fa33dcb-5f76-5f76-aea8-330df7ada03e,4fa33dcb-5f76-5f76-aea8-330df7ada03e
79,1788870247,1276304,14,29,0,0,79,0,67459,89935,6ede00d0-baf4-573f-a0dd-4a503bf7f766,6ede00d0-baf4-573f-a0dd-4a503bf7f766
80,1788870276,1276304,14,29,0,0,80,0,68325,91089,4fa33dcb-5f76-5f76-aea8-330df7ada03e,4fa33dcb-5f76-5f76-aea8-330df7ada03e
81,1788870305,1276304,14,29,0,0,81,0,69189,92242,6ede00d0-baf4-573f-a0dd-4a503bf7f766,6ede00d0-baf4-573f-a0dd-4a503bf7f766
82,1788870333,1276304,14,29,0,0,82,0,70052,93393,4fa33dcb-5f76-5f76-aea8-330df7ada03e,4fa33dcb-5f76-5f76-aea8-330df7ada03e
83,1788870362,1276304,14,29,0,0,83,0,70916,94545,6ede00d0-baf4-573f-a0dd-4a503bf7f766,6ede00d0-baf4-573f-a0dd-4a503bf7f766
84,1788870391,1276304,14,29,0,0,84,0,71780,95696,4fa33dcb-5f76-5f76-aea8-330df7ada03e,4fa33dcb-5f76-5f76-aea8-330df7ada03e
85,1788870420,1276304,14,29,0,0,85,0,72647,96851,6ede00d0-baf4-573f-a0dd-4a503bf7f766,6ede00d0-baf4-573f-a0dd-4a503bf7f766
86,1788870449,1276304,14,29,0,0,86,0,73511,98002,4fa33dcb-5f76-5f76-aea8-330df7ada03e,4fa33dcb-5f76-5f76-aea8-330df7ada03e
87,1788870477,1276304,14,29,0,0,87,0,74375,99155,6ede00d0-baf4-573f-a0dd-4a503bf7f766,6ede00d0-baf4-573f-a0dd-4a503bf7f766
88,1788870506,1276304,14,29,0,0,88,0,75239,100306,4fa33dcb-5f76-5f76-aea8-330df7ada03e,4fa33dcb-5f76-5f76-aea8-330df7ada03e
89,1788870535,1276304,14,29,0,0,89,0,76102,101458,6ede00d0-baf4-573f-a0dd-4a503bf7f766,6ede00d0-baf4-573f-a0dd-4a503bf7f766
90,1788870564,1276304,14,29,0,0,90,0,76969,102613,4fa33dcb-5f76-5f76-aea8-330df7ada03e,4fa33dcb-5f76-5f76-aea8-330df7ada03e
91,1788870593,1276308,14,29,0,0,91,0,77833,103766,6ede00d0-baf4-573f-a0dd-4a503bf7f766,6ede00d0-baf4-573f-a0dd-4a503bf7f766
92,1788870621,1276308,14,29,0,0,92,0,78697,104916,4fa33dcb-5f76-5f76-aea8-330df7ada03e,4fa33dcb-5f76-5f76-aea8-330df7ada03e
93,1788870650,1276308,14,29,0,0,93,0,79561,106069,6ede00d0-baf4-573f-a0dd-4a503bf7f766,6ede00d0-baf4-573f-a0dd-4a503bf7f766
94,1788870679,1276308,14,29,0,0,94,0,80425,107220,4fa33dcb-5f76-5f76-aea8-330df7ada03e,4fa33dcb-5f76-5f76-aea8-330df7ada03e
95,1788870708,1276308,14,29,0,0,95,0,81292,108376,6ede00d0-baf4-573f-a0dd-4a503bf7f766,6ede00d0-baf4-573f-a0dd-4a503bf7f766
96,1788870737,1276308,14,29,0,0,96,0,82156,109528,4fa33dcb-5f76-5f76-aea8-330df7ada03e,4fa33dcb-5f76-5f76-aea8-330df7ada03e
97,1788870765,1276308,14,29,0,0,97,0,83020,110680,6ede00d0-baf4-573f-a0dd-4a503bf7f766,6ede00d0-baf4-573f-a0dd-4a503bf7f766
98,1788870794,1276308,14,29,0,0,98,0,83884,111831,4fa33dcb-5f76-5f76-aea8-330df7ada03e,4fa33dcb-5f76-5f76-aea8-330df7ada03e
99,1788870823,1276308,14,29,0,0,99,0,84748,112983,6ede00d0-baf4-573f-a0dd-4a503bf7f766,6ede00d0-baf4-573f-a0dd-4a503bf7f766
100,1788870852,1276308,14,29,0,0,100,0,85615,114137,4fa33dcb-5f76-5f76-aea8-330df7ada03e,4fa33dcb-5f76-5f76-aea8-330df7ada03e
101,1788870881,1276308,14,29,0,0,101,0,86479,115290,6ede00d0-baf4-573f-a0dd-4a503bf7f766,6ede00d0-baf4-573f-a0dd-4a503bf7f766
102,1788870909,1276308,14,29,0,0,102,0,87343,116441,4fa33dcb-5f76-5f76-aea8-330df7ada03e,4fa33dcb-5f76-5f76-aea8-330df7ada03e
103,1788870938,1276308,14,29,0,0,103,0,88208,117595,6ede00d0-baf4-573f-a0dd-4a503bf7f766,6ede00d0-baf4-573f-a0dd-4a503bf7f766
104,1788870967,1276308,14,29,0,0,104,0,89071,118746,4fa33dcb-5f76-5f76-aea8-330df7ada03e,4fa33dcb-5f76-5f76-aea8-330df7ada03e
105,1788870996,1276308,14,29,0,0,105,0,89938,119902,6ede00d0-baf4-573f-a0dd-4a503bf7f766,6ede00d0-baf4-573f-a0dd-4a503bf7f766
106,1788871025,1276308,14,29,0,0,106,0,90803,121054,4fa33dcb-5f76-5f76-aea8-330df7ada03e,4fa33dcb-5f76-5f76-aea8-330df7ada03e
107,1788871053,1276308,14,29,0,0,107,0,91666,122206,6ede00d0-baf4-573f-a0dd-4a503bf7f766,6ede00d0-baf4-573f-a0dd-4a503bf7f766
108,1788871082,1276308,14,29,0,0,108,0,92530,123357,4fa33dcb-5f76-5f76-aea8-330df7ada03e,4fa33dcb-5f76-5f76-aea8-330df7ada03e
109,1788871111,1276312,14,29,0,0,109,0,93394,124510,6ede00d0-baf4-573f-a0dd-4a503bf7f766,6ede00d0-baf4-573f-a0dd-4a503bf7f766
110,1788871140,1276312,14,29,0,0,110,0,94260,125663,4fa33dcb-5f76-5f76-aea8-330df7ada03e,4fa33dcb-5f76-5f76-aea8-330df7ada03e
111,1788871169,1276312,14,29,0,0,111,0,95124,126816,6ede00d0-baf4-573f-a0dd-4a503bf7f766,6ede00d0-baf4-573f-a0dd-4a503bf7f766
112,1788871197,1276312,14,29,0,0,112,0,95988,127966,4fa33dcb-5f76-5f76-aea8-330df7ada03e,4fa33dcb-5f76-5f76-aea8-330df7ada03e
113,1788871226,1276324,14,29,0,0,113,0,96853,129121,6ede00d0-baf4-573f-a0dd-4a503bf7f766,6ede00d0-baf4-573f-a0dd-4a503bf7f766
114,1788871255,1276324,14,29,0,0,114,0,97716,130271,4fa33dcb-5f76-5f76-aea8-330df7ada03e,4fa33dcb-5f76-5f76-aea8-330df7ada03e
115,1788871284,1276324,14,29,0,0,115,0,98583,131427,6ede00d0-baf4-573f-a0dd-4a503bf7f766,6ede00d0-baf4-573f-a0dd-4a503bf7f766
116,1788871313,1276324,14,29,0,0,116,0,99448,132579,4fa33dcb-5f76-5f76-aea8-330df7ada03e,4fa33dcb-5f76-5f76-aea8-330df7ada03e
117,1788871341,1276324,14,29,0,0,117,0,100312,133732,6ede00d0-baf4-573f-a0dd-4a503bf7f766,6ede00d0-baf4-573f-a0dd-4a503bf7f766
118,1788871370,1276324,14,29,0,0,118,0,101176,134883,4fa33dcb-5f76-5f76-aea8-330df7ada03e,4fa33dcb-5f76-5f76-aea8-330df7ada03e
119,1788871399,1276324,14,29,0,0,119,0,102040,136035,6ede00d0-baf4-573f-a0dd-4a503bf7f766,6ede00d0-baf4-573f-a0dd-4a503bf7f766
120,1788871428,1276324,14,29,0,0,120,0,102906,137189,4fa33dcb-5f76-5f76-aea8-330df7ada03e,4fa33dcb-5f76-5f76-aea8-330df7ada03e
121,1788871457,1276328,14,29,0,0,121,0,103770,138342,6ede00d0-baf4-573f-a0dd-4a503bf7f766,6ede00d0-baf4-573f-a0dd-4a503bf7f766
122,1788871485,1276328,14,29,0,0,122,0,104634,139492,4fa33dcb-5f76-5f76-aea8-330df7ada03e,4fa33dcb-5f76-5f76-aea8-330df7ada03e
123,1788871514,1276328,14,29,0,0,123,0,105498,140645,6ede00d0-baf4-573f-a0dd-4a503bf7f766,6ede00d0-baf4-573f-a0dd-4a503bf7f766
124,1788871543,1276328,14,29,0,0,124,0,106362,141796,4fa33dcb-5f76-5f76-aea8-330df7ada03e,4fa33dcb-5f76-5f76-aea8-330df7ada03e
125,1788871572,1276328,14,29,0,0,125,0,107228,142953,6ede00d0-baf4-573f-a0dd-4a503bf7f766,6ede00d0-baf4-573f-a0dd-4a503bf7f766
126,1788871601,1276328,14,29,0,0,126,0,108093,144104,4fa33dcb-5f76-5f76-aea8-330df7ada03e,4fa33dcb-5f76-5f76-aea8-330df7ada03e
127,1788871629,1276328,14,29,0,0,127,0,108956,145256,6ede00d0-baf4-573f-a0dd-4a503bf7f766,6ede00d0-baf4-573f-a0dd-4a503bf7f766
128,1788871658,1276328,14,29,0,0,128,0,109820,146407,4fa33dcb-5f76-5f76-aea8-330df7ada03e,4fa33dcb-5f76-5f76-aea8-330df7ada03e
129,1788871687,1276328,14,29,0,0,129,0,110683,147559,6ede00d0-baf4-573f-a0dd-4a503bf7f766,6ede00d0-baf4-573f-a0dd-4a503bf7f766
130,1788871716,1276328,14,29,0,0,130,0,111549,148713,4fa33dcb-5f76-5f76-aea8-330df7ada03e,4fa33dcb-5f76-5f76-aea8-330df7ada03e
131,1788871745,1276328,14,29,0,0,131,0,112413,149865,6ede00d0-baf4-573f-a0dd-4a503bf7f766,6ede00d0-baf4-573f-a0dd-4a503bf7f766
132,1788871773,1276328,14,29,0,0,132,0,113277,151016,4fa33dcb-5f76-5f76-aea8-330df7ada03e,4fa33dcb-5f76-5f76-aea8-330df7ada03e
133,1788871802,1276328,14,29,0,0,133,0,114142,152171,6ede00d0-baf4-573f-a0dd-4a503bf7f766,6ede00d0-baf4-573f-a0dd-4a503bf7f766
134,1788871831,1276328,14,29,0,0,134,0,115006,153322,4fa33dcb-5f76-5f76-aea8-330df7ada03e,4fa33dcb-5f76-5f76-aea8-330df7ada03e
135,1788871860,1276328,14,29,0,0,135,0,115872,154478,6ede00d0-baf4-573f-a0dd-4a503bf7f766,6ede00d0-baf4-573f-a0dd-4a503bf7f766
136,1788871889,1276328,14,29,0,0,136,0,116736,155628,4fa33dcb-5f76-5f76-aea8-330df7ada03e,4fa33dcb-5f76-5f76-aea8-330df7ada03e
137,1788871917,1276332,14,29,0,0,137,0,117600,156781,6ede00d0-baf4-573f-a0dd-4a503bf7f766,6ede00d0-baf4-573f-a0dd-4a503bf7f766
138,1788871946,1276332,14,29,0,0,138,0,118464,157932,4fa33dcb-5f76-5f76-aea8-330df7ada03e,4fa33dcb-5f76-5f76-aea8-330df7ada03e
139,1788871975,1276332,14,29,0,0,139,0,119328,159085,6ede00d0-baf4-573f-a0dd-4a503bf7f766,6ede00d0-baf4-573f-a0dd-4a503bf7f766
140,1788872004,1276332,14,29,0,0,140,0,120193,160238,4fa33dcb-5f76-5f76-aea8-330df7ada03e,4fa33dcb-5f76-5f76-aea8-330df7ada03e
141,1788872033,1276332,14,29,0,0,141,0,121058,161392,6ede00d0-baf4-573f-a0dd-4a503bf7f766,6ede00d0-baf4-573f-a0dd-4a503bf7f766
142,1788872061,1276332,14,29,0,0,142,0,121921,162542,4fa33dcb-5f76-5f76-aea8-330df7ada03e,4fa33dcb-5f76-5f76-aea8-330df7ada03e
143,1788872090,1276332,14,29,0,0,143,0,122785,163695,6ede00d0-baf4-573f-a0dd-4a503bf7f766,6ede00d0-baf4-573f-a0dd-4a503bf7f766
144,1788872119,1276332,14,29,0,0,144,0,123649,164846,4fa33dcb-5f76-5f76-aea8-330df7ada03e,4fa33dcb-5f76-5f76-aea8-330df7ada03e
145,1788872148,1276332,14,29,0,0,145,0,124516,166002,6ede00d0-baf4-573f-a0dd-4a503bf7f766,6ede00d0-baf4-573f-a0dd-4a503bf7f766
146,1788872177,1276332,14,29,0,0,146,0,125380,167153,4fa33dcb-5f76-5f76-aea8-330df7ada03e,4fa33dcb-5f76-5f76-aea8-330df7ada03e
147,1788872205,1276332,14,29,0,0,147,0,126244,168306,6ede00d0-baf4-573f-a0dd-4a503bf7f766,6ede00d0-baf4-573f-a0dd-4a503bf7f766
148,1788872234,1276332,14,29,0,0,148,0,127108,169457,4fa33dcb-5f76-5f76-aea8-330df7ada03e,4fa33dcb-5f76-5f76-aea8-330df7ada03e
149,1788872263,1276332,14,29,0,0,149,0,127972,170610,6ede00d0-baf4-573f-a0dd-4a503bf7f766,6ede00d0-baf4-573f-a0dd-4a503bf7f766
150,1788872292,1276332,14,29,0,0,150,0,128838,171764,4fa33dcb-5f76-5f76-aea8-330df7ada03e,4fa33dcb-5f76-5f76-aea8-330df7ada03e
151,1788872321,1276332,14,29,0,0,151,0,129702,172916,6ede00d0-baf4-573f-a0dd-4a503bf7f766,6ede00d0-baf4-573f-a0dd-4a503bf7f766
152,1788872349,1276332,14,29,0,0,152,0,130566,174066,4fa33dcb-5f76-5f76-aea8-330df7ada03e,4fa33dcb-5f76-5f76-aea8-330df7ada03e
153,1788872378,1276332,14,29,0,0,153,0,131430,175219,6ede00d0-baf4-573f-a0dd-4a503bf7f766,6ede00d0-baf4-573f-a0dd-4a503bf7f766
154,1788872407,1276332,14,29,0,0,154,0,132292,176370,4fa33dcb-5f76-5f76-aea8-330df7ada03e,4fa33dcb-5f76-5f76-aea8-330df7ada03e
155,1788872436,1276332,14,29,0,0,155,0,133158,177526,6ede00d0-baf4-573f-a0dd-4a503bf7f766,6ede00d0-baf4-573f-a0dd-4a503bf7f766
156,1788872465,1276332,14,29,0,0,156,0,134022,178677,4fa33dcb-5f76-5f76-aea8-330df7ada03e,4fa33dcb-5f76-5f76-aea8-330df7ada03e
157,1788872493,1276336,14,29,0,0,157,0,134885,179829,6ede00d0-baf4-573f-a0dd-4a503bf7f766,6ede00d0-baf4-573f-a0dd-4a503bf7f766
158,1788872522,1276336,14,29,0,0,158,0,135749,180980,4fa33dcb-5f76-5f76-aea8-330df7ada03e,4fa33dcb-5f76-5f76-aea8-330df7ada03e
159,1788872551,1276336,14,29,0,0,159,0,136613,182133,6ede00d0-baf4-573f-a0dd-4a503bf7f766,6ede00d0-baf4-573f-a0dd-4a503bf7f766
160,1788872580,1276336,14,29,0,0,160,0,137479,183287,4fa33dcb-5f76-5f76-aea8-330df7ada03e,4fa33dcb-5f76-5f76-aea8-330df7ada03e
161,1788872609,1276336,14,29,0,0,161,0,138343,184439,6ede00d0-baf4-573f-a0dd-4a503bf7f766,6ede00d0-baf4-573f-a0dd-4a503bf7f766
162,1788872637,1276336,14,29,0,0,162,0,139206,185589,4fa33dcb-5f76-5f76-aea8-330df7ada03e,4fa33dcb-5f76-5f76-aea8-330df7ada03e
163,1788872666,1276336,14,29,0,0,163,0,140070,186742,6ede00d0-baf4-573f-a0dd-4a503bf7f766,6ede00d0-baf4-573f-a0dd-4a503bf7f766
164,1788872695,1276336,14,29,0,0,164,0,140934,187892,4fa33dcb-5f76-5f76-aea8-330df7ada03e,4fa33dcb-5f76-5f76-aea8-330df7ada03e
165,1788872724,1276336,14,29,0,0,165,0,141800,189048,6ede00d0-baf4-573f-a0dd-4a503bf7f766,6ede00d0-baf4-573f-a0dd-4a503bf7f766
166,1788872753,1276336,14,29,0,0,166,0,142664,190199,4fa33dcb-5f76-5f76-aea8-330df7ada03e,4fa33dcb-5f76-5f76-aea8-330df7ada03e
167,1788872781,1276336,14,29,0,0,167,0,143528,191352,6ede00d0-baf4-573f-a0dd-4a503bf7f766,6ede00d0-baf4-573f-a0dd-4a503bf7f766
168,1788872810,1276336,14,29,0,0,168,0,144392,192503,4fa33dcb-5f76-5f76-aea8-330df7ada03e,4fa33dcb-5f76-5f76-aea8-330df7ada03e
169,1788872839,1276336,14,29,0,0,169,0,145256,193656,6ede00d0-baf4-573f-a0dd-4a503bf7f766,6ede00d0-baf4-573f-a0dd-4a503bf7f766
170,1788872868,1276336,14,29,0,0,170,0,146124,194811,4fa33dcb-5f76-5f76-aea8-330df7ada03e,4fa33dcb-5f76-5f76-aea8-330df7ada03e
171,1788872897,1276336,14,29,0,0,171,0,146988,195964,6ede00d0-baf4-573f-a0dd-4a503bf7f766,6ede00d0-baf4-573f-a0dd-4a503bf7f766
172,1788872925,1276336,14,29,0,0,172,0,147851,197114,4fa33dcb-5f76-5f76-aea8-330df7ada03e,4fa33dcb-5f76-5f76-aea8-330df7ada03e
173,1788872954,1276340,14,29,0,0,173,0,148716,198268,6ede00d0-baf4-573f-a0dd-4a503bf7f766,6ede00d0-baf4-573f-a0dd-4a503bf7f766
174,1788872983,1276340,14,29,0,0,174,0,149580,199419,4fa33dcb-5f76-5f76-aea8-330df7ada03e,4fa33dcb-5f76-5f76-aea8-330df7ada03e
175,1788873012,1276340,14,29,0,0,175,0,150446,200575,6ede00d0-baf4-573f-a0dd-4a503bf7f766,6ede00d0-baf4-573f-a0dd-4a503bf7f766
176,1788873041,1276340,14,29,0,0,176,0,151311,201726,4fa33dcb-5f76-5f76-aea8-330df7ada03e,4fa33dcb-5f76-5f76-aea8-330df7ada03e
177,1788873069,1276340,14,29,0,0,177,0,152175,202879,6ede00d0-baf4-573f-a0dd-4a503bf7f766,6ede00d0-baf4-573f-a0dd-4a503bf7f766
178,1788873098,1276340,14,29,0,0,178,0,153038,204030,4fa33dcb-5f76-5f76-aea8-330df7ada03e,4fa33dcb-5f76-5f76-aea8-330df7ada03e
179,1788873127,1276340,14,29,0,0,179,0,153901,205183,6ede00d0-baf4-573f-a0dd-4a503bf7f766,6ede00d0-baf4-573f-a0dd-4a503bf7f766
180,1788873156,1276340,14,29,0,0,180,0,154768,206336,4fa33dcb-5f76-5f76-aea8-330df7ada03e,4fa33dcb-5f76-5f76-aea8-330df7ada03e
181,1788873185,1276340,14,29,0,0,181,0,155632,207489,6ede00d0-baf4-573f-a0dd-4a503bf7f766,6ede00d0-baf4-573f-a0dd-4a503bf7f766
182,1788873213,1276340,14,29,0,0,182,0,156495,208639,4fa33dcb-5f76-5f76-aea8-330df7ada03e,4fa33dcb-5f76-5f76-aea8-330df7ada03e
183,1788873242,1276340,14,29,0,0,183,0,157359,209792,6ede00d0-baf4-573f-a0dd-4a503bf7f766,6ede00d0-baf4-573f-a0dd-4a503bf7f766
184,1788873271,1276340,14,29,0,0,184,0,158223,210943,4fa33dcb-5f76-5f76-aea8-330df7ada03e,4fa33dcb-5f76-5f76-aea8-330df7ada03e
185,1788873300,1276340,14,29,0,0,185,0,159090,212100,6ede00d0-baf4-573f-a0dd-4a503bf7f766,6ede00d0-baf4-573f-a0dd-4a503bf7f766
186,1788873329,1276340,14,29,0,0,186,0,159953,213250,4fa33dcb-5f76-5f76-aea8-330df7ada03e,4fa33dcb-5f76-5f76-aea8-330df7ada03e
187,1788873357,1276340,14,29,0,0,187,0,160817,214403,6ede00d0-baf4-573f-a0dd-4a503bf7f766,6ede00d0-baf4-573f-a0dd-4a503bf7f766
188,1788873386,1276340,14,29,0,0,188,0,161680,215554,4fa33dcb-5f76-5f76-aea8-330df7ada03e,4fa33dcb-5f76-5f76-aea8-330df7ada03e
189,1788873415,1276340,14,29,0,0,189,0,162544,216707,6ede00d0-baf4-573f-a0dd-4a503bf7f766,6ede00d0-baf4-573f-a0dd-4a503bf7f766
190,1788873444,1276344,14,29,0,0,190,0,163411,217861,4fa33dcb-5f76-5f76-aea8-330df7ada03e,4fa33dcb-5f76-5f76-aea8-330df7ada03e
191,1788873473,1276344,14,29,0,0,191,0,164274,219014,6ede00d0-baf4-573f-a0dd-4a503bf7f766,6ede00d0-baf4-573f-a0dd-4a503bf7f766
192,1788873501,1276344,14,29,0,0,192,0,165138,220164,4fa33dcb-5f76-5f76-aea8-330df7ada03e,4fa33dcb-5f76-5f76-aea8-330df7ada03e
193,1788873530,1276344,14,29,0,0,193,0,166002,221317,6ede00d0-baf4-573f-a0dd-4a503bf7f766,6ede00d0-baf4-573f-a0dd-4a503bf7f766
194,1788873559,1276344,14,29,0,0,194,0,166865,222467,4fa33dcb-5f76-5f76-aea8-330df7ada03e,4fa33dcb-5f76-5f76-aea8-330df7ada03e
195,1788873588,1276348,14,29,0,0,195,0,167732,223623,6ede00d0-baf4-573f-a0dd-4a503bf7f766,6ede00d0-baf4-573f-a0dd-4a503bf7f766
196,1788873617,1276348,14,29,0,0,196,0,168596,224774,4fa33dcb-5f76-5f76-aea8-330df7ada03e,4fa33dcb-5f76-5f76-aea8-330df7ada03e
197,1788873645,1276348,14,29,0,0,197,0,169460,225927,6ede00d0-baf4-573f-a0dd-4a503bf7f766,6ede00d0-baf4-573f-a0dd-4a503bf7f766
198,1788873674,1276348,14,29,0,0,198,0,170324,227077,4fa33dcb-5f76-5f76-aea8-330df7ada03e,4fa33dcb-5f76-5f76-aea8-330df7ada03e
199,1788873703,1276348,14,29,0,0,199,0,171187,228230,6ede00d0-baf4-573f-a0dd-4a503bf7f766,6ede00d0-baf4-573f-a0dd-4a503bf7f766
200,1788873732,1276348,14,29,0,0,200,0,172055,229385,4fa33dcb-5f76-5f76-aea8-330df7ada03e,4fa33dcb-5f76-5f76-aea8-330df7ada03e
201,1788873761,1276348,14,29,0,0,201,0,172920,230540,6ede00d0-baf4-573f-a0dd-4a503bf7f766,6ede00d0-baf4-573f-a0dd-4a503bf7f766
202,1788873789,1276348,14,29,0,0,202,0,173784,231691,4fa33dcb-5f76-5f76-aea8-330df7ada03e,4fa33dcb-5f76-5f76-aea8-330df7ada03e
203,1788873818,1276348,14,29,0,0,203,0,174648,232844,6ede00d0-baf4-573f-a0dd-4a503bf7f766,6ede00d0-baf4-573f-a0dd-4a503bf7f766
204,1788873847,1276348,14,29,0,0,204,0,175512,233994,4fa33dcb-5f76-5f76-aea8-330df7ada03e,4fa33dcb-5f76-5f76-aea8-330df7ada03e
205,1788873876,1276348,14,29,0,0,205,0,176379,235150,6ede00d0-baf4-573f-a0dd-4a503bf7f766,6ede00d0-baf4-573f-a0dd-4a503bf7f766
206,1788873905,1276348,14,29,0,0,206,0,177242,236301,4fa33dcb-5f76-5f76-aea8-330df7ada03e,4fa33dcb-5f76-5f76-aea8-330df7ada03e
207,1788873933,1276348,14,29,0,0,207,0,178105,237454,6ede00d0-baf4-573f-a0dd-4a503bf7f766,6ede00d0-baf4-573f-a0dd-4a503bf7f766
208,1788873962,1276348,14,29,0,0,208,0,178970,238605,4fa33dcb-5f76-5f76-aea8-330df7ada03e,4fa33dcb-5f76-5f76-aea8-330df7ada03e
209,1788873991,1276348,14,29,0,0,209,0,179834,239759,6ede00d0-baf4-573f-a0dd-4a503bf7f766,6ede00d0-baf4-573f-a0dd-4a503bf7f766
210,1788874020,1276348,14,29,0,0,210,0,180701,240913,4fa33dcb-5f76-5f76-aea8-330df7ada03e,4fa33dcb-5f76-5f76-aea8-330df7ada03e
211,1788874049,1276348,14,29,0,0,211,0,181565,242066,6ede00d0-baf4-573f-a0dd-4a503bf7f766,6ede00d0-baf4-573f-a0dd-4a503bf7f766
212,1788874077,1276348,14,29,0,0,212,0,182429,243217,4fa33dcb-5f76-5f76-aea8-330df7ada03e,4fa33dcb-5f76-5f76-aea8-330df7ada03e
213,1788874106,1276348,14,29,0,0,213,0,183293,244370,6ede00d0-baf4-573f-a0dd-4a503bf7f766,6ede00d0-baf4-573f-a0dd-4a503bf7f766
214,1788874135,1276348,14,29,0,0,214,0,184157,245521,4fa33dcb-5f76-5f76-aea8-330df7ada03e,4fa33dcb-5f76-5f76-aea8-330df7ada03e
215,1788874164,1276348,14,29,0,0,215,0,185024,246677,6ede00d0-baf4-573f-a0dd-4a503bf7f766,6ede00d0-baf4-573f-a0dd-4a503bf7f766
216,1788874193,1276348,14,29,0,0,216,0,185888,247827,4fa33dcb-5f76-5f76-aea8-330df7ada03e,4fa33dcb-5f76-5f76-aea8-330df7ada03e
217,1788874221,1276348,14,29,0,0,217,0,186751,248980,6ede00d0-baf4-573f-a0dd-4a503bf7f766,6ede00d0-baf4-573f-a0dd-4a503bf7f766
218,1788874250,1276348,14,29,0,0,218,0,187615,250131,4fa33dcb-5f76-5f76-aea8-330df7ada03e,4fa33dcb-5f76-5f76-aea8-330df7ada03e
219,1788874279,1276348,14,29,0,0,219,0,188478,251284,6ede00d0-baf4-573f-a0dd-4a503bf7f766,6ede00d0-baf4-573f-a0dd-4a503bf7f766
220,1788874308,1276348,14,29,0,0,220,0,189345,252438,4fa33dcb-5f76-5f76-aea8-330df7ada03e,4fa33dcb-5f76-5f76-aea8-330df7ada03e
221,1788874337,1276348,14,29,0,0,221,0,190209,253591,6ede00d0-baf4-573f-a0dd-4a503bf7f766,6ede00d0-baf4-573f-a0dd-4a503bf7f766
222,1788874365,1276348,14,29,0,0,222,0,191073,254741,4fa33dcb-5f76-5f76-aea8-330df7ada03e,4fa33dcb-5f76-5f76-aea8-330df7ada03e
223,1788874394,1276348,14,29,0,0,223,0,191937,255894,6ede00d0-baf4-573f-a0dd-4a503bf7f766,6ede00d0-baf4-573f-a0dd-4a503bf7f766
224,1788874423,1276348,14,29,0,0,224,0,192801,257045,4fa33dcb-5f76-5f76-aea8-330df7ada03e,4fa33dcb-5f76-5f76-aea8-330df7ada03e
225,1788874452,1276392,14,29,0,0,225,0,193667,258201,6ede00d0-baf4-573f-a0dd-4a503bf7f766,6ede00d0-baf4-573f-a0dd-4a503bf7f766
226,1788874481,1276392,14,29,0,0,226,0,194530,259351,4fa33dcb-5f76-5f76-aea8-330df7ada03e,4fa33dcb-5f76-5f76-aea8-330df7ada03e
227,1788874509,1276392,14,29,0,0,227,0,195394,260504,6ede00d0-baf4-573f-a0dd-4a503bf7f766,6ede00d0-baf4-573f-a0dd-4a503bf7f766
228,1788874538,1276392,14,29,0,0,228,0,196259,261656,4fa33dcb-5f76-5f76-aea8-330df7ada03e,4fa33dcb-5f76-5f76-aea8-330df7ada03e
229,1788874567,1276392,14,29,0,0,229,0,197123,262808,6ede00d0-baf4-573f-a0dd-4a503bf7f766,6ede00d0-baf4-573f-a0dd-4a503bf7f766
230,1788874596,1276396,14,29,0,0,230,0,197990,263963,4fa33dcb-5f76-5f76-aea8-330df7ada03e,4fa33dcb-5f76-5f76-aea8-330df7ada03e
231,1788874625,1276396,14,29,0,0,231,0,198855,265117,6ede00d0-baf4-573f-a0dd-4a503bf7f766,6ede00d0-baf4-573f-a0dd-4a503bf7f766
232,1788874653,1276396,14,29,0,0,232,0,199719,266267,4fa33dcb-5f76-5f76-aea8-330df7ada03e,4fa33dcb-5f76-5f76-aea8-330df7ada03e
233,1788874682,1276396,14,29,0,0,233,0,200583,267420,6ede00d0-baf4-573f-a0dd-4a503bf7f766,6ede00d0-baf4-573f-a0dd-4a503bf7f766
234,1788874711,1276396,14,29,0,0,234,0,201447,268571,4fa33dcb-5f76-5f76-aea8-330df7ada03e,4fa33dcb-5f76-5f76-aea8-330df7ada03e
235,1788874740,1276396,14,29,0,0,235,0,202313,269728,6ede00d0-baf4-573f-a0dd-4a503bf7f766,6ede00d0-baf4-573f-a0dd-4a503bf7f766
236,1788874769,1276396,14,29,0,0,236,0,203179,270880,4fa33dcb-5f76-5f76-aea8-330df7ada03e,4fa33dcb-5f76-5f76-aea8-330df7ada03e
237,1788874797,1276396,14,29,0,0,237,0,204043,272033,6ede00d0-baf4-573f-a0dd-4a503bf7f766,6ede00d0-baf4-573f-a0dd-4a503bf7f766
238,1788874826,1276396,14,29,0,0,238,0,204907,273184,4fa33dcb-5f76-5f76-aea8-330df7ada03e,4fa33dcb-5f76-5f76-aea8-330df7ada03e
239,1788874855,1276396,14,29,0,0,239,0,205771,274338,6ede00d0-baf4-573f-a0dd-4a503bf7f766,6ede00d0-baf4-573f-a0dd-4a503bf7f766
240,1788874884,1276396,14,29,0,0,240,0,206638,275491,4fa33dcb-5f76-5f76-aea8-330df7ada03e,4fa33dcb-5f76-5f76-aea8-330df7ada03e
241,1788874913,1276396,14,29,0,0,241,0,207502,276644,6ede00d0-baf4-573f-a0dd-4a503bf7f766,6ede00d0-baf4-573f-a0dd-4a503bf7f766
242,1788874941,1276396,14,29,0,0,242,0,208365,277795,4fa33dcb-5f76-5f76-aea8-330df7ada03e,4fa33dcb-5f76-5f76-aea8-330df7ada03e
243,1788874970,1276396,14,29,0,0,243,0,209229,278948,6ede00d0-baf4-573f-a0dd-4a503bf7f766,6ede00d0-baf4-573f-a0dd-4a503bf7f766
244,1788874999,1276400,14,29,0,0,244,0,210093,280098,4fa33dcb-5f76-5f76-aea8-330df7ada03e,4fa33dcb-5f76-5f76-aea8-330df7ada03e
245,1788875028,1276400,14,29,0,0,245,0,210960,281254,6ede00d0-baf4-573f-a0dd-4a503bf7f766,6ede00d0-baf4-573f-a0dd-4a503bf7f766
246,1788875057,1276436,14,29,0,0,246,0,211823,282404,4fa33dcb-5f76-5f76-aea8-330df7ada03e,4fa33dcb-5f76-5f76-aea8-330df7ada03e
247,1788875085,1276476,14,29,0,0,247,0,212687,283558,6ede00d0-baf4-573f-a0dd-4a503bf7f766,6ede00d0-baf4-573f-a0dd-4a503bf7f766
248,1788875114,1276476,14,29,0,0,248,0,213551,284708,4fa33dcb-5f76-5f76-aea8-330df7ada03e,4fa33dcb-5f76-5f76-aea8-330df7ada03e
249,1788875143,1282104,14,29,0,0,249,0,214416,285862,6ede00d0-baf4-573f-a0dd-4a503bf7f766,6ede00d0-baf4-573f-a0dd-4a503bf7f766
250,1788875172,1287652,14,29,0,0,250,0,215282,287016,4fa33dcb-5f76-5f76-aea8-330df7ada03e,4fa33dcb-5f76-5f76-aea8-330df7ada03e
251,1788875201,1287652,14,29,0,0,251,0,216146,288169,6ede00d0-baf4-573f-a0dd-4a503bf7f766,6ede00d0-baf4-573f-a0dd-4a503bf7f766
252,1788875230,1287652,14,29,0,0,252,0,217010,289320,4fa33dcb-5f76-5f76-aea8-330df7ada03e,4fa33dcb-5f76-5f76-aea8-330df7ada03e
253,1788875258,1287652,14,29,0,0,253,0,217874,290474,6ede00d0-baf4-573f-a0dd-4a503bf7f766,6ede00d0-baf4-573f-a0dd-4a503bf7f766
254,1788875287,1287652,14,29,0,0,254,0,218739,291625,4fa33dcb-5f76-5f76-aea8-330df7ada03e,4fa33dcb-5f76-5f76-aea8-330df7ada03e
255,1788875316,1287656,14,29,0,0,255,0,219607,292784,6ede00d0-baf4-573f-a0dd-4a503bf7f766,6ede00d0-baf4-573f-a0dd-4a503bf7f766
256,1788875345,1287656,14,29,0,0,256,0,220471,293935,4fa33dcb-5f76-5f76-aea8-330df7ada03e,4fa33dcb-5f76-5f76-aea8-330df7ada03e
257,1788875374,1287656,14,29,0,0,257,0,221335,295088,6ede00d0-baf4-573f-a0dd-4a503bf7f766,6ede00d0-baf4-573f-a0dd-4a503bf7f766
258,1788875402,1287656,14,29,0,0,258,0,222199,296238,4fa33dcb-5f76-5f76-aea8-330df7ada03e,4fa33dcb-5f76-5f76-aea8-330df7ada03e
259,1788875431,1287656,14,29,0,0,259,0,223063,297391,6ede00d0-baf4-573f-a0dd-4a503bf7f766,6ede00d0-baf4-573f-a0dd-4a503bf7f766
260,1788875460,1287656,14,29,0,0,260,0,223930,298545,4fa33dcb-5f76-5f76-aea8-330df7ada03e,4fa33dcb-5f76-5f76-aea8-330df7ada03e
261,1788875489,1287656,14,29,0,0,261,0,224793,299698,6ede00d0-baf4-573f-a0dd-4a503bf7f766,6ede00d0-baf4-573f-a0dd-4a503bf7f766
262,1788875518,1287656,14,29,0,0,262,0,225657,300848,4fa33dcb-5f76-5f76-aea8-330df7ada03e,4fa33dcb-5f76-5f76-aea8-330df7ada03e
263,1788875546,1287656,14,29,0,0,263,0,226521,302001,6ede00d0-baf4-573f-a0dd-4a503bf7f766,6ede00d0-baf4-573f-a0dd-4a503bf7f766
264,1788875575,1287656,14,29,0,0,264,0,227385,303152,4fa33dcb-5f76-5f76-aea8-330df7ada03e,4fa33dcb-5f76-5f76-aea8-330df7ada03e
265,1788875604,1287656,14,29,0,0,265,0,228252,304309,6ede00d0-baf4-573f-a0dd-4a503bf7f766,6ede00d0-baf4-573f-a0dd-4a503bf7f766
266,1788875633,1287656,14,29,0,0,266,0,229116,305460,4fa33dcb-5f76-5f76-aea8-330df7ada03e,4fa33dcb-5f76-5f76-aea8-330df7ada03e
267,1788875662,1287656,14,29,0,0,267,0,229980,306613,6ede00d0-baf4-573f-a0dd-4a503bf7f766,6ede00d0-baf4-573f-a0dd-4a503bf7f766
268,1788875690,1287656,14,29,0,0,268,0,230844,307763,4fa33dcb-5f76-5f76-aea8-330df7ada03e,4fa33dcb-5f76-5f76-aea8-330df7ada03e
269,1788875719,1287656,14,29,0,0,269,0,231708,308916,6ede00d0-baf4-573f-a0dd-4a503bf7f766,6ede00d0-baf4-573f-a0dd-4a503bf7f766
270,1788875748,1287656,14,29,0,0,270,0,232578,310075,4fa33dcb-5f76-5f76-aea8-330df7ada03e,4fa33dcb-5f76-5f76-aea8-330df7ada03e
271,1788875777,1287656,14,29,0,0,271,0,233442,311228,6ede00d0-baf4-573f-a0dd-4a503bf7f766,6ede00d0-baf4-573f-a0dd-4a503bf7f766
272,1788875806,1287656,14,29,0,0,272,0,234306,312378,4fa33dcb-5f76-5f76-aea8-330df7ada03e,4fa33dcb-5f76-5f76-aea8-330df7ada03e
273,1788875834,1287656,14,29,0,0,273,0,235170,313531,6ede00d0-baf4-573f-a0dd-4a503bf7f766,6ede00d0-baf4-573f-a0dd-4a503bf7f766
274,1788875863,1287660,14,29,0,0,274,0,236034,314682,4fa33dcb-5f76-5f76-aea8-330df7ada03e,4fa33dcb-5f76-5f76-aea8-330df7ada03e
275,1788875892,1287660,14,29,0,0,275,0,236901,315839,6ede00d0-baf4-573f-a0dd-4a503bf7f766,6ede00d0-baf4-573f-a0dd-4a503bf7f766
276,1788875921,1287660,14,29,0,0,276,0,237765,316990,4fa33dcb-5f76-5f76-aea8-330df7ada03e,4fa33dcb-5f76-5f76-aea8-330df7ada03e
277,1788875950,1287660,14,29,0,0,277,0,238629,318143,6ede00d0-baf4-573f-a0dd-4a503bf7f766,6ede00d0-baf4-573f-a0dd-4a503bf7f766
278,1788875978,1287660,14,29,0,0,278,0,239493,319294,4fa33dcb-5f76-5f76-aea8-330df7ada03e,4fa33dcb-5f76-5f76-aea8-330df7ada03e
279,1788876007,1287660,14,29,0,0,279,0,240357,320447,6ede00d0-baf4-573f-a0dd-4a503bf7f766,6ede00d0-baf4-573f-a0dd-4a503bf7f766
280,1788876036,1287660,14,29,0,0,280,0,241224,321601,4fa33dcb-5f76-5f76-aea8-330df7ada03e,4fa33dcb-5f76-5f76-aea8-330df7ada03e
281,1788876065,1287660,14,29,0,0,281,0,242088,322753,6ede00d0-baf4-573f-a0dd-4a503bf7f766,6ede00d0-baf4-573f-a0dd-4a503bf7f766
282,1788876094,1287660,14,29,0,0,282,0,242951,323903,4fa33dcb-5f76-5f76-aea8-330df7ada03e,4fa33dcb-5f76-5f76-aea8-330df7ada03e
283,1788876123,1287660,14,29,0,0,283,0,243815,325057,6ede00d0-baf4-573f-a0dd-4a503bf7f766,6ede00d0-baf4-573f-a0dd-4a503bf7f766
284,1788876151,1287676,14,29,0,0,284,0,244678,326207,4fa33dcb-5f76-5f76-aea8-330df7ada03e,4fa33dcb-5f76-5f76-aea8-330df7ada03e
285,1788876180,1287676,14,29,0,0,285,0,245545,327363,6ede00d0-baf4-573f-a0dd-4a503bf7f766,6ede00d0-baf4-573f-a0dd-4a503bf7f766
286,1788876209,1287676,14,29,0,0,286,0,246409,328514,4fa33dcb-5f76-5f76-aea8-330df7ada03e,4fa33dcb-5f76-5f76-aea8-330df7ada03e
287,1788876238,1287676,14,29,0,0,287,0,247273,329667,6ede00d0-baf4-573f-a0dd-4a503bf7f766,6ede00d0-baf4-573f-a0dd-4a503bf7f766
288,1788876266,1287676,14,29,0,0,288,0,248137,330817,4fa33dcb-5f76-5f76-aea8-330df7ada03e,4fa33dcb-5f76-5f76-aea8-330df7ada03e
289,1788876295,1287676,14,29,0,0,289,0,249001,331970,6ede00d0-baf4-573f-a0dd-4a503bf7f766,6ede00d0-baf4-573f-a0dd-4a503bf7f766
290,1788876324,1287680,14,29,0,0,290,0,249867,333124,4fa33dcb-5f76-5f76-aea8-330df7ada03e,4fa33dcb-5f76-5f76-aea8-330df7ada03e
291,1788876353,1287680,14,29,0,0,291,0,250731,334277,6ede00d0-baf4-573f-a0dd-4a503bf7f766,6ede00d0-baf4-573f-a0dd-4a503bf7f766
292,1788876382,1287680,14,29,0,0,292,0,251595,335428,4fa33dcb-5f76-5f76-aea8-330df7ada03e,4fa33dcb-5f76-5f76-aea8-330df7ada03e
293,1788876411,1287680,14,29,0,0,293,0,252460,336582,6ede00d0-baf4-573f-a0dd-4a503bf7f766,6ede00d0-baf4-573f-a0dd-4a503bf7f766
294,1788876439,1287680,14,29,0,0,294,0,253324,337732,4fa33dcb-5f76-5f76-aea8-330df7ada03e,4fa33dcb-5f76-5f76-aea8-330df7ada03e
295,1788876468,1287680,14,29,0,0,295,0,254190,338889,6ede00d0-baf4-573f-a0dd-4a503bf7f766,6ede00d0-baf4-573f-a0dd-4a503bf7f766
296,1788876497,1287680,14,29,0,0,296,0,255054,340039,4fa33dcb-5f76-5f76-aea8-330df7ada03e,4fa33dcb-5f76-5f76-aea8-330df7ada03e
297,1788876526,1287680,14,29,0,0,297,0,255918,341192,6ede00d0-baf4-573f-a0dd-4a503bf7f766,6ede00d0-baf4-573f-a0dd-4a503bf7f766
298,1788876555,1287680,14,29,0,0,298,0,256783,342344,4fa33dcb-5f76-5f76-aea8-330df7ada03e,4fa33dcb-5f76-5f76-aea8-330df7ada03e
299,1788876583,1287680,14,29,0,0,299,0,257647,343496,6ede00d0-baf4-573f-a0dd-4a503bf7f766,6ede00d0-baf4-573f-a0dd-4a503bf7f766
300,1788876612,1287680,14,29,0,0,300,0,258513,344650,4fa33dcb-5f76-5f76-aea8-330df7ada03e,4fa33dcb-5f76-5f76-aea8-330df7ada03e
301,1788876641,1287680,14,29,0,0,301,0,259377,345802,6ede00d0-baf4-573f-a0dd-4a503bf7f766,6ede00d0-baf4-573f-a0dd-4a503bf7f766
302,1788876670,1287680,14,29,0,0,302,0,260241,346953,4fa33dcb-5f76-5f76-aea8-330df7ada03e,4fa33dcb-5f76-5f76-aea8-330df7ada03e
303,1788876699,1287680,14,29,0,0,303,0,261105,348106,6ede00d0-baf4-573f-a0dd-4a503bf7f766,6ede00d0-baf4-573f-a0dd-4a503bf7f766
304,1788876727,1287680,14,29,0,0,304,0,261969,349257,4fa33dcb-5f76-5f76-aea8-330df7ada03e,4fa33dcb-5f76-5f76-aea8-330df7ada03e
305,1788876756,1287680,14,29,0,0,305,0,262839,350418,6ede00d0-baf4-573f-a0dd-4a503bf7f766,6ede00d0-baf4-573f-a0dd-4a503bf7f766
306,1788876785,1287684,14,29,0,0,306,0,263703,351569,4fa33dcb-5f76-5f76-aea8-330df7ada03e,4fa33dcb-5f76-5f76-aea8-330df7ada03e
307,1788876814,1287684,14,29,0,0,307,0,264567,352722,6ede00d0-baf4-573f-a0dd-4a503bf7f766,6ede00d0-baf4-573f-a0dd-4a503bf7f766
308,1788876843,1287684,14,29,0,0,308,0,265431,353873,4fa33dcb-5f76-5f76-aea8-330df7ada03e,4fa33dcb-5f76-5f76-aea8-330df7ada03e
309,1788876871,1287684,14,29,0,0,309,0,266295,355026,6ede00d0-baf4-573f-a0dd-4a503bf7f766,6ede00d0-baf4-573f-a0dd-4a503bf7f766
310,1788876900,1287684,14,29,0,0,310,0,267161,356180,4fa33dcb-5f76-5f76-aea8-330df7ada03e,4fa33dcb-5f76-5f76-aea8-330df7ada03e
311,1788876929,1287684,14,29,0,0,311,0,268025,357333,6ede00d0-baf4-573f-a0dd-4a503bf7f766,6ede00d0-baf4-573f-a0dd-4a503bf7f766
312,1788876958,1287684,14,29,0,0,312,0,268889,358483,4fa33dcb-5f76-5f76-aea8-330df7ada03e,4fa33dcb-5f76-5f76-aea8-330df7ada03e
313,1788876987,1287684,14,29,0,0,313,0,269753,359636,6ede00d0-baf4-573f-a0dd-4a503bf7f766,6ede00d0-baf4-573f-a0dd-4a503bf7f766
314,1788877015,1287684,14,29,0,0,314,0,270617,360786,4fa33dcb-5f76-5f76-aea8-330df7ada03e,4fa33dcb-5f76-5f76-aea8-330df7ada03e
315,1788877044,1287684,14,29,0,0,315,0,271484,361943,6ede00d0-baf4-573f-a0dd-4a503bf7f766,6ede00d0-baf4-573f-a0dd-4a503bf7f766
316,1788877073,1287684,14,29,0,0,316,0,272348,363094,4fa33dcb-5f76-5f76-aea8-330df7ada03e,4fa33dcb-5f76-5f76-aea8-330df7ada03e
317,1788877102,1287684,14,29,0,0,317,0,273212,364247,6ede00d0-baf4-573f-a0dd-4a503bf7f766,6ede00d0-baf4-573f-a0dd-4a503bf7f766
318,1788877131,1287684,14,29,0,0,318,0,274076,365398,4fa33dcb-5f76-5f76-aea8-330df7ada03e,4fa33dcb-5f76-5f76-aea8-330df7ada03e
319,1788877159,1287684,14,29,0,0,319,0,274940,366551,6ede00d0-baf4-573f-a0dd-4a503bf7f766,6ede00d0-baf4-573f-a0dd-4a503bf7f766
320,1788877188,1287684,14,29,0,0,320,0,275806,367705,4fa33dcb-5f76-5f76-aea8-330df7ada03e,4fa33dcb-5f76-5f76-aea8-330df7ada03e
321,1788877217,1287684,14,29,0,0,321,0,276672,368860,6ede00d0-baf4-573f-a0dd-4a503bf7f766,6ede00d0-baf4-573f-a0dd-4a503bf7f766
322,1788877246,1287684,14,29,0,0,322,0,277535,370010,4fa33dcb-5f76-5f76-aea8-330df7ada03e,4fa33dcb-5f76-5f76-aea8-330df7ada03e
323,1788877275,1287684,14,29,0,0,323,0,278399,371163,6ede00d0-baf4-573f-a0dd-4a503bf7f766,6ede00d0-baf4-573f-a0dd-4a503bf7f766
324,1788877303,1287688,14,29,0,0,324,0,279263,372313,4fa33dcb-5f76-5f76-aea8-330df7ada03e,4fa33dcb-5f76-5f76-aea8-330df7ada03e
325,1788877332,1287688,14,29,0,0,325,0,280130,373470,6ede00d0-baf4-573f-a0dd-4a503bf7f766,6ede00d0-baf4-573f-a0dd-4a503bf7f766
326,1788877361,1287688,14,29,0,0,326,0,280994,374620,4fa33dcb-5f76-5f76-aea8-330df7ada03e,4fa33dcb-5f76-5f76-aea8-330df7ada03e
327,1788877390,1287688,14,29,0,0,327,0,281858,375773,6ede00d0-baf4-573f-a0dd-4a503bf7f766,6ede00d0-baf4-573f-a0dd-4a503bf7f766
328,1788877419,1287688,14,29,0,0,328,0,282721,376924,4fa33dcb-5f76-5f76-aea8-330df7ada03e,4fa33dcb-5f76-5f76-aea8-330df7ada03e
329,1788877447,1287688,14,29,0,0,329,0,283585,378076,6ede00d0-baf4-573f-a0dd-4a503bf7f766,6ede00d0-baf4-573f-a0dd-4a503bf7f766
330,1788877476,1287688,14,29,0,0,330,0,284452,379231,4fa33dcb-5f76-5f76-aea8-330df7ada03e,4fa33dcb-5f76-5f76-aea8-330df7ada03e
331,1788877505,1287688,14,29,0,0,331,0,285316,380383,6ede00d0-baf4-573f-a0dd-4a503bf7f766,6ede00d0-baf4-573f-a0dd-4a503bf7f766
332,1788877534,1287688,14,29,0,0,332,0,286179,381534,4fa33dcb-5f76-5f76-aea8-330df7ada03e,4fa33dcb-5f76-5f76-aea8-330df7ada03e
333,1788877563,1287688,14,29,0,0,333,0,287043,382687,6ede00d0-baf4-573f-a0dd-4a503bf7f766,6ede00d0-baf4-573f-a0dd-4a503bf7f766
334,1788877591,1287688,14,29,0,0,334,0,287908,383838,4fa33dcb-5f76-5f76-aea8-330df7ada03e,4fa33dcb-5f76-5f76-aea8-330df7ada03e
335,1788877620,1287688,14,29,0,0,335,0,288774,384994,6ede00d0-baf4-573f-a0dd-4a503bf7f766,6ede00d0-baf4-573f-a0dd-4a503bf7f766
336,1788877649,1287688,14,29,0,0,336,0,289639,386145,4fa33dcb-5f76-5f76-aea8-330df7ada03e,4fa33dcb-5f76-5f76-aea8-330df7ada03e
337,1788877678,1287688,14,29,0,0,337,0,290502,387298,6ede00d0-baf4-573f-a0dd-4a503bf7f766,6ede00d0-baf4-573f-a0dd-4a503bf7f766
338,1788877707,1287688,14,29,0,0,338,0,291366,388448,4fa33dcb-5f76-5f76-aea8-330df7ada03e,4fa33dcb-5f76-5f76-aea8-330df7ada03e
339,1788877735,1287688,14,29,0,0,339,0,292230,389601,6ede00d0-baf4-573f-a0dd-4a503bf7f766,6ede00d0-baf4-573f-a0dd-4a503bf7f766
340,1788877764,1287692,14,29,0,0,340,0,293097,390755,4fa33dcb-5f76-5f76-aea8-330df7ada03e,4fa33dcb-5f76-5f76-aea8-330df7ada03e
341,1788877793,1287692,14,29,0,0,341,0,293963,391911,6ede00d0-baf4-573f-a0dd-4a503bf7f766,6ede00d0-baf4-573f-a0dd-4a503bf7f766
342,1788877822,1287692,14,29,0,0,342,0,294827,393062,4fa33dcb-5f76-5f76-aea8-330df7ada03e,4fa33dcb-5f76-5f76-aea8-330df7ada03e
343,1788877851,1287692,14,29,0,0,343,0,295691,394215,6ede00d0-baf4-573f-a0dd-4a503bf7f766,6ede00d0-baf4-573f-a0dd-4a503bf7f766
344,1788877880,1287692,14,29,0,0,344,0,296555,395366,4fa33dcb-5f76-5f76-aea8-330df7ada03e,4fa33dcb-5f76-5f76-aea8-330df7ada03e
345,1788877908,1287692,14,29,0,0,345,0,297421,396522,6ede00d0-baf4-573f-a0dd-4a503bf7f766,6ede00d0-baf4-573f-a0dd-4a503bf7f766
346,1788877937,1287692,14,29,0,0,346,0,298285,397672,4fa33dcb-5f76-5f76-aea8-330df7ada03e,4fa33dcb-5f76-5f76-aea8-330df7ada03e
347,1788877966,1287692,14,29,0,0,347,0,299149,398825,6ede00d0-baf4-573f-a0dd-4a503bf7f766,6ede00d0-baf4-573f-a0dd-4a503bf7f766
348,1788877995,1287692,14,29,0,0,348,0,300012,399976,4fa33dcb-5f76-5f76-aea8-330df7ada03e,4fa33dcb-5f76-5f76-aea8-330df7ada03e
349,1788878024,1287692,14,29,0,0,349,0,300875,401128,6ede00d0-baf4-573f-a0dd-4a503bf7f766,6ede00d0-baf4-573f-a0dd-4a503bf7f766
350,1788878052,1287692,14,29,0,0,350,0,301742,402282,4fa33dcb-5f76-5f76-aea8-330df7ada03e,4fa33dcb-5f76-5f76-aea8-330df7ada03e
351,1788878081,1287692,14,29,0,0,351,0,302607,403436,6ede00d0-baf4-573f-a0dd-4a503bf7f766,6ede00d0-baf4-573f-a0dd-4a503bf7f766
352,1788878110,1287692,14,29,0,0,352,0,303471,404587,4fa33dcb-5f76-5f76-aea8-330df7ada03e,4fa33dcb-5f76-5f76-aea8-330df7ada03e
353,1788878139,1287692,14,29,0,0,353,0,304335,405740,6ede00d0-baf4-573f-a0dd-4a503bf7f766,6ede00d0-baf4-573f-a0dd-4a503bf7f766
354,1788878168,1287692,14,29,0,0,354,0,305199,406891,4fa33dcb-5f76-5f76-aea8-330df7ada03e,4fa33dcb-5f76-5f76-aea8-330df7ada03e
355,1788878196,1287696,14,29,0,0,355,0,306066,408048,6ede00d0-baf4-573f-a0dd-4a503bf7f766,6ede00d0-baf4-573f-a0dd-4a503bf7f766
356,1788878225,1287696,14,29,0,0,356,0,306930,409198,4fa33dcb-5f76-5f76-aea8-330df7ada03e,4fa33dcb-5f76-5f76-aea8-330df7ada03e
357,1788878254,1287696,14,29,0,0,357,0,307794,410351,6ede00d0-baf4-573f-a0dd-4a503bf7f766,6ede00d0-baf4-573f-a0dd-4a503bf7f766
358,1788878283,1287696,14,29,0,0,358,0,308658,411502,4fa33dcb-5f76-5f76-aea8-330df7ada03e,4fa33dcb-5f76-5f76-aea8-330df7ada03e
359,1788878312,1287696,14,29,0,0,359,0,309522,412655,6ede00d0-baf4-573f-a0dd-4a503bf7f766,6ede00d0-baf4-573f-a0dd-4a503bf7f766
360,1788878340,1287696,14,29,0,0,360,0,310388,413809,4fa33dcb-5f76-5f76-aea8-330df7ada03e,4fa33dcb-5f76-5f76-aea8-330df7ada03e
361,1788878369,1287696,14,29,0,0,361,0,311252,414962,6ede00d0-baf4-573f-a0dd-4a503bf7f766,6ede00d0-baf4-573f-a0dd-4a503bf7f766
362,1788878398,1287696,14,29,0,0,362,0,312116,416112,4fa33dcb-5f76-5f76-aea8-330df7ada03e,4fa33dcb-5f76-5f76-aea8-330df7ada03e
363,1788878427,1287696,14,29,0,0,363,0,312980,417265,6ede00d0-baf4-573f-a0dd-4a503bf7f766,6ede00d0-baf4-573f-a0dd-4a503bf7f766
364,1788878456,1287696,14,29,0,0,364,0,313844,418416,4fa33dcb-5f76-5f76-aea8-330df7ada03e,4fa33dcb-5f76-5f76-aea8-330df7ada03e
365,1788878484,1287696,14,29,0,0,365,0,314710,419571,6ede00d0-baf4-573f-a0dd-4a503bf7f766,6ede00d0-baf4-573f-a0dd-4a503bf7f766
366,1788878513,1287696,14,29,0,0,366,0,315572,420722,4fa33dcb-5f76-5f76-aea8-330df7ada03e,4fa33dcb-5f76-5f76-aea8-330df7ada03e
367,1788878542,1287696,14,29,0,0,367,0,316436,421875,6ede00d0-baf4-573f-a0dd-4a503bf7f766,6ede00d0-baf4-573f-a0dd-4a503bf7f766
368,1788878571,1287696,14,29,0,0,368,0,317300,423026,4fa33dcb-5f76-5f76-aea8-330df7ada03e,4fa33dcb-5f76-5f76-aea8-330df7ada03e
369,1788878600,1287696,14,29,0,0,369,0,318164,424179,6ede00d0-baf4-573f-a0dd-4a503bf7f766,6ede00d0-baf4-573f-a0dd-4a503bf7f766
370,1788878628,1287696,14,29,0,0,370,0,319031,425333,4fa33dcb-5f76-5f76-aea8-330df7ada03e,4fa33dcb-5f76-5f76-aea8-330df7ada03e
371,1788878657,1287696,14,29,0,0,371,0,319895,426487,6ede00d0-baf4-573f-a0dd-4a503bf7f766,6ede00d0-baf4-573f-a0dd-4a503bf7f766
372,1788878686,1287700,14,29,0,0,372,0,320759,427637,4fa33dcb-5f76-5f76-aea8-330df7ada03e,4fa33dcb-5f76-5f76-aea8-330df7ada03e
373,1788878715,1287700,14,29,0,0,373,0,321623,428790,6ede00d0-baf4-573f-a0dd-4a503bf7f766,6ede00d0-baf4-573f-a0dd-4a503bf7f766
374,1788878744,1287700,14,29,0,0,374,0,322487,429941,4fa33dcb-5f76-5f76-aea8-330df7ada03e,4fa33dcb-5f76-5f76-aea8-330df7ada03e
375,1788878772,1287700,14,29,0,0,375,0,323353,431096,6ede00d0-baf4-573f-a0dd-4a503bf7f766,6ede00d0-baf4-573f-a0dd-4a503bf7f766
376,1788878801,1287700,14,29,0,0,376,0,324217,432247,4fa33dcb-5f76-5f76-aea8-330df7ada03e,4fa33dcb-5f76-5f76-aea8-330df7ada03e
377,1788878830,1287700,14,29,0,0,377,0,325081,433400,6ede00d0-baf4-573f-a0dd-4a503bf7f766,6ede00d0-baf4-573f-a0dd-4a503bf7f766
378,1788878859,1287700,14,29,0,0,378,0,325945,434550,4fa33dcb-5f76-5f76-aea8-330df7ada03e,4fa33dcb-5f76-5f76-aea8-330df7ada03e
379,1788878888,1287700,14,29,0,0,379,0,326809,435703,6ede00d0-baf4-573f-a0dd-4a503bf7f766,6ede00d0-baf4-573f-a0dd-4a503bf7f766
380,1788878916,1287700,14,29,0,0,380,0,327675,436857,4fa33dcb-5f76-5f76-aea8-330df7ada03e,4fa33dcb-5f76-5f76-aea8-330df7ada03e
381,1788878945,1287700,14,29,0,0,381,0,328539,438010,6ede00d0-baf4-573f-a0dd-4a503bf7f766,6ede00d0-baf4-573f-a0dd-4a503bf7f766
382,1788878974,1287700,14,29,0,0,382,0,329403,439161,4fa33dcb-5f76-5f76-aea8-330df7ada03e,4fa33dcb-5f76-5f76-aea8-330df7ada03e
383,1788879003,1287700,14,29,0,0,383,0,330267,440314,6ede00d0-baf4-573f-a0dd-4a503bf7f766,6ede00d0-baf4-573f-a0dd-4a503bf7f766
384,1788879031,1287700,14,29,0,0,384,0,331131,441465,4fa33dcb-5f76-5f76-aea8-330df7ada03e,4fa33dcb-5f76-5f76-aea8-330df7ada03e
385,1788879060,1287700,14,29,0,0,385,0,331998,442621,6ede00d0-baf4-573f-a0dd-4a503bf7f766,6ede00d0-baf4-573f-a0dd-4a503bf7f766
386,1788879089,1287700,14,29,0,0,386,0,332861,443771,4fa33dcb-5f76-5f76-aea8-330df7ada03e,4fa33dcb-5f76-5f76-aea8-330df7ada03e
387,1788879118,1287700,14,29,0,0,387,0,333725,444924,6ede00d0-baf4-573f-a0dd-4a503bf7f766,6ede00d0-baf4-573f-a0dd-4a503bf7f766
388,1788879147,1287700,14,29,0,0,388,0,334589,446075,4fa33dcb-5f76-5f76-aea8-330df7ada03e,4fa33dcb-5f76-5f76-aea8-330df7ada03e
389,1788879176,1287700,14,29,0,0,389,0,335454,447228,6ede00d0-baf4-573f-a0dd-4a503bf7f766,6ede00d0-baf4-573f-a0dd-4a503bf7f766
390,1788879204,1287704,14,29,0,0,390,0,336319,448382,4fa33dcb-5f76-5f76-aea8-330df7ada03e,4fa33dcb-5f76-5f76-aea8-330df7ada03e
391,1788879233,1287704,14,29,0,0,391,0,337183,449535,6ede00d0-baf4-573f-a0dd-4a503bf7f766,6ede00d0-baf4-573f-a0dd-4a503bf7f766
392,1788879262,1287704,14,29,0,0,392,0,338047,450686,4fa33dcb-5f76-5f76-aea8-330df7ada03e,4fa33dcb-5f76-5f76-aea8-330df7ada03e
393,1788879291,1287704,14,29,0,0,393,0,338911,451839,6ede00d0-baf4-573f-a0dd-4a503bf7f766,6ede00d0-baf4-573f-a0dd-4a503bf7f766
394,1788879319,1287704,14,29,0,0,394,0,339775,452989,4fa33dcb-5f76-5f76-aea8-330df7ada03e,4fa33dcb-5f76-5f76-aea8-330df7ada03e
395,1788879348,1287704,14,29,0,0,395,0,340642,454146,6ede00d0-baf4-573f-a0dd-4a503bf7f766,6ede00d0-baf4-573f-a0dd-4a503bf7f766
396,1788879377,1287704,14,29,0,0,396,0,341505,455297,4fa33dcb-5f76-5f76-aea8-330df7ada03e,4fa33dcb-5f76-5f76-aea8-330df7ada03e
397,1788879406,1287704,14,29,0,0,397,0,342369,456449,6ede00d0-baf4-573f-a0dd-4a503bf7f766,6ede00d0-baf4-573f-a0dd-4a503bf7f766
398,1788879435,1287704,14,29,0,0,398,0,343233,457599,4fa33dcb-5f76-5f76-aea8-330df7ada03e,4fa33dcb-5f76-5f76-aea8-330df7ada03e
399,1788879463,1287704,14,29,0,0,399,0,344097,458753,6ede00d0-baf4-573f-a0dd-4a503bf7f766,6ede00d0-baf4-573f-a0dd-4a503bf7f766
400,1788879492,1287704,14,29,0,0,400,0,344962,459907,4fa33dcb-5f76-5f76-aea8-330df7ada03e,4fa33dcb-5f76-5f76-aea8-330df7ada03e
401,1788879521,1287704,14,29,0,0,401,0,345826,461059,6ede00d0-baf4-573f-a0dd-4a503bf7f766,6ede00d0-baf4-573f-a0dd-4a503bf7f766
402,1788879550,1287704,14,29,0,0,402,0,346691,462210,4fa33dcb-5f76-5f76-aea8-330df7ada03e,4fa33dcb-5f76-5f76-aea8-330df7ada03e
403,1788879579,1287704,14,29,0,0,403,0,347555,463363,6ede00d0-baf4-573f-a0dd-4a503bf7f766,6ede00d0-baf4-573f-a0dd-4a503bf7f766
404,1788879607,1287704,14,29,0,0,404,0,348419,464514,4fa33dcb-5f76-5f76-aea8-330df7ada03e,4fa33dcb-5f76-5f76-aea8-330df7ada03e
405,1788879636,1287704,14,29,0,0,405,0,349285,465671,6ede00d0-baf4-573f-a0dd-4a503bf7f766,6ede00d0-baf4-573f-a0dd-4a503bf7f766
406,1788879665,1287708,14,29,0,0,406,0,350149,466821,4fa33dcb-5f76-5f76-aea8-330df7ada03e,4fa33dcb-5f76-5f76-aea8-330df7ada03e
407,1788879694,1287708,14,29,0,0,407,0,351014,467975,6ede00d0-baf4-573f-a0dd-4a503bf7f766,6ede00d0-baf4-573f-a0dd-4a503bf7f766
408,1788879723,1287708,14,29,0,0,408,0,351878,469125,4fa33dcb-5f76-5f76-aea8-330df7ada03e,4fa33dcb-5f76-5f76-aea8-330df7ada03e
409,1788879752,1287708,14,29,0,0,409,0,352742,470279,6ede00d0-baf4-573f-a0dd-4a503bf7f766,6ede00d0-baf4-573f-a0dd-4a503bf7f766
410,1788879780,1287708,14,29,0,0,410,0,353608,471433,4fa33dcb-5f76-5f76-aea8-330df7ada03e,4fa33dcb-5f76-5f76-aea8-330df7ada03e
411,1788879809,1287708,14,29,0,0,411,0,354472,472586,6ede00d0-baf4-573f-a0dd-4a503bf7f766,6ede00d0-baf4-573f-a0dd-4a503bf7f766
412,1788879838,1287708,14,29,0,0,412,0,355336,473737,4fa33dcb-5f76-5f76-aea8-330df7ada03e,4fa33dcb-5f76-5f76-aea8-330df7ada03e
413,1788879867,1287708,14,29,0,0,413,0,356198,474890,6ede00d0-baf4-573f-a0dd-4a503bf7f766,6ede00d0-baf4-573f-a0dd-4a503bf7f766
414,1788879896,1287708,14,29,0,0,414,0,357063,476040,4fa33dcb-5f76-5f76-aea8-330df7ada03e,4fa33dcb-5f76-5f76-aea8-330df7ada03e
415,1788879924,1287708,14,29,0,0,415,0,357930,477196,6ede00d0-baf4-573f-a0dd-4a503bf7f766,6ede00d0-baf4-573f-a0dd-4a503bf7f766
416,1788879953,1287708,14,29,0,0,416,0,358794,478347,4fa33dcb-5f76-5f76-aea8-330df7ada03e,4fa33dcb-5f76-5f76-aea8-330df7ada03e
417,1788879982,1287708,14,29,0,0,417,0,359658,479501,6ede00d0-baf4-573f-a0dd-4a503bf7f766,6ede00d0-baf4-573f-a0dd-4a503bf7f766
418,1788880011,1287708,14,29,0,0,418,0,360521,480652,4fa33dcb-5f76-5f76-aea8-330df7ada03e,4fa33dcb-5f76-5f76-aea8-330df7ada03e
419,1788880040,1287708,14,29,0,0,419,0,361387,481807,6ede00d0-baf4-573f-a0dd-4a503bf7f766,6ede00d0-baf4-573f-a0dd-4a503bf7f766
420,1788880068,1287708,14,29,0,0,420,0,362254,482961,4fa33dcb-5f76-5f76-aea8-330df7ada03e,4fa33dcb-5f76-5f76-aea8-330df7ada03e
421,1788880097,1287708,14,29,0,0,421,0,363117,484114,6ede00d0-baf4-573f-a0dd-4a503bf7f766,6ede00d0-baf4-573f-a0dd-4a503bf7f766
422,1788880126,1287708,14,29,0,0,422,0,363981,485264,4fa33dcb-5f76-5f76-aea8-330df7ada03e,4fa33dcb-5f76-5f76-aea8-330df7ada03e
423,1788880155,1287708,14,29,0,0,423,0,364844,486416,6ede00d0-baf4-573f-a0dd-4a503bf7f766,6ede00d0-baf4-573f-a0dd-4a503bf7f766
424,1788880184,1287708,14,29,0,0,424,0,365710,487568,4fa33dcb-5f76-5f76-aea8-330df7ada03e,4fa33dcb-5f76-5f76-aea8-330df7ada03e
425,1788880213,1287708,14,29,0,0,425,0,366577,488726,6ede00d0-baf4-573f-a0dd-4a503bf7f766,6ede00d0-baf4-573f-a0dd-4a503bf7f766
426,1788880241,1287708,14,29,0,0,426,0,367441,489877,4fa33dcb-5f76-5f76-aea8-330df7ada03e,4fa33dcb-5f76-5f76-aea8-330df7ada03e
427,1788880270,1287708,14,29,0,0,427,0,368305,491030,6ede00d0-baf4-573f-a0dd-4a503bf7f766,6ede00d0-baf4-573f-a0dd-4a503bf7f766
428,1788880299,1287708,14,29,0,0,428,0,369169,492180,4fa33dcb-5f76-5f76-aea8-330df7ada03e,4fa33dcb-5f76-5f76-aea8-330df7ada03e
429,1788880328,1287708,14,29,0,0,429,0,370033,493332,6ede00d0-baf4-573f-a0dd-4a503bf7f766,6ede00d0-baf4-573f-a0dd-4a503bf7f766
430,1788880357,1287708,14,29,0,0,430,0,370899,494486,4fa33dcb-5f76-5f76-aea8-330df7ada03e,4fa33dcb-5f76-5f76-aea8-330df7ada03e
431,1788880385,1287708,14,29,0,0,431,0,371763,495639,6ede00d0-baf4-573f-a0dd-4a503bf7f766,6ede00d0-baf4-573f-a0dd-4a503bf7f766
432,1788880414,1287708,14,29,0,0,432,0,372628,496791,4fa33dcb-5f76-5f76-aea8-330df7ada03e,4fa33dcb-5f76-5f76-aea8-330df7ada03e
433,1788880443,1287708,14,29,0,0,433,0,373492,497944,6ede00d0-baf4-573f-a0dd-4a503bf7f766,6ede00d0-baf4-573f-a0dd-4a503bf7f766
434,1788880472,1287708,14,29,0,0,434,0,374356,499095,4fa33dcb-5f76-5f76-aea8-330df7ada03e,4fa33dcb-5f76-5f76-aea8-330df7ada03e
435,1788880501,1287708,14,29,0,0,435,0,375226,500255,6ede00d0-baf4-573f-a0dd-4a503bf7f766,6ede00d0-baf4-573f-a0dd-4a503bf7f766
436,1788880529,1287708,14,29,0,0,436,0,376090,501406,4fa33dcb-5f76-5f76-aea8-330df7ada03e,4fa33dcb-5f76-5f76-aea8-330df7ada03e
437,1788880558,1287708,14,29,0,0,437,0,376954,502559,6ede00d0-baf4-573f-a0dd-4a503bf7f766,6ede00d0-baf4-573f-a0dd-4a503bf7f766
438,1788880587,1287708,14,29,0,0,438,0,377818,503709,4fa33dcb-5f76-5f76-aea8-330df7ada03e,4fa33dcb-5f76-5f76-aea8-330df7ada03e
439,1788880616,1287708,14,29,0,0,439,0,378682,504862,6ede00d0-baf4-573f-a0dd-4a503bf7f766,6ede00d0-baf4-573f-a0dd-4a503bf7f766
440,1788880645,1287708,14,29,0,0,440,0,379549,506018,4fa33dcb-5f76-5f76-aea8-330df7ada03e,4fa33dcb-5f76-5f76-aea8-330df7ada03e
441,1788880673,1287708,14,29,0,0,441,0,380414,507171,6ede00d0-baf4-573f-a0dd-4a503bf7f766,6ede00d0-baf4-573f-a0dd-4a503bf7f766
442,1788880702,1287708,14,29,0,0,442,0,381277,508321,4fa33dcb-5f76-5f76-aea8-330df7ada03e,4fa33dcb-5f76-5f76-aea8-330df7ada03e
443,1788880731,1287708,14,29,0,0,443,0,382142,509475,6ede00d0-baf4-573f-a0dd-4a503bf7f766,6ede00d0-baf4-573f-a0dd-4a503bf7f766
444,1788880760,1287708,14,29,0,0,444,0,383006,510625,4fa33dcb-5f76-5f76-aea8-330df7ada03e,4fa33dcb-5f76-5f76-aea8-330df7ada03e
445,1788880789,1287708,14,29,0,0,445,0,383872,511782,6ede00d0-baf4-573f-a0dd-4a503bf7f766,6ede00d0-baf4-573f-a0dd-4a503bf7f766
446,1788880817,1287708,14,29,0,0,446,0,384736,512932,4fa33dcb-5f76-5f76-aea8-330df7ada03e,4fa33dcb-5f76-5f76-aea8-330df7ada03e
447,1788880846,1287708,14,29,0,0,447,0,385600,514085,6ede00d0-baf4-573f-a0dd-4a503bf7f766,6ede00d0-baf4-573f-a0dd-4a503bf7f766
448,1788880875,1287708,14,29,0,0,448,0,386465,515237,4fa33dcb-5f76-5f76-aea8-330df7ada03e,4fa33dcb-5f76-5f76-aea8-330df7ada03e
449,1788880904,1287788,14,29,0,0,449,0,387329,516391,6ede00d0-baf4-573f-a0dd-4a503bf7f766,6ede00d0-baf4-573f-a0dd-4a503bf7f766
450,1788880933,1287788,14,29,0,0,450,0,388196,517545,4fa33dcb-5f76-5f76-aea8-330df7ada03e,4fa33dcb-5f76-5f76-aea8-330df7ada03e
451,1788880962,1287788,14,29,0,0,451,0,389060,518698,6ede00d0-baf4-573f-a0dd-4a503bf7f766,6ede00d0-baf4-573f-a0dd-4a503bf7f766
452,1788880990,1287788,14,29,0,0,452,0,389924,519848,4fa33dcb-5f76-5f76-aea8-330df7ada03e,4fa33dcb-5f76-5f76-aea8-330df7ada03e
453,1788881019,1287788,14,29,0,0,453,0,390788,521001,6ede00d0-baf4-573f-a0dd-4a503bf7f766,6ede00d0-baf4-573f-a0dd-4a503bf7f766
454,1788881048,1287788,14,29,0,0,454,0,391651,522151,4fa33dcb-5f76-5f76-aea8-330df7ada03e,4fa33dcb-5f76-5f76-aea8-330df7ada03e
455,1788881077,1287788,14,29,0,0,455,0,392518,523307,6ede00d0-baf4-573f-a0dd-4a503bf7f766,6ede00d0-baf4-573f-a0dd-4a503bf7f766
456,1788881105,1287788,14,29,0,0,456,0,393381,524458,4fa33dcb-5f76-5f76-aea8-330df7ada03e,4fa33dcb-5f76-5f76-aea8-330df7ada03e
457,1788881134,1287788,14,29,0,0,457,0,394245,525611,6ede00d0-baf4-573f-a0dd-4a503bf7f766,6ede00d0-baf4-573f-a0dd-4a503bf7f766
458,1788881163,1287788,14,29,0,0,458,0,395110,526762,4fa33dcb-5f76-5f76-aea8-330df7ada03e,4fa33dcb-5f76-5f76-aea8-330df7ada03e
459,1788881192,1287788,14,29,0,0,459,0,395973,527915,6ede00d0-baf4-573f-a0dd-4a503bf7f766,6ede00d0-baf4-573f-a0dd-4a503bf7f766
460,1788881221,1287788,14,29,0,0,460,0,396839,529069,4fa33dcb-5f76-5f76-aea8-330df7ada03e,4fa33dcb-5f76-5f76-aea8-330df7ada03e
461,1788881250,1287788,14,29,0,0,461,0,397703,530222,6ede00d0-baf4-573f-a0dd-4a503bf7f766,6ede00d0-baf4-573f-a0dd-4a503bf7f766
462,1788881278,1287788,14,29,0,0,462,0,398567,531373,4fa33dcb-5f76-5f76-aea8-330df7ada03e,4fa33dcb-5f76-5f76-aea8-330df7ada03e
463,1788881307,1287788,14,29,0,0,463,0,399431,532526,6ede00d0-baf4-573f-a0dd-4a503bf7f766,6ede00d0-baf4-573f-a0dd-4a503bf7f766
464,1788881336,1287788,14,29,0,0,464,0,400295,533676,4fa33dcb-5f76-5f76-aea8-330df7ada03e,4fa33dcb-5f76-5f76-aea8-330df7ada03e
465,1788881365,1287788,14,29,0,0,465,0,401162,534833,6ede00d0-baf4-573f-a0dd-4a503bf7f766,6ede00d0-baf4-573f-a0dd-4a503bf7f766
466,1788881393,1287788,14,29,0,0,466,0,402026,535983,4fa33dcb-5f76-5f76-aea8-330df7ada03e,4fa33dcb-5f76-5f76-aea8-330df7ada03e
467,1788881422,1287788,14,29,0,0,467,0,402890,537136,6ede00d0-baf4-573f-a0dd-4a503bf7f766,6ede00d0-baf4-573f-a0dd-4a503bf7f766
468,1788881451,1287788,14,29,0,0,468,0,403755,538288,4fa33dcb-5f76-5f76-aea8-330df7ada03e,4fa33dcb-5f76-5f76-aea8-330df7ada03e
469,1788881480,1287788,14,29,0,0,469,0,404619,539441,6ede00d0-baf4-573f-a0dd-4a503bf7f766,6ede00d0-baf4-573f-a0dd-4a503bf7f766
470,1788881509,1287788,14,29,0,0,470,0,405485,540595,4fa33dcb-5f76-5f76-aea8-330df7ada03e,4fa33dcb-5f76-5f76-aea8-330df7ada03e
471,1788881538,1287788,14,29,0,0,471,0,406350,541749,6ede00d0-baf4-573f-a0dd-4a503bf7f766,6ede00d0-baf4-573f-a0dd-4a503bf7f766
472,1788881566,1287788,14,29,0,0,472,0,407214,542900,4fa33dcb-5f76-5f76-aea8-330df7ada03e,4fa33dcb-5f76-5f76-aea8-330df7ada03e
473,1788881595,1287788,14,29,0,0,473,0,408078,544053,6ede00d0-baf4-573f-a0dd-4a503bf7f766,6ede00d0-baf4-573f-a0dd-4a503bf7f766
474,1788881624,1287788,14,29,0,0,474,0,408942,545203,4fa33dcb-5f76-5f76-aea8-330df7ada03e,4fa33dcb-5f76-5f76-aea8-330df7ada03e
475,1788881653,1287788,14,29,0,0,475,0,409808,546360,6ede00d0-baf4-573f-a0dd-4a503bf7f766,6ede00d0-baf4-573f-a0dd-4a503bf7f766
476,1788881682,1287788,14,29,0,0,476,0,410673,547512,4fa33dcb-5f76-5f76-aea8-330df7ada03e,4fa33dcb-5f76-5f76-aea8-330df7ada03e
477,1788881710,1287792,14,29,0,0,477,0,411537,548665,6ede00d0-baf4-573f-a0dd-4a503bf7f766,6ede00d0-baf4-573f-a0dd-4a503bf7f766
478,1788881739,1287792,14,29,0,0,478,0,412401,549815,4fa33dcb-5f76-5f76-aea8-330df7ada03e,4fa33dcb-5f76-5f76-aea8-330df7ada03e
479,1788881768,1287792,14,29,0,0,479,0,413265,550969,6ede00d0-baf4-573f-a0dd-4a503bf7f766,6ede00d0-baf4-573f-a0dd-4a503bf7f766
480,1788881797,1287792,14,29,0,0,480,0,414132,552122,4fa33dcb-5f76-5f76-aea8-330df7ada03e,4fa33dcb-5f76-5f76-aea8-330df7ada03e
481,1788881826,1287792,14,29,0,0,481,0,414996,553275,6ede00d0-baf4-573f-a0dd-4a503bf7f766,6ede00d0-baf4-573f-a0dd-4a503bf7f766
482,1788881854,1287792,14,29,0,0,482,0,415859,554425,4fa33dcb-5f76-5f76-aea8-330df7ada03e,4fa33dcb-5f76-5f76-aea8-330df7ada03e
483,1788881883,1287792,14,29,0,0,483,0,416723,555577,6ede00d0-baf4-573f-a0dd-4a503bf7f766,6ede00d0-baf4-573f-a0dd-4a503bf7f766
484,1788881912,1287792,14,29,0,0,484,0,417587,556728,4fa33dcb-5f76-5f76-aea8-330df7ada03e,4fa33dcb-5f76-5f76-aea8-330df7ada03e
485,1788881941,1287792,14,29,0,0,485,0,418453,557884,6ede00d0-baf4-573f-a0dd-4a503bf7f766,6ede00d0-baf4-573f-a0dd-4a503bf7f766
486,1788881970,1287792,14,29,0,0,486,0,419317,559035,4fa33dcb-5f76-5f76-aea8-330df7ada03e,4fa33dcb-5f76-5f76-aea8-330df7ada03e
487,1788881998,1287792,14,29,0,0,487,0,420181,560188,6ede00d0-baf4-573f-a0dd-4a503bf7f766,6ede00d0-baf4-573f-a0dd-4a503bf7f766
488,1788882027,1287792,14,29,0,0,488,0,421045,561339,4fa33dcb-5f76-5f76-aea8-330df7ada03e,4fa33dcb-5f76-5f76-aea8-330df7ada03e
489,1788882056,1287792,14,29,0,0,489,0,421909,562492,6ede00d0-baf4-573f-a0dd-4a503bf7f766,6ede00d0-baf4-573f-a0dd-4a503bf7f766
490,1788882085,1287792,14,29,0,0,490,0,422775,563645,4fa33dcb-5f76-5f76-aea8-330df7ada03e,4fa33dcb-5f76-5f76-aea8-330df7ada03e
491,1788882114,1287792,14,29,0,0,491,0,423639,564798,6ede00d0-baf4-573f-a0dd-4a503bf7f766,6ede00d0-baf4-573f-a0dd-4a503bf7f766
492,1788882142,1287832,14,29,0,0,492,0,424503,565949,4fa33dcb-5f76-5f76-aea8-330df7ada03e,4fa33dcb-5f76-5f76-aea8-330df7ada03e
493,1788882171,1287832,14,29,0,0,493,0,425367,567102,6ede00d0-baf4-573f-a0dd-4a503bf7f766,6ede00d0-baf4-573f-a0dd-4a503bf7f766
494,1788882200,1293416,14,29,0,0,494,0,426231,568253,4fa33dcb-5f76-5f76-aea8-330df7ada03e,4fa33dcb-5f76-5f76-aea8-330df7ada03e
495,1788882229,1293456,14,29,0,0,495,0,427098,569409,6ede00d0-baf4-573f-a0dd-4a503bf7f766,6ede00d0-baf4-573f-a0dd-4a503bf7f766
496,1788882258,1293456,14,29,0,0,496,0,427962,570559,4fa33dcb-5f76-5f76-aea8-330df7ada03e,4fa33dcb-5f76-5f76-aea8-330df7ada03e
497,1788882286,1293456,14,29,0,0,497,0,428825,571712,6ede00d0-baf4-573f-a0dd-4a503bf7f766,6ede00d0-baf4-573f-a0dd-4a503bf7f766
498,1788882315,1293496,14,29,0,0,498,0,429689,572862,4fa33dcb-5f76-5f76-aea8-330df7ada03e,4fa33dcb-5f76-5f76-aea8-330df7ada03e
499,1788882344,1293500,14,29,0,0,499,0,430553,574015,6ede00d0-baf4-573f-a0dd-4a503bf7f766,6ede00d0-baf4-573f-a0dd-4a503bf7f766
500,1788882373,1299044,14,29,0,0,500,0,431419,575169,4fa33dcb-5f76-5f76-aea8-330df7ada03e,4fa33dcb-5f76-5f76-aea8-330df7ada03e
501,1788882402,1299044,14,29,0,0,501,0,432284,576323,6ede00d0-baf4-573f-a0dd-4a503bf7f766,6ede00d0-baf4-573f-a0dd-4a503bf7f766
502,1788882430,1299044,14,29,0,0,502,0,433148,577474,4fa33dcb-5f76-5f76-aea8-330df7ada03e,4fa33dcb-5f76-5f76-aea8-330df7ada03e
503,1788882459,1299044,14,29,0,0,503,0,434012,578626,6ede00d0-baf4-573f-a0dd-4a503bf7f766,6ede00d0-baf4-573f-a0dd-4a503bf7f766
504,1788882488,1299044,14,29,0,0,504,0,434875,579776,4fa33dcb-5f76-5f76-aea8-330df7ada03e,4fa33dcb-5f76-5f76-aea8-330df7ada03e
505,1788882517,1299044,14,29,0,0,505,0,435742,580933,6ede00d0-baf4-573f-a0dd-4a503bf7f766,6ede00d0-baf4-573f-a0dd-4a503bf7f766
506,1788882546,1299044,14,29,0,0,506,0,436607,582084,4fa33dcb-5f76-5f76-aea8-330df7ada03e,4fa33dcb-5f76-5f76-aea8-330df7ada03e
507,1788882574,1299044,14,29,0,0,507,0,437470,583237,6ede00d0-baf4-573f-a0dd-4a503bf7f766,6ede00d0-baf4-573f-a0dd-4a503bf7f766
508,1788882603,1299044,14,29,0,0,508,0,438334,584388,4fa33dcb-5f76-5f76-aea8-330df7ada03e,4fa33dcb-5f76-5f76-aea8-330df7ada03e
509,1788882632,1299044,14,29,0,0,509,0,439198,585541,6ede00d0-baf4-573f-a0dd-4a503bf7f766,6ede00d0-baf4-573f-a0dd-4a503bf7f766
510,1788882661,1299044,14,29,0,0,510,0,440064,586695,4fa33dcb-5f76-5f76-aea8-330df7ada03e,4fa33dcb-5f76-5f76-aea8-330df7ada03e
511,1788882690,1299048,14,29,0,0,511,0,440928,587849,6ede00d0-baf4-573f-a0dd-4a503bf7f766,6ede00d0-baf4-573f-a0dd-4a503bf7f766
512,1788882718,1299048,14,29,0,0,512,0,441792,588999,4fa33dcb-5f76-5f76-aea8-330df7ada03e,4fa33dcb-5f76-5f76-aea8-330df7ada03e
513,1788882747,1299048,14,29,0,0,513,0,442656,590152,6ede00d0-baf4-573f-a0dd-4a503bf7f766,6ede00d0-baf4-573f-a0dd-4a503bf7f766
514,1788882776,1299048,14,29,0,0,514,0,443519,591303,4fa33dcb-5f76-5f76-aea8-330df7ada03e,4fa33dcb-5f76-5f76-aea8-330df7ada03e
515,1788882805,1299048,14,29,0,0,515,0,444386,592459,6ede00d0-baf4-573f-a0dd-4a503bf7f766,6ede00d0-baf4-573f-a0dd-4a503bf7f766
516,1788882833,1299048,14,29,0,0,516,0,445249,593609,4fa33dcb-5f76-5f76-aea8-330df7ada03e,4fa33dcb-5f76-5f76-aea8-330df7ada03e
517,1788882862,1299048,14,29,0,0,517,0,446113,594762,6ede00d0-baf4-573f-a0dd-4a503bf7f766,6ede00d0-baf4-573f-a0dd-4a503bf7f766
518,1788882891,1299048,14,29,0,0,518,0,446977,595913,4fa33dcb-5f76-5f76-aea8-330df7ada03e,4fa33dcb-5f76-5f76-aea8-330df7ada03e
519,1788882920,1299048,14,29,0,0,519,0,447842,597066,6ede00d0-baf4-573f-a0dd-4a503bf7f766,6ede00d0-baf4-573f-a0dd-4a503bf7f766
520,1788882949,1299048,14,29,0,0,520,0,448708,598220,4fa33dcb-5f76-5f76-aea8-330df7ada03e,4fa33dcb-5f76-5f76-aea8-330df7ada03e
521,1788882978,1299048,14,29,0,0,521,0,449572,599373,6ede00d0-baf4-573f-a0dd-4a503bf7f766,6ede00d0-baf4-573f-a0dd-4a503bf7f766
522,1788883006,1299048,14,29,0,0,522,0,450436,600524,4fa33dcb-5f76-5f76-aea8-330df7ada03e,4fa33dcb-5f76-5f76-aea8-330df7ada03e
523,1788883035,1299048,14,29,0,0,523,0,451300,601676,6ede00d0-baf4-573f-a0dd-4a503bf7f766,6ede00d0-baf4-573f-a0dd-4a503bf7f766
524,1788883064,1299048,14,29,0,0,524,0,452164,602827,4fa33dcb-5f76-5f76-aea8-330df7ada03e,4fa33dcb-5f76-5f76-aea8-330df7ada03e
525,1788883093,1299048,14,29,0,0,525,0,453031,603984,6ede00d0-baf4-573f-a0dd-4a503bf7f766,6ede00d0-baf4-573f-a0dd-4a503bf7f766
526,1788883122,1299048,14,29,0,0,526,0,453895,605135,4fa33dcb-5f76-5f76-aea8-330df7ada03e,4fa33dcb-5f76-5f76-aea8-330df7ada03e
527,1788883150,1299052,14,29,0,0,527,0,454759,606288,6ede00d0-baf4-573f-a0dd-4a503bf7f766,6ede00d0-baf4-573f-a0dd-4a503bf7f766
528,1788883179,1299052,14,29,0,0,528,0,455623,607438,4fa33dcb-5f76-5f76-aea8-330df7ada03e,4fa33dcb-5f76-5f76-aea8-330df7ada03e
529,1788883208,1299052,14,29,0,0,529,0,456487,608591,6ede00d0-baf4-573f-a0dd-4a503bf7f766,6ede00d0-baf4-573f-a0dd-4a503bf7f766
530,1788883237,1299052,14,29,0,0,530,0,457353,609745,4fa33dcb-5f76-5f76-aea8-330df7ada03e,4fa33dcb-5f76-5f76-aea8-330df7ada03e
531,1788883266,1299052,14,29,0,0,531,0,458218,610899,6ede00d0-baf4-573f-a0dd-4a503bf7f766,6ede00d0-baf4-573f-a0dd-4a503bf7f766
532,1788883294,1299052,14,29,0,0,532,0,459081,612049,4fa33dcb-5f76-5f76-aea8-330df7ada03e,4fa33dcb-5f76-5f76-aea8-330df7ada03e
533,1788883323,1299052,14,29,0,0,533,0,459946,613203,6ede00d0-baf4-573f-a0dd-4a503bf7f766,6ede00d0-baf4-573f-a0dd-4a503bf7f766
534,1788883352,1299052,14,29,0,0,534,0,460810,614353,4fa33dcb-5f76-5f76-aea8-330df7ada03e,4fa33dcb-5f76-5f76-aea8-330df7ada03e
535,1788883381,1299052,14,29,0,0,535,0,461676,615510,6ede00d0-baf4-573f-a0dd-4a503bf7f766,6ede00d0-baf4-573f-a0dd-4a503bf7f766
536,1788883410,1299052,14,29,0,0,536,0,462542,616662,4fa33dcb-5f76-5f76-aea8-330df7ada03e,4fa33dcb-5f76-5f76-aea8-330df7ada03e
537,1788883438,1299052,14,29,0,0,537,0,463406,617815,6ede00d0-baf4-573f-a0dd-4a503bf7f766,6ede00d0-baf4-573f-a0dd-4a503bf7f766
538,1788883467,1299052,14,29,0,0,538,0,464270,618966,4fa33dcb-5f76-5f76-aea8-330df7ada03e,4fa33dcb-5f76-5f76-aea8-330df7ada03e
539,1788883496,1299052,14,29,0,0,539,0,465133,620119,6ede00d0-baf4-573f-a0dd-4a503bf7f766,6ede00d0-baf4-573f-a0dd-4a503bf7f766
540,1788883525,1299052,14,29,0,0,540,0,466000,621272,4fa33dcb-5f76-5f76-aea8-330df7ada03e,4fa33dcb-5f76-5f76-aea8-330df7ada03e
541,1788883554,1299052,14,29,0,0,541,0,466864,622425,6ede00d0-baf4-573f-a0dd-4a503bf7f766,6ede00d0-baf4-573f-a0dd-4a503bf7f766
542,1788883582,1299052,14,29,0,0,542,0,467728,623577,4fa33dcb-5f76-5f76-aea8-330df7ada03e,4fa33dcb-5f76-5f76-aea8-330df7ada03e
543,1788883611,1299052,14,29,0,0,543,0,468593,624730,6ede00d0-baf4-573f-a0dd-4a503bf7f766,6ede00d0-baf4-573f-a0dd-4a503bf7f766
544,1788883640,1299052,14,29,0,0,544,0,469457,625881,4fa33dcb-5f76-5f76-aea8-330df7ada03e,4fa33dcb-5f76-5f76-aea8-330df7ada03e
545,1788883669,1299052,14,29,0,0,545,0,470323,627038,6ede00d0-baf4-573f-a0dd-4a503bf7f766,6ede00d0-baf4-573f-a0dd-4a503bf7f766
546,1788883698,1299052,14,29,0,0,546,0,471187,628188,4fa33dcb-5f76-5f76-aea8-330df7ada03e,4fa33dcb-5f76-5f76-aea8-330df7ada03e
547,1788883726,1299052,14,29,0,0,547,0,472051,629340,6ede00d0-baf4-573f-a0dd-4a503bf7f766,6ede00d0-baf4-573f-a0dd-4a503bf7f766
548,1788883755,1299052,14,29,0,0,548,0,472915,630491,4fa33dcb-5f76-5f76-aea8-330df7ada03e,4fa33dcb-5f76-5f76-aea8-330df7ada03e
549,1788883784,1299052,14,29,0,0,549,0,473779,631645,6ede00d0-baf4-573f-a0dd-4a503bf7f766,6ede00d0-baf4-573f-a0dd-4a503bf7f766
550,1788883813,1299052,14,29,0,0,550,0,474646,632798,4fa33dcb-5f76-5f76-aea8-330df7ada03e,4fa33dcb-5f76-5f76-aea8-330df7ada03e
551,1788883842,1299052,14,29,0,0,551,0,475510,633951,6ede00d0-baf4-573f-a0dd-4a503bf7f766,6ede00d0-baf4-573f-a0dd-4a503bf7f766
552,1788883870,1299052,14,29,0,0,552,0,476373,635102,4fa33dcb-5f76-5f76-aea8-330df7ada03e,4fa33dcb-5f76-5f76-aea8-330df7ada03e
553,1788883899,1299052,14,29,0,0,553,0,477237,636255,6ede00d0-baf4-573f-a0dd-4a503bf7f766,6ede00d0-baf4-573f-a0dd-4a503bf7f766
554,1788883928,1299052,14,29,0,0,554,0,478102,637406,4fa33dcb-5f76-5f76-aea8-330df7ada03e,4fa33dcb-5f76-5f76-aea8-330df7ada03e
555,1788883957,1299052,14,29,0,0,555,0,478968,638562,6ede00d0-baf4-573f-a0dd-4a503bf7f766,6ede00d0-baf4-573f-a0dd-4a503bf7f766
556,1788883986,1299052,14,29,0,0,556,0,479832,639712,4fa33dcb-5f76-5f76-aea8-330df7ada03e,4fa33dcb-5f76-5f76-aea8-330df7ada03e
557,1788884014,1299052,14,29,0,0,557,0,480696,640865,6ede00d0-baf4-573f-a0dd-4a503bf7f766,6ede00d0-baf4-573f-a0dd-4a503bf7f766
558,1788884043,1299052,14,29,0,0,558,0,481560,642016,4fa33dcb-5f76-5f76-aea8-330df7ada03e,4fa33dcb-5f76-5f76-aea8-330df7ada03e
559,1788884072,1299052,14,29,0,0,559,0,482424,643169,6ede00d0-baf4-573f-a0dd-4a503bf7f766,6ede00d0-baf4-573f-a0dd-4a503bf7f766
560,1788884101,1299052,14,29,0,0,560,0,483290,644323,4fa33dcb-5f76-5f76-aea8-330df7ada03e,4fa33dcb-5f76-5f76-aea8-330df7ada03e
561,1788884130,1299052,14,29,0,0,561,0,484154,645476,6ede00d0-baf4-573f-a0dd-4a503bf7f766,6ede00d0-baf4-573f-a0dd-4a503bf7f766
562,1788884158,1299052,14,29,0,0,562,0,485018,646626,4fa33dcb-5f76-5f76-aea8-330df7ada03e,4fa33dcb-5f76-5f76-aea8-330df7ada03e
563,1788884187,1299052,14,29,0,0,563,0,485882,647779,6ede00d0-baf4-573f-a0dd-4a503bf7f766,6ede00d0-baf4-573f-a0dd-4a503bf7f766
564,1788884216,1299052,14,29,0,0,564,0,486746,648930,4fa33dcb-5f76-5f76-aea8-330df7ada03e,4fa33dcb-5f76-5f76-aea8-330df7ada03e
565,1788884245,1299052,14,29,0,0,565,0,487612,650086,6ede00d0-baf4-573f-a0dd-4a503bf7f766,6ede00d0-baf4-573f-a0dd-4a503bf7f766
566,1788884274,1299052,14,29,0,0,566,0,488476,651237,4fa33dcb-5f76-5f76-aea8-330df7ada03e,4fa33dcb-5f76-5f76-aea8-330df7ada03e
567,1788884302,1299052,14,29,0,0,567,0,489340,652390,6ede00d0-baf4-573f-a0dd-4a503bf7f766,6ede00d0-baf4-573f-a0dd-4a503bf7f766
568,1788884331,1299052,14,29,0,0,568,0,490204,653540,4fa33dcb-5f76-5f76-aea8-330df7ada03e,4fa33dcb-5f76-5f76-aea8-330df7ada03e
569,1788884360,1299052,14,29,0,0,569,0,491069,654694,6ede00d0-baf4-573f-a0dd-4a503bf7f766,6ede00d0-baf4-573f-a0dd-4a503bf7f766
570,1788884389,1299052,14,29,0,0,570,0,491935,655848,4fa33dcb-5f76-5f76-aea8-330df7ada03e,4fa33dcb-5f76-5f76-aea8-330df7ada03e
571,1788884418,1299052,14,29,0,0,571,0,492799,657001,6ede00d0-baf4-573f-a0dd-4a503bf7f766,6ede00d0-baf4-573f-a0dd-4a503bf7f766
572,1788884446,1299052,14,29,0,0,572,0,493663,658152,4fa33dcb-5f76-5f76-aea8-330df7ada03e,4fa33dcb-5f76-5f76-aea8-330df7ada03e
573,1788884475,1299052,14,29,0,0,573,0,494527,659304,6ede00d0-baf4-573f-a0dd-4a503bf7f766,6ede00d0-baf4-573f-a0dd-4a503bf7f766
574,1788884504,1299052,14,29,0,0,574,0,495391,660455,4fa33dcb-5f76-5f76-aea8-330df7ada03e,4fa33dcb-5f76-5f76-aea8-330df7ada03e
575,1788884533,1299052,14,29,0,0,575,0,496258,661611,6ede00d0-baf4-573f-a0dd-4a503bf7f766,6ede00d0-baf4-573f-a0dd-4a503bf7f766
576,1788884562,1299052,14,29,0,0,576,0,497121,662762,4fa33dcb-5f76-5f76-aea8-330df7ada03e,4fa33dcb-5f76-5f76-aea8-330df7ada03e
577,1788884590,1299052,14,29,0,0,577,0,497986,663915,6ede00d0-baf4-573f-a0dd-4a503bf7f766,6ede00d0-baf4-573f-a0dd-4a503bf7f766
578,1788884619,1299052,14,29,0,0,578,0,498850,665066,4fa33dcb-5f76-5f76-aea8-330df7ada03e,4fa33dcb-5f76-5f76-aea8-330df7ada03e
579,1788884648,1299052,14,29,0,0,579,0,499715,666221,6ede00d0-baf4-573f-a0dd-4a503bf7f766,6ede00d0-baf4-573f-a0dd-4a503bf7f766
580,1788884677,1299052,14,29,0,0,580,0,500583,667377,4fa33dcb-5f76-5f76-aea8-330df7ada03e,4fa33dcb-5f76-5f76-aea8-330df7ada03e
581,1788884706,1299052,14,29,0,0,581,0,501446,668530,6ede00d0-baf4-573f-a0dd-4a503bf7f766,6ede00d0-baf4-573f-a0dd-4a503bf7f766
582,1788884734,1299052,14,29,0,0,582,0,502310,669681,4fa33dcb-5f76-5f76-aea8-330df7ada03e,4fa33dcb-5f76-5f76-aea8-330df7ada03e
583,1788884763,1299052,14,29,0,0,583,0,503174,670834,6ede00d0-baf4-573f-a0dd-4a503bf7f766,6ede00d0-baf4-573f-a0dd-4a503bf7f766
584,1788884792,1299052,14,29,0,0,584,0,504038,671984,4fa33dcb-5f76-5f76-aea8-330df7ada03e,4fa33dcb-5f76-5f76-aea8-330df7ada03e
585,1788884821,1299052,14,30,0,0,585,0,504905,673140,6ede00d0-baf4-573f-a0dd-4a503bf7f766,6ede00d0-baf4-573f-a0dd-4a503bf7f766
586,1788884850,1299052,14,29,0,0,586,0,505768,674291,4fa33dcb-5f76-5f76-aea8-330df7ada03e,4fa33dcb-5f76-5f76-aea8-330df7ada03e
587,1788884878,1299052,14,29,0,0,587,0,506632,675444,6ede00d0-baf4-573f-a0dd-4a503bf7f766,6ede00d0-baf4-573f-a0dd-4a503bf7f766
588,1788884907,1299052,14,29,0,0,588,0,507496,676595,4fa33dcb-5f76-5f76-aea8-330df7ada03e,4fa33dcb-5f76-5f76-aea8-330df7ada03e
589,1788884936,1299052,14,29,0,0,589,0,508360,677748,6ede00d0-baf4-573f-a0dd-4a503bf7f766,6ede00d0-baf4-573f-a0dd-4a503bf7f766
590,1788884965,1299052,14,29,0,0,590,0,509227,678902,4fa33dcb-5f76-5f76-aea8-330df7ada03e,4fa33dcb-5f76-5f76-aea8-330df7ada03e
591,1788884994,1299052,14,29,0,0,591,0,510091,680056,6ede00d0-baf4-573f-a0dd-4a503bf7f766,6ede00d0-baf4-573f-a0dd-4a503bf7f766
592,1788885023,1299052,14,29,0,0,592,0,510955,681207,4fa33dcb-5f76-5f76-aea8-330df7ada03e,4fa33dcb-5f76-5f76-aea8-330df7ada03e
593,1788885051,1299052,14,29,0,0,593,0,511819,682360,6ede00d0-baf4-573f-a0dd-4a503bf7f766,6ede00d0-baf4-573f-a0dd-4a503bf7f766
594,1788885080,1299052,14,29,0,0,594,0,512683,683510,4fa33dcb-5f76-5f76-aea8-330df7ada03e,4fa33dcb-5f76-5f76-aea8-330df7ada03e
595,1788885109,1299052,14,29,0,0,595,0,513549,684666,6ede00d0-baf4-573f-a0dd-4a503bf7f766,6ede00d0-baf4-573f-a0dd-4a503bf7f766
596,1788885138,1299052,14,29,0,0,596,0,514413,685817,4fa33dcb-5f76-5f76-aea8-330df7ada03e,4fa33dcb-5f76-5f76-aea8-330df7ada03e
597,1788885166,1299052,14,29,0,0,597,0,515277,686970,6ede00d0-baf4-573f-a0dd-4a503bf7f766,6ede00d0-baf4-573f-a0dd-4a503bf7f766
598,1788885195,1299052,14,29,0,0,598,0,516141,688120,4fa33dcb-5f76-5f76-aea8-330df7ada03e,4fa33dcb-5f76-5f76-aea8-330df7ada03e
599,1788885224,1299052,14,29,0,0,599,0,517005,689273,6ede00d0-baf4-573f-a0dd-4a503bf7f766,6ede00d0-baf4-573f-a0dd-4a503bf7f766
600,1788885253,1299052,14,29,0,0,600,0,517872,690428,4fa33dcb-5f76-5f76-aea8-330df7ada03e,4fa33dcb-5f76-5f76-aea8-330df7ada03e
601,1788885282,1299052,14,29,0,0,601,0,518735,691580,6ede00d0-baf4-573f-a0dd-4a503bf7f766,6ede00d0-baf4-573f-a0dd-4a503bf7f766
602,1788885310,1299052,14,29,0,0,602,0,519600,692731,4fa33dcb-5f76-5f76-aea8-330df7ada03e,4fa33dcb-5f76-5f76-aea8-330df7ada03e
603,1788885339,1299052,14,29,0,0,603,0,520464,693884,6ede00d0-baf4-573f-a0dd-4a503bf7f766,6ede00d0-baf4-573f-a0dd-4a503bf7f766
604,1788885368,1299052,14,29,0,0,604,0,521327,695034,4fa33dcb-5f76-5f76-aea8-330df7ada03e,4fa33dcb-5f76-5f76-aea8-330df7ada03e
605,1788885397,1299052,14,29,0,0,605,0,522194,696191,6ede00d0-baf4-573f-a0dd-4a503bf7f766,6ede00d0-baf4-573f-a0dd-4a503bf7f766
606,1788885426,1299052,14,29,0,0,606,0,523057,697342,4fa33dcb-5f76-5f76-aea8-330df7ada03e,4fa33dcb-5f76-5f76-aea8-330df7ada03e
607,1788885455,1299052,14,29,0,0,607,0,523923,698497,6ede00d0-baf4-573f-a0dd-4a503bf7f766,6ede00d0-baf4-573f-a0dd-4a503bf7f766
608,1788885483,1299052,14,29,0,0,608,0,524786,699647,4fa33dcb-5f76-5f76-aea8-330df7ada03e,4fa33dcb-5f76-5f76-aea8-330df7ada03e
609,1788885512,1299052,14,29,0,0,609,0,525650,700800,6ede00d0-baf4-573f-a0dd-4a503bf7f766,6ede00d0-baf4-573f-a0dd-4a503bf7f766
610,1788885541,1299052,14,29,0,0,610,0,526517,701954,4fa33dcb-5f76-5f76-aea8-330df7ada03e,4fa33dcb-5f76-5f76-aea8-330df7ada03e
611,1788885570,1299052,14,29,0,0,611,0,527381,703107,6ede00d0-baf4-573f-a0dd-4a503bf7f766,6ede00d0-baf4-573f-a0dd-4a503bf7f766
612,1788885599,1299052,14,29,0,0,612,0,528245,704258,4fa33dcb-5f76-5f76-aea8-330df7ada03e,4fa33dcb-5f76-5f76-aea8-330df7ada03e
613,1788885627,1299052,14,29,0,0,613,0,529110,705412,6ede00d0-baf4-573f-a0dd-4a503bf7f766,6ede00d0-baf4-573f-a0dd-4a503bf7f766
614,1788885656,1299052,14,29,0,0,614,0,529973,706562,4fa33dcb-5f76-5f76-aea8-330df7ada03e,4fa33dcb-5f76-5f76-aea8-330df7ada03e
615,1788885685,1299052,14,29,0,0,615,0,530840,707719,6ede00d0-baf4-573f-a0dd-4a503bf7f766,6ede00d0-baf4-573f-a0dd-4a503bf7f766
616,1788885714,1299052,14,29,0,0,616,0,531703,708869,4fa33dcb-5f76-5f76-aea8-330df7ada03e,4fa33dcb-5f76-5f76-aea8-330df7ada03e
617,1788885743,1299052,14,29,0,0,617,0,532567,710022,6ede00d0-baf4-573f-a0dd-4a503bf7f766,6ede00d0-baf4-573f-a0dd-4a503bf7f766
618,1788885771,1299052,14,29,0,0,618,0,533430,711172,4fa33dcb-5f76-5f76-aea8-330df7ada03e,4fa33dcb-5f76-5f76-aea8-330df7ada03e
619,1788885800,1299052,14,29,0,0,619,0,534294,712325,6ede00d0-baf4-573f-a0dd-4a503bf7f766,6ede00d0-baf4-573f-a0dd-4a503bf7f766
620,1788885829,1299052,14,29,0,0,620,0,535161,713480,4fa33dcb-5f76-5f76-aea8-330df7ada03e,4fa33dcb-5f76-5f76-aea8-330df7ada03e
621,1788885858,1299052,14,29,0,0,621,0,536025,714632,6ede00d0-baf4-573f-a0dd-4a503bf7f766,6ede00d0-baf4-573f-a0dd-4a503bf7f766
622,1788885887,1299052,14,29,0,0,622,0,536889,715783,4fa33dcb-5f76-5f76-aea8-330df7ada03e,4fa33dcb-5f76-5f76-aea8-330df7ada03e
623,1788885915,1299052,14,29,0,0,623,0,537753,716935,6ede00d0-baf4-573f-a0dd-4a503bf7f766,6ede00d0-baf4-573f-a0dd-4a503bf7f766
624,1788885944,1299052,14,29,0,0,624,0,538616,718086,4fa33dcb-5f76-5f76-aea8-330df7ada03e,4fa33dcb-5f76-5f76-aea8-330df7ada03e
625,1788885973,1299052,14,29,0,0,625,0,539486,719247,6ede00d0-baf4-573f-a0dd-4a503bf7f766,6ede00d0-baf4-573f-a0dd-4a503bf7f766
626,1788886002,1299052,14,29,0,0,626,0,540351,720398,4fa33dcb-5f76-5f76-aea8-330df7ada03e,4fa33dcb-5f76-5f76-aea8-330df7ada03e
627,1788886031,1299052,14,29,0,0,627,0,541216,721552,6ede00d0-baf4-573f-a0dd-4a503bf7f766,6ede00d0-baf4-573f-a0dd-4a503bf7f766
628,1788886059,1299052,14,29,0,0,628,0,542080,722703,4fa33dcb-5f76-5f76-aea8-330df7ada03e,4fa33dcb-5f76-5f76-aea8-330df7ada03e
629,1788886088,1299052,14,29,0,0,629,0,542944,723857,6ede00d0-baf4-573f-a0dd-4a503bf7f766,6ede00d0-baf4-573f-a0dd-4a503bf7f766
630,1788886117,1299052,14,29,0,0,630,0,543811,725010,4fa33dcb-5f76-5f76-aea8-330df7ada03e,4fa33dcb-5f76-5f76-aea8-330df7ada03e
631,1788886146,1299052,14,29,0,0,631,0,544675,726164,6ede00d0-baf4-573f-a0dd-4a503bf7f766,6ede00d0-baf4-573f-a0dd-4a503bf7f766
632,1788886175,1299052,14,29,0,0,632,0,545539,727314,4fa33dcb-5f76-5f76-aea8-330df7ada03e,4fa33dcb-5f76-5f76-aea8-330df7ada03e
633,1788886204,1299052,14,29,0,0,633,0,546404,728468,6ede00d0-baf4-573f-a0dd-4a503bf7f766,6ede00d0-baf4-573f-a0dd-4a503bf7f766
634,1788886232,1299052,14,29,0,0,634,0,547267,729619,4fa33dcb-5f76-5f76-aea8-330df7ada03e,4fa33dcb-5f76-5f76-aea8-330df7ada03e
635,1788886261,1299052,14,29,0,0,635,0,548134,730775,6ede00d0-baf4-573f-a0dd-4a503bf7f766,6ede00d0-baf4-573f-a0dd-4a503bf7f766
636,1788886290,1299052,14,29,0,0,636,0,548998,731926,4fa33dcb-5f76-5f76-aea8-330df7ada03e,4fa33dcb-5f76-5f76-aea8-330df7ada03e
637,1788886319,1299052,14,29,0,0,637,0,549862,733079,6ede00d0-baf4-573f-a0dd-4a503bf7f766,6ede00d0-baf4-573f-a0dd-4a503bf7f766
638,1788886347,1299052,14,29,0,0,638,0,550726,734229,4fa33dcb-5f76-5f76-aea8-330df7ada03e,4fa33dcb-5f76-5f76-aea8-330df7ada03e
639,1788886376,1299052,14,29,0,0,639,0,551590,735382,6ede00d0-baf4-573f-a0dd-4a503bf7f766,6ede00d0-baf4-573f-a0dd-4a503bf7f766
640,1788886405,1299052,14,29,0,0,640,0,552457,736537,4fa33dcb-5f76-5f76-aea8-330df7ada03e,4fa33dcb-5f76-5f76-aea8-330df7ada03e
641,1788886434,1299052,14,29,0,0,641,0,553321,737690,6ede00d0-baf4-573f-a0dd-4a503bf7f766,6ede00d0-baf4-573f-a0dd-4a503bf7f766
642,1788886463,1299052,14,29,0,0,642,0,554185,738840,4fa33dcb-5f76-5f76-aea8-330df7ada03e,4fa33dcb-5f76-5f76-aea8-330df7ada03e
643,1788886492,1299052,14,29,0,0,643,0,555048,739993,6ede00d0-baf4-573f-a0dd-4a503bf7f766,6ede00d0-baf4-573f-a0dd-4a503bf7f766
644,1788886520,1299052,14,29,0,0,644,0,555912,741144,4fa33dcb-5f76-5f76-aea8-330df7ada03e,4fa33dcb-5f76-5f76-aea8-330df7ada03e
645,1788886549,1299052,14,29,0,0,645,0,556779,742300,6ede00d0-baf4-573f-a0dd-4a503bf7f766,6ede00d0-baf4-573f-a0dd-4a503bf7f766
646,1788886578,1299052,14,29,0,0,646,0,557643,743450,4fa33dcb-5f76-5f76-aea8-330df7ada03e,4fa33dcb-5f76-5f76-aea8-330df7ada03e
647,1788886607,1299052,14,29,0,0,647,0,558507,744603,6ede00d0-baf4-573f-a0dd-4a503bf7f766,6ede00d0-baf4-573f-a0dd-4a503bf7f766
648,1788886635,1299052,14,29,0,0,648,0,559371,745754,4fa33dcb-5f76-5f76-aea8-330df7ada03e,4fa33dcb-5f76-5f76-aea8-330df7ada03e
649,1788886664,1299052,14,29,0,0,649,0,560234,746907,6ede00d0-baf4-573f-a0dd-4a503bf7f766,6ede00d0-baf4-573f-a0dd-4a503bf7f766
650,1788886693,1299052,14,29,0,0,650,0,561101,748061,4fa33dcb-5f76-5f76-aea8-330df7ada03e,4fa33dcb-5f76-5f76-aea8-330df7ada03e
651,1788886722,1299052,14,29,0,0,651,0,561965,749214,6ede00d0-baf4-573f-a0dd-4a503bf7f766,6ede00d0-baf4-573f-a0dd-4a503bf7f766
652,1788886751,1299052,14,29,0,0,652,0,562829,750364,4fa33dcb-5f76-5f76-aea8-330df7ada03e,4fa33dcb-5f76-5f76-aea8-330df7ada03e
653,1788886780,1299052,14,29,0,0,653,0,563694,751518,6ede00d0-baf4-573f-a0dd-4a503bf7f766,6ede00d0-baf4-573f-a0dd-4a503bf7f766
654,1788886808,1299052,14,29,0,0,654,0,564557,752669,4fa33dcb-5f76-5f76-aea8-330df7ada03e,4fa33dcb-5f76-5f76-aea8-330df7ada03e
655,1788886837,1299052,14,29,0,0,655,0,565424,753825,6ede00d0-baf4-573f-a0dd-4a503bf7f766,6ede00d0-baf4-573f-a0dd-4a503bf7f766
656,1788886866,1299052,14,29,0,0,656,0,566288,754976,4fa33dcb-5f76-5f76-aea8-330df7ada03e,4fa33dcb-5f76-5f76-aea8-330df7ada03e
657,1788886895,1299052,14,29,0,0,657,0,567152,756128,6ede00d0-baf4-573f-a0dd-4a503bf7f766,6ede00d0-baf4-573f-a0dd-4a503bf7f766
658,1788886923,1299052,14,29,0,0,658,0,568016,757279,4fa33dcb-5f76-5f76-aea8-330df7ada03e,4fa33dcb-5f76-5f76-aea8-330df7ada03e
659,1788886952,1299052,14,29,0,0,659,0,568880,758432,6ede00d0-baf4-573f-a0dd-4a503bf7f766,6ede00d0-baf4-573f-a0dd-4a503bf7f766
660,1788886981,1299052,14,29,0,0,660,0,569747,759587,4fa33dcb-5f76-5f76-aea8-330df7ada03e,4fa33dcb-5f76-5f76-aea8-330df7ada03e
661,1788887010,1299052,14,29,0,0,661,0,570611,760740,6ede00d0-baf4-573f-a0dd-4a503bf7f766,6ede00d0-baf4-573f-a0dd-4a503bf7f766
662,1788887039,1299052,14,29,0,0,662,0,571475,761891,4fa33dcb-5f76-5f76-aea8-330df7ada03e,4fa33dcb-5f76-5f76-aea8-330df7ada03e
663,1788887068,1299052,14,29,0,0,663,0,572339,763044,6ede00d0-baf4-573f-a0dd-4a503bf7f766,6ede00d0-baf4-573f-a0dd-4a503bf7f766
664,1788887096,1299052,14,29,0,0,664,0,573202,764194,4fa33dcb-5f76-5f76-aea8-330df7ada03e,4fa33dcb-5f76-5f76-aea8-330df7ada03e
665,1788887125,1299052,14,29,0,0,665,0,574069,765350,6ede00d0-baf4-573f-a0dd-4a503bf7f766,6ede00d0-baf4-573f-a0dd-4a503bf7f766
666,1788887154,1299052,14,29,0,0,666,0,574933,766501,4fa33dcb-5f76-5f76-aea8-330df7ada03e,4fa33dcb-5f76-5f76-aea8-330df7ada03e
667,1788887183,1299052,14,29,0,0,667,0,575797,767654,6ede00d0-baf4-573f-a0dd-4a503bf7f766,6ede00d0-baf4-573f-a0dd-4a503bf7f766
668,1788887212,1299052,14,29,0,0,668,0,576662,768806,4fa33dcb-5f76-5f76-aea8-330df7ada03e,4fa33dcb-5f76-5f76-aea8-330df7ada03e
669,1788887240,1299052,14,29,0,0,669,0,577526,769959,6ede00d0-baf4-573f-a0dd-4a503bf7f766,6ede00d0-baf4-573f-a0dd-4a503bf7f766
670,1788887269,1299052,14,29,0,0,670,0,578393,771113,4fa33dcb-5f76-5f76-aea8-330df7ada03e,4fa33dcb-5f76-5f76-aea8-330df7ada03e
671,1788887298,1299052,14,29,0,0,671,0,579258,772268,6ede00d0-baf4-573f-a0dd-4a503bf7f766,6ede00d0-baf4-573f-a0dd-4a503bf7f766
672,1788887327,1299052,14,29,0,0,672,0,580123,773420,4fa33dcb-5f76-5f76-aea8-330df7ada03e,4fa33dcb-5f76-5f76-aea8-330df7ada03e
673,1788887356,1299052,14,29,0,0,673,0,580987,774573,6ede00d0-baf4-573f-a0dd-4a503bf7f766,6ede00d0-baf4-573f-a0dd-4a503bf7f766
674,1788887384,1299052,14,29,0,0,674,0,581851,775724,4fa33dcb-5f76-5f76-aea8-330df7ada03e,4fa33dcb-5f76-5f76-aea8-330df7ada03e
675,1788887413,1299052,14,29,0,0,675,0,582718,776880,6ede00d0-baf4-573f-a0dd-4a503bf7f766,6ede00d0-baf4-573f-a0dd-4a503bf7f766
676,1788887442,1299052,14,29,0,0,676,0,583582,778031,4fa33dcb-5f76-5f76-aea8-330df7ada03e,4fa33dcb-5f76-5f76-aea8-330df7ada03e
677,1788887471,1299052,14,29,0,0,677,0,584446,779184,6ede00d0-baf4-573f-a0dd-4a503bf7f766,6ede00d0-baf4-573f-a0dd-4a503bf7f766
678,1788887500,1299052,14,29,0,0,678,0,585310,780335,4fa33dcb-5f76-5f76-aea8-330df7ada03e,4fa33dcb-5f76-5f76-aea8-330df7ada03e
679,1788887528,1299052,14,29,0,0,679,0,586174,781488,6ede00d0-baf4-573f-a0dd-4a503bf7f766,6ede00d0-baf4-573f-a0dd-4a503bf7f766
680,1788887557,1299052,14,29,0,0,680,0,587041,782642,4fa33dcb-5f76-5f76-aea8-330df7ada03e,4fa33dcb-5f76-5f76-aea8-330df7ada03e
681,1788887586,1299052,14,29,0,0,681,0,587905,783795,6ede00d0-baf4-573f-a0dd-4a503bf7f766,6ede00d0-baf4-573f-a0dd-4a503bf7f766
682,1788887615,1299052,14,29,0,0,682,0,588769,784946,4fa33dcb-5f76-5f76-aea8-330df7ada03e,4fa33dcb-5f76-5f76-aea8-330df7ada03e
683,1788887644,1299056,14,29,0,0,683,0,589633,786100,6ede00d0-baf4-573f-a0dd-4a503bf7f766,6ede00d0-baf4-573f-a0dd-4a503bf7f766
684,1788887672,1299056,14,29,0,0,684,0,590497,787250,4fa33dcb-5f76-5f76-aea8-330df7ada03e,4fa33dcb-5f76-5f76-aea8-330df7ada03e
685,1788887701,1299056,14,29,0,0,685,0,591364,788407,6ede00d0-baf4-573f-a0dd-4a503bf7f766,6ede00d0-baf4-573f-a0dd-4a503bf7f766
686,1788887730,1299056,14,29,0,0,686,0,592228,789558,4fa33dcb-5f76-5f76-aea8-330df7ada03e,4fa33dcb-5f76-5f76-aea8-330df7ada03e
687,1788887759,1299056,14,29,0,0,687,0,593092,790711,6ede00d0-baf4-573f-a0dd-4a503bf7f766,6ede00d0-baf4-573f-a0dd-4a503bf7f766
688,1788887788,1299056,14,29,0,0,688,0,593956,791861,4fa33dcb-5f76-5f76-aea8-330df7ada03e,4fa33dcb-5f76-5f76-aea8-330df7ada03e
689,1788887816,1299056,14,29,0,0,689,0,594820,793014,6ede00d0-baf4-573f-a0dd-4a503bf7f766,6ede00d0-baf4-573f-a0dd-4a503bf7f766
690,1788887845,1299056,14,29,0,0,690,0,595687,794169,4fa33dcb-5f76-5f76-aea8-330df7ada03e,4fa33dcb-5f76-5f76-aea8-330df7ada03e
691,1788887874,1299056,14,29,0,0,691,0,596551,795322,6ede00d0-baf4-573f-a0dd-4a503bf7f766,6ede00d0-baf4-573f-a0dd-4a503bf7f766
692,1788887903,1299056,14,29,0,0,692,0,597415,796473,4fa33dcb-5f76-5f76-aea8-330df7ada03e,4fa33dcb-5f76-5f76-aea8-330df7ada03e
693,1788887932,1299056,14,29,0,0,693,0,598279,797626,6ede00d0-baf4-573f-a0dd-4a503bf7f766,6ede00d0-baf4-573f-a0dd-4a503bf7f766
694,1788887960,1299056,14,29,0,0,694,0,599144,798778,4fa33dcb-5f76-5f76-aea8-330df7ada03e,4fa33dcb-5f76-5f76-aea8-330df7ada03e
695,1788887989,1299056,14,29,0,0,695,0,600011,799934,6ede00d0-baf4-573f-a0dd-4a503bf7f766,6ede00d0-baf4-573f-a0dd-4a503bf7f766
696,1788888018,1299056,14,29,0,0,696,0,600874,801084,4fa33dcb-5f76-5f76-aea8-330df7ada03e,4fa33dcb-5f76-5f76-aea8-330df7ada03e
697,1788888047,1299056,14,29,0,0,697,0,601738,802237,6ede00d0-baf4-573f-a0dd-4a503bf7f766,6ede00d0-baf4-573f-a0dd-4a503bf7f766
698,1788888076,1299056,14,29,0,0,698,0,602602,803387,4fa33dcb-5f76-5f76-aea8-330df7ada03e,4fa33dcb-5f76-5f76-aea8-330df7ada03e
699,1788888104,1299056,14,29,0,0,699,0,603466,804541,6ede00d0-baf4-573f-a0dd-4a503bf7f766,6ede00d0-baf4-573f-a0dd-4a503bf7f766
700,1788888133,1299056,14,29,0,0,700,0,604335,805698,4fa33dcb-5f76-5f76-aea8-330df7ada03e,4fa33dcb-5f76-5f76-aea8-330df7ada03e
701,1788888162,1299056,14,29,0,0,701,0,605199,806851,6ede00d0-baf4-573f-a0dd-4a503bf7f766,6ede00d0-baf4-573f-a0dd-4a503bf7f766
702,1788888191,1299056,14,29,0,0,702,0,606063,808001,4fa33dcb-5f76-5f76-aea8-330df7ada03e,4fa33dcb-5f76-5f76-aea8-330df7ada03e
703,1788888220,1299056,14,29,0,0,703,0,606927,809154,6ede00d0-baf4-573f-a0dd-4a503bf7f766,6ede00d0-baf4-573f-a0dd-4a503bf7f766
704,1788888249,1299056,14,29,0,0,704,0,607791,810305,4fa33dcb-5f76-5f76-aea8-330df7ada03e,4fa33dcb-5f76-5f76-aea8-330df7ada03e
705,1788888277,1299056,14,29,0,0,705,0,608657,811461,6ede00d0-baf4-573f-a0dd-4a503bf7f766,6ede00d0-baf4-573f-a0dd-4a503bf7f766
706,1788888306,1299056,14,29,0,0,706,0,609521,812612,4fa33dcb-5f76-5f76-aea8-330df7ada03e,4fa33dcb-5f76-5f76-aea8-330df7ada03e
707,1788888335,1299056,14,29,0,0,707,0,610385,813765,6ede00d0-baf4-573f-a0dd-4a503bf7f766,6ede00d0-baf4-573f-a0dd-4a503bf7f766
708,1788888364,1299056,14,29,0,0,708,0,611249,814915,4fa33dcb-5f76-5f76-aea8-330df7ada03e,4fa33dcb-5f76-5f76-aea8-330df7ada03e
709,1788888393,1299060,14,29,0,0,709,0,612113,816068,6ede00d0-baf4-573f-a0dd-4a503bf7f766,6ede00d0-baf4-573f-a0dd-4a503bf7f766
710,1788888421,1299060,14,29,0,0,710,0,612980,817223,4fa33dcb-5f76-5f76-aea8-330df7ada03e,4fa33dcb-5f76-5f76-aea8-330df7ada03e
711,1788888450,1299060,14,29,0,0,711,0,613844,818376,6ede00d0-baf4-573f-a0dd-4a503bf7f766,6ede00d0-baf4-573f-a0dd-4a503bf7f766
712,1788888479,1299060,14,29,0,0,712,0,614708,819526,4fa33dcb-5f76-5f76-aea8-330df7ada03e,4fa33dcb-5f76-5f76-aea8-330df7ada03e
713,1788888508,1299060,14,29,0,0,713,0,615571,820679,6ede00d0-baf4-573f-a0dd-4a503bf7f766,6ede00d0-baf4-573f-a0dd-4a503bf7f766
714,1788888537,1299060,14,29,0,0,714,0,616435,821829,4fa33dcb-5f76-5f76-aea8-330df7ada03e,4fa33dcb-5f76-5f76-aea8-330df7ada03e
715,1788888565,1299060,14,29,0,0,715,0,617302,822986,6ede00d0-baf4-573f-a0dd-4a503bf7f766,6ede00d0-baf4-573f-a0dd-4a503bf7f766
716,1788888594,1299060,14,29,0,0,716,0,618166,824137,4fa33dcb-5f76-5f76-aea8-330df7ada03e,4fa33dcb-5f76-5f76-aea8-330df7ada03e
717,1788888623,1299060,14,29,0,0,717,0,619030,825289,6ede00d0-baf4-573f-a0dd-4a503bf7f766,6ede00d0-baf4-573f-a0dd-4a503bf7f766
718,1788888652,1299060,14,29,0,0,718,0,619894,826440,4fa33dcb-5f76-5f76-aea8-330df7ada03e,4fa33dcb-5f76-5f76-aea8-330df7ada03e
719,1788888681,1299060,14,29,0,0,719,0,620758,827593,6ede00d0-baf4-573f-a0dd-4a503bf7f766,6ede00d0-baf4-573f-a0dd-4a503bf7f766
720,1788888709,1299060,14,29,0,0,720,0,621624,828747,4fa33dcb-5f76-5f76-aea8-330df7ada03e,4fa33dcb-5f76-5f76-aea8-330df7ada03e
721,1788888738,1299060,14,29,0,0,721,0,622488,829899,6ede00d0-baf4-573f-a0dd-4a503bf7f766,6ede00d0-baf4-573f-a0dd-4a503bf7f766
722,1788888767,1299060,14,29,0,0,722,0,623352,831050,4fa33dcb-5f76-5f76-aea8-330df7ada03e,4fa33dcb-5f76-5f76-aea8-330df7ada03e
723,1788888796,1299060,14,29,0,0,723,0,624216,832203,6ede00d0-baf4-573f-a0dd-4a503bf7f766,6ede00d0-baf4-573f-a0dd-4a503bf7f766
724,1788888824,1299060,14,29,0,0,724,0,625079,833353,4fa33dcb-5f76-5f76-aea8-330df7ada03e,4fa33dcb-5f76-5f76-aea8-330df7ada03e
725,1788888853,1299060,14,29,0,0,725,0,625946,834509,6ede00d0-baf4-573f-a0dd-4a503bf7f766,6ede00d0-baf4-573f-a0dd-4a503bf7f766
726,1788888882,1299060,14,29,0,0,726,0,626809,835659,4fa33dcb-5f76-5f76-aea8-330df7ada03e,4fa33dcb-5f76-5f76-aea8-330df7ada03e
727,1788888911,1299060,14,29,0,0,727,0,627674,836813,6ede00d0-baf4-573f-a0dd-4a503bf7f766,6ede00d0-baf4-573f-a0dd-4a503bf7f766
728,1788888940,1299060,14,29,0,0,728,0,628537,837963,4fa33dcb-5f76-5f76-aea8-330df7ada03e,4fa33dcb-5f76-5f76-aea8-330df7ada03e
729,1788888969,1299060,14,29,0,0,729,0,629401,839116,6ede00d0-baf4-573f-a0dd-4a503bf7f766,6ede00d0-baf4-573f-a0dd-4a503bf7f766
730,1788888997,1299060,14,29,0,0,730,0,630268,840271,4fa33dcb-5f76-5f76-aea8-330df7ada03e,4fa33dcb-5f76-5f76-aea8-330df7ada03e
731,1788889026,1299060,14,29,0,0,731,0,631132,841423,6ede00d0-baf4-573f-a0dd-4a503bf7f766,6ede00d0-baf4-573f-a0dd-4a503bf7f766
732,1788889055,1299060,14,29,0,0,732,0,631996,842575,4fa33dcb-5f76-5f76-aea8-330df7ada03e,4fa33dcb-5f76-5f76-aea8-330df7ada03e
733,1788889084,1299060,14,29,0,0,733,0,632860,843728,6ede00d0-baf4-573f-a0dd-4a503bf7f766,6ede00d0-baf4-573f-a0dd-4a503bf7f766
734,1788889113,1299064,14,29,0,0,734,0,633724,844878,4fa33dcb-5f76-5f76-aea8-330df7ada03e,4fa33dcb-5f76-5f76-aea8-330df7ada03e
735,1788889141,1299064,14,29,0,0,735,0,634590,846035,6ede00d0-baf4-573f-a0dd-4a503bf7f766,6ede00d0-baf4-573f-a0dd-4a503bf7f766
736,1788889170,1299104,14,29,0,0,736,0,635454,847185,4fa33dcb-5f76-5f76-aea8-330df7ada03e,4fa33dcb-5f76-5f76-aea8-330df7ada03e
737,1788889199,1299104,14,29,0,0,737,0,636318,848338,6ede00d0-baf4-573f-a0dd-4a503bf7f766,6ede00d0-baf4-573f-a0dd-4a503bf7f766
738,1788889228,1304688,14,29,0,0,738,0,637182,849488,4fa33dcb-5f76-5f76-aea8-330df7ada03e,4fa33dcb-5f76-5f76-aea8-330df7ada03e
739,1788889257,1304688,14,29,0,0,739,0,638047,850643,6ede00d0-baf4-573f-a0dd-4a503bf7f766,6ede00d0-baf4-573f-a0dd-4a503bf7f766
740,1788889285,1304688,14,29,0,0,740,0,638914,851797,4fa33dcb-5f76-5f76-aea8-330df7ada03e,4fa33dcb-5f76-5f76-aea8-330df7ada03e
741,1788889314,1304688,14,29,0,0,741,0,639778,852950,6ede00d0-baf4-573f-a0dd-4a503bf7f766,6ede00d0-baf4-573f-a0dd-4a503bf7f766
742,1788889343,1304688,14,29,0,0,742,0,640642,854101,4fa33dcb-5f76-5f76-aea8-330df7ada03e,4fa33dcb-5f76-5f76-aea8-330df7ada03e
743,1788889372,1304728,14,29,0,0,743,0,641506,855255,6ede00d0-baf4-573f-a0dd-4a503bf7f766,6ede00d0-baf4-573f-a0dd-4a503bf7f766
744,1788889401,1304728,14,29,0,0,744,0,642370,856405,4fa33dcb-5f76-5f76-aea8-330df7ada03e,4fa33dcb-5f76-5f76-aea8-330df7ada03e
745,1788889429,1310312,14,29,0,0,745,0,643236,857561,6ede00d0-baf4-573f-a0dd-4a503bf7f766,6ede00d0-baf4-573f-a0dd-4a503bf7f766
746,1788889458,1310312,14,29,0,0,746,0,644100,858712,4fa33dcb-5f76-5f76-aea8-330df7ada03e,4fa33dcb-5f76-5f76-aea8-330df7ada03e
747,1788889487,1310312,14,29,0,0,747,0,644964,859865,6ede00d0-baf4-573f-a0dd-4a503bf7f766,6ede00d0-baf4-573f-a0dd-4a503bf7f766
748,1788889516,1310312,14,29,0,0,748,0,645828,861015,4fa33dcb-5f76-5f76-aea8-330df7ada03e,4fa33dcb-5f76-5f76-aea8-330df7ada03e
749,1788889545,1310312,14,29,0,0,749,0,646692,862168,6ede00d0-baf4-573f-a0dd-4a503bf7f766,6ede00d0-baf4-573f-a0dd-4a503bf7f766
750,1788889573,1310312,14,29,0,0,750,0,647558,863322,4fa33dcb-5f76-5f76-aea8-330df7ada03e,4fa33dcb-5f76-5f76-aea8-330df7ada03e
751,1788889602,1310312,14,29,0,0,751,0,648422,864475,6ede00d0-baf4-573f-a0dd-4a503bf7f766,6ede00d0-baf4-573f-a0dd-4a503bf7f766
752,1788889631,1310312,14,29,0,0,752,0,649287,865626,4fa33dcb-5f76-5f76-aea8-330df7ada03e,4fa33dcb-5f76-5f76-aea8-330df7ada03e
753,1788889660,1310312,14,29,0,0,753,0,650151,866779,6ede00d0-baf4-573f-a0dd-4a503bf7f766,6ede00d0-baf4-573f-a0dd-4a503bf7f766
754,1788889689,1310312,14,29,0,0,754,0,651015,867930,4fa33dcb-5f76-5f76-aea8-330df7ada03e,4fa33dcb-5f76-5f76-aea8-330df7ada03e
755,1788889717,1310312,14,29,0,0,755,0,651882,869087,6ede00d0-baf4-573f-a0dd-4a503bf7f766,6ede00d0-baf4-573f-a0dd-4a503bf7f766
756,1788889746,1310312,14,29,0,0,756,0,652746,870238,4fa33dcb-5f76-5f76-aea8-330df7ada03e,4fa33dcb-5f76-5f76-aea8-330df7ada03e
757,1788889775,1310312,14,29,0,0,757,0,653610,871391,6ede00d0-baf4-573f-a0dd-4a503bf7f766,6ede00d0-baf4-573f-a0dd-4a503bf7f766
758,1788889804,1310312,14,29,0,0,758,0,654474,872542,4fa33dcb-5f76-5f76-aea8-330df7ada03e,4fa33dcb-5f76-5f76-aea8-330df7ada03e
759,1788889833,1310312,14,29,0,0,759,0,655338,873694,6ede00d0-baf4-573f-a0dd-4a503bf7f766,6ede00d0-baf4-573f-a0dd-4a503bf7f766
760,1788889861,1310316,14,29,0,0,760,0,656205,874849,4fa33dcb-5f76-5f76-aea8-330df7ada03e,4fa33dcb-5f76-5f76-aea8-330df7ada03e
761,1788889890,1310316,14,29,0,0,761,0,657069,876002,6ede00d0-baf4-573f-a0dd-4a503bf7f766,6ede00d0-baf4-573f-a0dd-4a503bf7f766
762,1788889919,1310316,14,29,0,0,762,0,657932,877152,4fa33dcb-5f76-5f76-aea8-330df7ada03e,4fa33dcb-5f76-5f76-aea8-330df7ada03e
763,1788889948,1310316,14,29,0,0,763,0,658796,878304,6ede00d0-baf4-573f-a0dd-4a503bf7f766,6ede00d0-baf4-573f-a0dd-4a503bf7f766
764,1788889977,1310316,14,29,0,0,764,0,659667,879463,4fa33dcb-5f76-5f76-aea8-330df7ada03e,4fa33dcb-5f76-5f76-aea8-330df7ada03e
765,1788890006,1310316,14,29,0,0,765,0,660539,880627,6ede00d0-baf4-573f-a0dd-4a503bf7f766,6ede00d0-baf4-573f-a0dd-4a503bf7f766
766,1788890035,1310316,14,29,0,0,766,0,661402,881777,4fa33dcb-5f76-5f76-aea8-330df7ada03e,4fa33dcb-5f76-5f76-aea8-330df7ada03e
767,1788890063,1310316,14,29,0,0,767,0,662266,882930,6ede00d0-baf4-573f-a0dd-4a503bf7f766,6ede00d0-baf4-573f-a0dd-4a503bf7f766
768,1788890092,1310316,14,29,0,0,768,0,663130,884080,4fa33dcb-5f76-5f76-aea8-330df7ada03e,4fa33dcb-5f76-5f76-aea8-330df7ada03e
769,1788890121,1310316,14,29,0,0,769,0,663995,885234,6ede00d0-baf4-573f-a0dd-4a503bf7f766,6ede00d0-baf4-573f-a0dd-4a503bf7f766
770,1788890150,1310316,14,29,0,0,770,0,664862,886389,4fa33dcb-5f76-5f76-aea8-330df7ada03e,4fa33dcb-5f76-5f76-aea8-330df7ada03e
771,1788890179,1310316,14,29,0,0,771,0,665726,887542,6ede00d0-baf4-573f-a0dd-4a503bf7f766,6ede00d0-baf4-573f-a0dd-4a503bf7f766
772,1788890207,1310316,14,29,0,0,772,0,666589,888692,4fa33dcb-5f76-5f76-aea8-330df7ada03e,4fa33dcb-5f76-5f76-aea8-330df7ada03e
773,1788890236,1310320,14,29,0,0,773,0,667453,889844,6ede00d0-baf4-573f-a0dd-4a503bf7f766,6ede00d0-baf4-573f-a0dd-4a503bf7f766
774,1788890265,1310320,14,29,0,0,774,0,668318,890996,4fa33dcb-5f76-5f76-aea8-330df7ada03e,4fa33dcb-5f76-5f76-aea8-330df7ada03e
775,1788890294,1310320,14,29,0,0,775,0,669185,892154,6ede00d0-baf4-573f-a0dd-4a503bf7f766,6ede00d0-baf4-573f-a0dd-4a503bf7f766
776,1788890323,1310320,14,29,0,0,776,0,670049,893305,4fa33dcb-5f76-5f76-aea8-330df7ada03e,4fa33dcb-5f76-5f76-aea8-330df7ada03e
777,1788890351,1310320,14,29,0,0,777,0,670914,894458,6ede00d0-baf4-573f-a0dd-4a503bf7f766,6ede00d0-baf4-573f-a0dd-4a503bf7f766
778,1788890380,1310320,14,29,0,0,778,0,671778,895609,4fa33dcb-5f76-5f76-aea8-330df7ada03e,4fa33dcb-5f76-5f76-aea8-330df7ada03e
779,1788890409,1310320,14,29,0,0,779,0,672642,896762,6ede00d0-baf4-573f-a0dd-4a503bf7f766,6ede00d0-baf4-573f-a0dd-4a503bf7f766
780,1788890438,1310320,14,29,0,0,780,0,673509,897917,4fa33dcb-5f76-5f76-aea8-330df7ada03e,4fa33dcb-5f76-5f76-aea8-330df7ada03e
781,1788890467,1310320,14,29,0,0,781,0,674373,899070,6ede00d0-baf4-573f-a0dd-4a503bf7f766,6ede00d0-baf4-573f-a0dd-4a503bf7f766
782,1788890496,1310320,14,29,0,0,782,0,675238,900221,4fa33dcb-5f76-5f76-aea8-330df7ada03e,4fa33dcb-5f76-5f76-aea8-330df7ada03e
783,1788890524,1310320,14,29,0,0,783,0,676102,901374,6ede00d0-baf4-573f-a0dd-4a503bf7f766,6ede00d0-baf4-573f-a0dd-4a503bf7f766
784,1788890553,1310320,14,29,0,0,784,0,676966,902525,4fa33dcb-5f76-5f76-aea8-330df7ada03e,4fa33dcb-5f76-5f76-aea8-330df7ada03e
785,1788890582,1310320,14,29,0,0,785,0,677832,903682,6ede00d0-baf4-573f-a0dd-4a503bf7f766,6ede00d0-baf4-573f-a0dd-4a503bf7f766
786,1788890611,1310320,14,29,0,0,786,0,678696,904832,4fa33dcb-5f76-5f76-aea8-330df7ada03e,4fa33dcb-5f76-5f76-aea8-330df7ada03e
787,1788890640,1310320,14,29,0,0,787,0,679560,905985,6ede00d0-baf4-573f-a0dd-4a503bf7f766,6ede00d0-baf4-573f-a0dd-4a503bf7f766
788,1788890668,1310320,14,29,0,0,788,0,680424,907136,4fa33dcb-5f76-5f76-aea8-330df7ada03e,4fa33dcb-5f76-5f76-aea8-330df7ada03e
789,1788890697,1310320,14,29,0,0,789,0,681288,908289,6ede00d0-baf4-573f-a0dd-4a503bf7f766,6ede00d0-baf4-573f-a0dd-4a503bf7f766
790,1788890726,1310324,14,29,0,0,790,0,682155,909443,4fa33dcb-5f76-5f76-aea8-330df7ada03e,4fa33dcb-5f76-5f76-aea8-330df7ada03e
791,1788890755,1310324,14,29,0,0,791,0,683019,910597,6ede00d0-baf4-573f-a0dd-4a503bf7f766,6ede00d0-baf4-573f-a0dd-4a503bf7f766
792,1788890784,1310324,14,29,0,0,792,0,683882,911747,4fa33dcb-5f76-5f76-aea8-330df7ada03e,4fa33dcb-5f76-5f76-aea8-330df7ada03e
793,1788890812,1310324,14,29,0,0,793,0,684747,912901,6ede00d0-baf4-573f-a0dd-4a503bf7f766,6ede00d0-baf4-573f-a0dd-4a503bf7f766
794,1788890841,1310324,14,29,0,0,794,0,685611,914052,4fa33dcb-5f76-5f76-aea8-330df7ada03e,4fa33dcb-5f76-5f76-aea8-330df7ada03e
795,1788890870,1310324,14,29,0,0,795,0,686478,915209,6ede00d0-baf4-573f-a0dd-4a503bf7f766,6ede00d0-baf4-573f-a0dd-4a503bf7f766
796,1788890899,1310324,14,29,0,0,796,0,687342,916359,4fa33dcb-5f76-5f76-aea8-330df7ada03e,4fa33dcb-5f76-5f76-aea8-330df7ada03e
797,1788890928,1310324,14,29,0,0,797,0,688205,917512,6ede00d0-baf4-573f-a0dd-4a503bf7f766,6ede00d0-baf4-573f-a0dd-4a503bf7f766
798,1788890956,1310324,14,29,0,0,798,0,689070,918663,4fa33dcb-5f76-5f76-aea8-330df7ada03e,4fa33dcb-5f76-5f76-aea8-330df7ada03e
799,1788890985,1310324,14,29,0,0,799,0,689934,919816,6ede00d0-baf4-573f-a0dd-4a503bf7f766,6ede00d0-baf4-573f-a0dd-4a503bf7f766
800,1788891014,1310324,14,29,0,0,800,0,690800,920970,4fa33dcb-5f76-5f76-aea8-330df7ada03e,4fa33dcb-5f76-5f76-aea8-330df7ada03e
801,1788891043,1310324,14,29,0,0,801,0,691664,922123,6ede00d0-baf4-573f-a0dd-4a503bf7f766,6ede00d0-baf4-573f-a0dd-4a503bf7f766
802,1788891072,1310324,14,29,0,0,802,0,692528,923274,4fa33dcb-5f76-5f76-aea8-330df7ada03e,4fa33dcb-5f76-5f76-aea8-330df7ada03e
803,1788891100,1310324,14,29,0,0,803,0,693392,924427,6ede00d0-baf4-573f-a0dd-4a503bf7f766,6ede00d0-baf4-573f-a0dd-4a503bf7f766
804,1788891129,1310324,14,29,0,0,804,0,694257,925578,4fa33dcb-5f76-5f76-aea8-330df7ada03e,4fa33dcb-5f76-5f76-aea8-330df7ada03e
805,1788891158,1310324,14,29,0,0,805,0,695125,926737,6ede00d0-baf4-573f-a0dd-4a503bf7f766,6ede00d0-baf4-573f-a0dd-4a503bf7f766
806,1788891187,1310324,14,29,0,0,806,0,695989,927887,4fa33dcb-5f76-5f76-aea8-330df7ada03e,4fa33dcb-5f76-5f76-aea8-330df7ada03e
807,1788891216,1310324,14,29,0,0,807,0,696853,929039,6ede00d0-baf4-573f-a0dd-4a503bf7f766,6ede00d0-baf4-573f-a0dd-4a503bf7f766
808,1788891244,1310324,14,29,0,0,808,0,697718,930191,4fa33dcb-5f76-5f76-aea8-330df7ada03e,4fa33dcb-5f76-5f76-aea8-330df7ada03e
809,1788891273,1310324,14,29,0,0,809,0,698582,931344,6ede00d0-baf4-573f-a0dd-4a503bf7f766,6ede00d0-baf4-573f-a0dd-4a503bf7f766
810,1788891302,1310324,14,29,0,0,810,0,699448,932498,4fa33dcb-5f76-5f76-aea8-330df7ada03e,4fa33dcb-5f76-5f76-aea8-330df7ada03e
811,1788891331,1310324,14,29,0,0,811,0,700312,933651,6ede00d0-baf4-573f-a0dd-4a503bf7f766,6ede00d0-baf4-573f-a0dd-4a503bf7f766
812,1788891360,1310324,14,29,0,0,812,0,701176,934801,4fa33dcb-5f76-5f76-aea8-330df7ada03e,4fa33dcb-5f76-5f76-aea8-330df7ada03e
813,1788891388,1310324,14,29,0,0,813,0,702041,935955,6ede00d0-baf4-573f-a0dd-4a503bf7f766,6ede00d0-baf4-573f-a0dd-4a503bf7f766
814,1788891417,1310324,14,29,0,0,814,0,702905,937107,4fa33dcb-5f76-5f76-aea8-330df7ada03e,4fa33dcb-5f76-5f76-aea8-330df7ada03e
815,1788891446,1310324,14,29,0,0,815,0,703773,938264,6ede00d0-baf4-573f-a0dd-4a503bf7f766,6ede00d0-baf4-573f-a0dd-4a503bf7f766
816,1788891475,1310324,14,29,0,0,816,0,704638,939417,4fa33dcb-5f76-5f76-aea8-330df7ada03e,4fa33dcb-5f76-5f76-aea8-330df7ada03e
817,1788891504,1310324,14,29,0,0,817,0,705502,940570,6ede00d0-baf4-573f-a0dd-4a503bf7f766,6ede00d0-baf4-573f-a0dd-4a503bf7f766
818,1788891533,1310324,14,29,0,0,818,0,706365,941721,4fa33dcb-5f76-5f76-aea8-330df7ada03e,4fa33dcb-5f76-5f76-aea8-330df7ada03e
819,1788891561,1310324,14,29,0,0,819,0,707230,942874,6ede00d0-baf4-573f-a0dd-4a503bf7f766,6ede00d0-baf4-573f-a0dd-4a503bf7f766
820,1788891590,1310324,14,29,0,0,820,0,708096,944028,4fa33dcb-5f76-5f76-aea8-330df7ada03e,4fa33dcb-5f76-5f76-aea8-330df7ada03e
821,1788891619,1310328,14,29,0,0,821,0,708960,945181,6ede00d0-baf4-573f-a0dd-4a503bf7f766,6ede00d0-baf4-573f-a0dd-4a503bf7f766
822,1788891648,1310328,14,29,0,0,822,0,709824,946331,4fa33dcb-5f76-5f76-aea8-330df7ada03e,4fa33dcb-5f76-5f76-aea8-330df7ada03e
823,1788891677,1310328,14,29,0,0,823,0,710688,947485,6ede00d0-baf4-573f-a0dd-4a503bf7f766,6ede00d0-baf4-573f-a0dd-4a503bf7f766
824,1788891705,1310328,14,29,0,0,824,0,711553,948636,4fa33dcb-5f76-5f76-aea8-330df7ada03e,4fa33dcb-5f76-5f76-aea8-330df7ada03e
825,1788891734,1310328,14,29,0,0,825,0,712420,949793,6ede00d0-baf4-573f-a0dd-4a503bf7f766,6ede00d0-baf4-573f-a0dd-4a503bf7f766
826,1788891763,1310328,14,29,0,0,826,0,713284,950944,4fa33dcb-5f76-5f76-aea8-330df7ada03e,4fa33dcb-5f76-5f76-aea8-330df7ada03e
827,1788891792,1310328,14,29,0,0,827,0,714148,952097,6ede00d0-baf4-573f-a0dd-4a503bf7f766,6ede00d0-baf4-573f-a0dd-4a503bf7f766
828,1788891821,1310328,14,29,0,0,828,0,715012,953248,4fa33dcb-5f76-5f76-aea8-330df7ada03e,4fa33dcb-5f76-5f76-aea8-330df7ada03e
829,1788891849,1310328,14,29,0,0,829,0,715877,954402,6ede00d0-baf4-573f-a0dd-4a503bf7f766,6ede00d0-baf4-573f-a0dd-4a503bf7f766
830,1788891878,1310328,14,29,0,0,830,0,716744,955557,4fa33dcb-5f76-5f76-aea8-330df7ada03e,4fa33dcb-5f76-5f76-aea8-330df7ada03e
831,1788891907,1310328,14,29,0,0,831,0,717608,956710,6ede00d0-baf4-573f-a0dd-4a503bf7f766,6ede00d0-baf4-573f-a0dd-4a503bf7f766
832,1788891936,1310328,14,29,0,0,832,0,718472,957860,4fa33dcb-5f76-5f76-aea8-330df7ada03e,4fa33dcb-5f76-5f76-aea8-330df7ada03e
833,1788891965,1310328,14,29,0,0,833,0,719335,959012,6ede00d0-baf4-573f-a0dd-4a503bf7f766,6ede00d0-baf4-573f-a0dd-4a503bf7f766
834,1788891993,1310328,14,29,0,0,834,0,720197,960163,4fa33dcb-5f76-5f76-aea8-330df7ada03e,4fa33dcb-5f76-5f76-aea8-330df7ada03e
835,1788892022,1310328,14,29,0,0,835,0,721064,961321,6ede00d0-baf4-573f-a0dd-4a503bf7f766,6ede00d0-baf4-573f-a0dd-4a503bf7f766
836,1788892051,1310328,14,29,0,0,836,0,721928,962471,4fa33dcb-5f76-5f76-aea8-330df7ada03e,4fa33dcb-5f76-5f76-aea8-330df7ada03e
837,1788892080,1310328,14,29,0,0,837,0,722793,963626,6ede00d0-baf4-573f-a0dd-4a503bf7f766,6ede00d0-baf4-573f-a0dd-4a503bf7f766
838,1788892109,1310328,14,29,0,0,838,0,723657,964776,4fa33dcb-5f76-5f76-aea8-330df7ada03e,4fa33dcb-5f76-5f76-aea8-330df7ada03e
839,1788892138,1310328,14,29,0,0,839,0,724521,965929,6ede00d0-baf4-573f-a0dd-4a503bf7f766,6ede00d0-baf4-573f-a0dd-4a503bf7f766
840,1788892166,1310328,14,29,0,0,840,0,725388,967084,4fa33dcb-5f76-5f76-aea8-330df7ada03e,4fa33dcb-5f76-5f76-aea8-330df7ada03e
841,1788892195,1310332,14,29,0,0,841,0,726252,968236,6ede00d0-baf4-573f-a0dd-4a503bf7f766,6ede00d0-baf4-573f-a0dd-4a503bf7f766
842,1788892224,1310332,14,29,0,0,842,0,727116,969387,4fa33dcb-5f76-5f76-aea8-330df7ada03e,4fa33dcb-5f76-5f76-aea8-330df7ada03e
843,1788892253,1310332,14,29,0,0,843,0,727980,970540,6ede00d0-baf4-573f-a0dd-4a503bf7f766,6ede00d0-baf4-573f-a0dd-4a503bf7f766
844,1788892282,1310332,14,29,0,0,844,0,728844,971690,4fa33dcb-5f76-5f76-aea8-330df7ada03e,4fa33dcb-5f76-5f76-aea8-330df7ada03e
845,1788892310,1310332,14,29,0,0,845,0,729710,972847,6ede00d0-baf4-573f-a0dd-4a503bf7f766,6ede00d0-baf4-573f-a0dd-4a503bf7f766
846,1788892339,1310332,14,29,0,0,846,0,730574,973997,4fa33dcb-5f76-5f76-aea8-330df7ada03e,4fa33dcb-5f76-5f76-aea8-330df7ada03e
847,1788892368,1310332,14,29,0,0,847,0,731438,975150,6ede00d0-baf4-573f-a0dd-4a503bf7f766,6ede00d0-baf4-573f-a0dd-4a503bf7f766
848,1788892397,1310332,14,29,0,0,848,0,732302,976300,4fa33dcb-5f76-5f76-aea8-330df7ada03e,4fa33dcb-5f76-5f76-aea8-330df7ada03e
849,1788892426,1310332,14,29,0,0,849,0,733166,977453,6ede00d0-baf4-573f-a0dd-4a503bf7f766,6ede00d0-baf4-573f-a0dd-4a503bf7f766
850,1788892454,1310332,14,29,0,0,850,0,734032,978607,4fa33dcb-5f76-5f76-aea8-330df7ada03e,4fa33dcb-5f76-5f76-aea8-330df7ada03e
851,1788892483,1310332,14,29,0,0,851,0,734895,979759,6ede00d0-baf4-573f-a0dd-4a503bf7f766,6ede00d0-baf4-573f-a0dd-4a503bf7f766
852,1788892512,1310332,14,29,0,0,852,0,735759,980910,4fa33dcb-5f76-5f76-aea8-330df7ada03e,4fa33dcb-5f76-5f76-aea8-330df7ada03e
853,1788892541,1310332,14,29,0,0,853,0,736623,982063,6ede00d0-baf4-573f-a0dd-4a503bf7f766,6ede00d0-baf4-573f-a0dd-4a503bf7f766
854,1788892569,1310332,14,29,0,0,854,0,737487,983213,4fa33dcb-5f76-5f76-aea8-330df7ada03e,4fa33dcb-5f76-5f76-aea8-330df7ada03e
855,1788892598,1310332,14,29,0,0,855,0,738353,984369,6ede00d0-baf4-573f-a0dd-4a503bf7f766,6ede00d0-baf4-573f-a0dd-4a503bf7f766
856,1788892627,1310332,14,29,0,0,856,0,739217,985519,4fa33dcb-5f76-5f76-aea8-330df7ada03e,4fa33dcb-5f76-5f76-aea8-330df7ada03e
857,1788892656,1310336,14,29,0,0,857,0,740081,986673,6ede00d0-baf4-573f-a0dd-4a503bf7f766,6ede00d0-baf4-573f-a0dd-4a503bf7f766
858,1788892685,1310336,14,29,0,0,858,0,740945,987824,4fa33dcb-5f76-5f76-aea8-330df7ada03e,4fa33dcb-5f76-5f76-aea8-330df7ada03e
859,1788892713,1310336,14,29,0,0,859,0,741809,988977,6ede00d0-baf4-573f-a0dd-4a503bf7f766,6ede00d0-baf4-573f-a0dd-4a503bf7f766
860,1788892742,1310336,14,29,0,0,860,0,742679,990135,4fa33dcb-5f76-5f76-aea8-330df7ada03e,4fa33dcb-5f76-5f76-aea8-330df7ada03e
861,1788892771,1310336,14,29,0,0,861,0,743543,991288,6ede00d0-baf4-573f-a0dd-4a503bf7f766,6ede00d0-baf4-573f-a0dd-4a503bf7f766
862,1788892800,1310336,14,29,0,0,862,0,744407,992439,4fa33dcb-5f76-5f76-aea8-330df7ada03e,4fa33dcb-5f76-5f76-aea8-330df7ada03e
863,1788892829,1310336,14,29,0,0,863,0,745271,993592,6ede00d0-baf4-573f-a0dd-4a503bf7f766,6ede00d0-baf4-573f-a0dd-4a503bf7f766
864,1788892858,1310336,14,29,0,0,864,0,746135,994742,4fa33dcb-5f76-5f76-aea8-330df7ada03e,4fa33dcb-5f76-5f76-aea8-330df7ada03e
865,1788892886,1310336,14,29,0,0,865,0,747002,995899,6ede00d0-baf4-573f-a0dd-4a503bf7f766,6ede00d0-baf4-573f-a0dd-4a503bf7f766
866,1788892915,1310336,14,29,0,0,866,0,747865,997049,4fa33dcb-5f76-5f76-aea8-330df7ada03e,4fa33dcb-5f76-5f76-aea8-330df7ada03e
867,1788892944,1310336,14,29,0,0,867,0,748730,998202,6ede00d0-baf4-573f-a0dd-4a503bf7f766,6ede00d0-baf4-573f-a0dd-4a503bf7f766
868,1788892973,1310336,14,29,0,0,868,0,749593,999352,4fa33dcb-5f76-5f76-aea8-330df7ada03e,4fa33dcb-5f76-5f76-aea8-330df7ada03e
869,1788893002,1310336,14,29,0,0,869,0,750457,1000505,6ede00d0-baf4-573f-a0dd-4a503bf7f766,6ede00d0-baf4-573f-a0dd-4a503bf7f766
870,1788893031,1310336,14,29,0,0,870,0,751327,1001664,4fa33dcb-5f76-5f76-aea8-330df7ada03e,4fa33dcb-5f76-5f76-aea8-330df7ada03e
871,1788893059,1310336,14,29,0,0,871,0,752192,1002818,6ede00d0-baf4-573f-a0dd-4a503bf7f766,6ede00d0-baf4-573f-a0dd-4a503bf7f766
872,1788893088,1310336,14,29,0,0,872,0,753056,1003968,4fa33dcb-5f76-5f76-aea8-330df7ada03e,4fa33dcb-5f76-5f76-aea8-330df7ada03e
873,1788893117,1310336,14,29,0,0,873,0,753920,1005121,6ede00d0-baf4-573f-a0dd-4a503bf7f766,6ede00d0-baf4-573f-a0dd-4a503bf7f766
874,1788893146,1310336,14,29,0,0,874,0,754784,1006272,4fa33dcb-5f76-5f76-aea8-330df7ada03e,4fa33dcb-5f76-5f76-aea8-330df7ada03e
875,1788893175,1310340,14,29,0,0,875,0,755651,1007429,6ede00d0-baf4-573f-a0dd-4a503bf7f766,6ede00d0-baf4-573f-a0dd-4a503bf7f766
876,1788893203,1310340,14,29,0,0,876,0,756515,1008581,4fa33dcb-5f76-5f76-aea8-330df7ada03e,4fa33dcb-5f76-5f76-aea8-330df7ada03e
877,1788893232,1310340,14,29,0,0,877,0,757379,1009733,6ede00d0-baf4-573f-a0dd-4a503bf7f766,6ede00d0-baf4-573f-a0dd-4a503bf7f766
878,1788893261,1310340,14,29,0,0,878,0,758243,1010884,4fa33dcb-5f76-5f76-aea8-330df7ada03e,4fa33dcb-5f76-5f76-aea8-330df7ada03e
879,1788893290,1310340,14,29,0,0,879,0,759107,1012037,6ede00d0-baf4-573f-a0dd-4a503bf7f766,6ede00d0-baf4-573f-a0dd-4a503bf7f766
880,1788893319,1310340,14,29,0,0,880,0,759974,1013191,4fa33dcb-5f76-5f76-aea8-330df7ada03e,4fa33dcb-5f76-5f76-aea8-330df7ada03e
881,1788893347,1310340,14,29,0,0,881,0,760837,1014344,6ede00d0-baf4-573f-a0dd-4a503bf7f766,6ede00d0-baf4-573f-a0dd-4a503bf7f766
882,1788893376,1310340,14,29,0,0,882,0,761701,1015494,4fa33dcb-5f76-5f76-aea8-330df7ada03e,4fa33dcb-5f76-5f76-aea8-330df7ada03e
883,1788893405,1310340,14,29,0,0,883,0,762567,1016650,6ede00d0-baf4-573f-a0dd-4a503bf7f766,6ede00d0-baf4-573f-a0dd-4a503bf7f766
884,1788893434,1310340,14,29,0,0,884,0,763432,1017801,4fa33dcb-5f76-5f76-aea8-330df7ada03e,4fa33dcb-5f76-5f76-aea8-330df7ada03e
885,1788893463,1310340,14,29,0,0,885,0,764298,1018957,6ede00d0-baf4-573f-a0dd-4a503bf7f766,6ede00d0-baf4-573f-a0dd-4a503bf7f766
886,1788893491,1310340,14,29,0,0,886,0,765162,1020108,4fa33dcb-5f76-5f76-aea8-330df7ada03e,4fa33dcb-5f76-5f76-aea8-330df7ada03e
887,1788893520,1310340,14,29,0,0,887,0,766026,1021261,6ede00d0-baf4-573f-a0dd-4a503bf7f766,6ede00d0-baf4-573f-a0dd-4a503bf7f766
888,1788893549,1310340,14,29,0,0,888,0,766890,1022411,4fa33dcb-5f76-5f76-aea8-330df7ada03e,4fa33dcb-5f76-5f76-aea8-330df7ada03e
889,1788893578,1310340,14,29,0,0,889,0,767753,1023564,6ede00d0-baf4-573f-a0dd-4a503bf7f766,6ede00d0-baf4-573f-a0dd-4a503bf7f766
890,1788893607,1310340,14,29,0,0,890,0,768620,1024718,4fa33dcb-5f76-5f76-aea8-330df7ada03e,4fa33dcb-5f76-5f76-aea8-330df7ada03e
891,1788893635,1310344,14,29,0,0,891,0,769484,1025871,6ede00d0-baf4-573f-a0dd-4a503bf7f766,6ede00d0-baf4-573f-a0dd-4a503bf7f766
892,1788893664,1310344,14,29,0,0,892,0,770348,1027021,4fa33dcb-5f76-5f76-aea8-330df7ada03e,4fa33dcb-5f76-5f76-aea8-330df7ada03e
893,1788893693,1310344,14,29,0,0,893,0,771212,1028174,6ede00d0-baf4-573f-a0dd-4a503bf7f766,6ede00d0-baf4-573f-a0dd-4a503bf7f766
894,1788893722,1310344,14,29,0,0,894,0,772076,1029325,4fa33dcb-5f76-5f76-aea8-330df7ada03e,4fa33dcb-5f76-5f76-aea8-330df7ada03e
895,1788893751,1310344,14,29,0,0,895,0,772942,1030481,6ede00d0-baf4-573f-a0dd-4a503bf7f766,6ede00d0-baf4-573f-a0dd-4a503bf7f766
896,1788893779,1310344,14,29,0,0,896,0,773807,1031633,4fa33dcb-5f76-5f76-aea8-330df7ada03e,4fa33dcb-5f76-5f76-aea8-330df7ada03e
897,1788893808,1310520,14,29,0,0,897,0,774671,1032785,6ede00d0-baf4-573f-a0dd-4a503bf7f766,6ede00d0-baf4-573f-a0dd-4a503bf7f766
898,1788893837,1310520,14,29,0,0,898,0,775535,1033936,4fa33dcb-5f76-5f76-aea8-330df7ada03e,4fa33dcb-5f76-5f76-aea8-330df7ada03e
899,1788893866,1310524,14,29,0,0,899,0,776399,1035090,6ede00d0-baf4-573f-a0dd-4a503bf7f766,6ede00d0-baf4-573f-a0dd-4a503bf7f766
900,1788893895,1310524,14,29,0,0,900,0,777266,1036244,4fa33dcb-5f76-5f76-aea8-330df7ada03e,4fa33dcb-5f76-5f76-aea8-330df7ada03e
901,1788893923,1310524,14,29,0,0,901,0,778130,1037398,6ede00d0-baf4-573f-a0dd-4a503bf7f766,6ede00d0-baf4-573f-a0dd-4a503bf7f766
902,1788893952,1310524,14,29,0,0,902,0,778995,1038549,4fa33dcb-5f76-5f76-aea8-330df7ada03e,4fa33dcb-5f76-5f76-aea8-330df7ada03e
903,1788893981,1310524,14,29,0,0,903,0,779859,1039702,6ede00d0-baf4-573f-a0dd-4a503bf7f766,6ede00d0-baf4-573f-a0dd-4a503bf7f766
904,1788894010,1310524,14,29,0,0,904,0,780723,1040853,4fa33dcb-5f76-5f76-aea8-330df7ada03e,4fa33dcb-5f76-5f76-aea8-330df7ada03e
905,1788894039,1310524,14,29,0,0,905,0,781590,1042009,6ede00d0-baf4-573f-a0dd-4a503bf7f766,6ede00d0-baf4-573f-a0dd-4a503bf7f766
906,1788894067,1310524,14,29,0,0,906,0,782453,1043160,4fa33dcb-5f76-5f76-aea8-330df7ada03e,4fa33dcb-5f76-5f76-aea8-330df7ada03e
907,1788894096,1310524,14,29,0,0,907,0,783317,1044313,6ede00d0-baf4-573f-a0dd-4a503bf7f766,6ede00d0-baf4-573f-a0dd-4a503bf7f766
908,1788894125,1310524,14,29,0,0,908,0,784182,1045465,4fa33dcb-5f76-5f76-aea8-330df7ada03e,4fa33dcb-5f76-5f76-aea8-330df7ada03e
909,1788894154,1310524,14,29,0,0,909,0,785046,1046618,6ede00d0-baf4-573f-a0dd-4a503bf7f766,6ede00d0-baf4-573f-a0dd-4a503bf7f766
910,1788894183,1310524,14,29,0,0,910,0,785912,1047772,4fa33dcb-5f76-5f76-aea8-330df7ada03e,4fa33dcb-5f76-5f76-aea8-330df7ada03e
911,1788894211,1310524,14,29,0,0,911,0,786776,1048925,6ede00d0-baf4-573f-a0dd-4a503bf7f766,6ede00d0-baf4-573f-a0dd-4a503bf7f766
912,1788894240,1310524,14,29,0,0,912,0,787640,1050075,4fa33dcb-5f76-5f76-aea8-330df7ada03e,4fa33dcb-5f76-5f76-aea8-330df7ada03e
913,1788894269,1310524,14,29,0,0,913,0,788504,1051228,6ede00d0-baf4-573f-a0dd-4a503bf7f766,6ede00d0-baf4-573f-a0dd-4a503bf7f766
914,1788894298,1310524,14,29,0,0,914,0,789368,1052379,4fa33dcb-5f76-5f76-aea8-330df7ada03e,4fa33dcb-5f76-5f76-aea8-330df7ada03e
915,1788894327,1310524,14,29,0,0,915,0,790234,1053535,6ede00d0-baf4-573f-a0dd-4a503bf7f766,6ede00d0-baf4-573f-a0dd-4a503bf7f766
916,1788894355,1310528,14,29,0,0,916,0,791098,1054685,4fa33dcb-5f76-5f76-aea8-330df7ada03e,4fa33dcb-5f76-5f76-aea8-330df7ada03e
917,1788894384,1310528,14,29,0,0,917,0,791962,1055838,6ede00d0-baf4-573f-a0dd-4a503bf7f766,6ede00d0-baf4-573f-a0dd-4a503bf7f766
918,1788894413,1310528,14,29,0,0,918,0,792826,1056989,4fa33dcb-5f76-5f76-aea8-330df7ada03e,4fa33dcb-5f76-5f76-aea8-330df7ada03e
919,1788894442,1310528,14,29,0,0,919,0,793690,1058143,6ede00d0-baf4-573f-a0dd-4a503bf7f766,6ede00d0-baf4-573f-a0dd-4a503bf7f766
920,1788894471,1310528,14,29,0,0,920,0,794557,1059296,4fa33dcb-5f76-5f76-aea8-330df7ada03e,4fa33dcb-5f76-5f76-aea8-330df7ada03e
921,1788894499,1310528,14,29,0,0,921,0,795420,1060448,6ede00d0-baf4-573f-a0dd-4a503bf7f766,6ede00d0-baf4-573f-a0dd-4a503bf7f766
922,1788894528,1310528,14,29,0,0,922,0,796283,1061599,4fa33dcb-5f76-5f76-aea8-330df7ada03e,4fa33dcb-5f76-5f76-aea8-330df7ada03e
923,1788894557,1310528,14,29,0,0,923,0,797147,1062752,6ede00d0-baf4-573f-a0dd-4a503bf7f766,6ede00d0-baf4-573f-a0dd-4a503bf7f766
924,1788894586,1310528,14,29,0,0,924,0,798012,1063903,4fa33dcb-5f76-5f76-aea8-330df7ada03e,4fa33dcb-5f76-5f76-aea8-330df7ada03e
925,1788894615,1310528,14,29,0,0,925,0,798878,1065060,6ede00d0-baf4-573f-a0dd-4a503bf7f766,6ede00d0-baf4-573f-a0dd-4a503bf7f766
926,1788894643,1310528,14,29,0,0,926,0,799742,1066210,4fa33dcb-5f76-5f76-aea8-330df7ada03e,4fa33dcb-5f76-5f76-aea8-330df7ada03e
927,1788894672,1310528,14,29,0,0,927,0,800606,1067364,6ede00d0-baf4-573f-a0dd-4a503bf7f766,6ede00d0-baf4-573f-a0dd-4a503bf7f766
928,1788894701,1310528,14,29,0,0,928,0,801470,1068514,4fa33dcb-5f76-5f76-aea8-330df7ada03e,4fa33dcb-5f76-5f76-aea8-330df7ada03e
929,1788894730,1310528,14,29,0,0,929,0,802335,1069668,6ede00d0-baf4-573f-a0dd-4a503bf7f766,6ede00d0-baf4-573f-a0dd-4a503bf7f766
930,1788894759,1310528,14,29,0,0,930,0,803202,1070822,4fa33dcb-5f76-5f76-aea8-330df7ada03e,4fa33dcb-5f76-5f76-aea8-330df7ada03e
931,1788894788,1310528,14,29,0,0,931,0,804066,1071975,6ede00d0-baf4-573f-a0dd-4a503bf7f766,6ede00d0-baf4-573f-a0dd-4a503bf7f766
932,1788894816,1310528,14,29,0,0,932,0,804930,1073127,4fa33dcb-5f76-5f76-aea8-330df7ada03e,4fa33dcb-5f76-5f76-aea8-330df7ada03e
933,1788894845,1310528,14,29,0,0,933,0,805794,1074280,6ede00d0-baf4-573f-a0dd-4a503bf7f766,6ede00d0-baf4-573f-a0dd-4a503bf7f766
934,1788894874,1310532,14,29,0,0,934,0,806659,1075431,4fa33dcb-5f76-5f76-aea8-330df7ada03e,4fa33dcb-5f76-5f76-aea8-330df7ada03e
935,1788894903,1310532,14,29,0,0,935,0,807525,1076587,6ede00d0-baf4-573f-a0dd-4a503bf7f766,6ede00d0-baf4-573f-a0dd-4a503bf7f766
936,1788894932,1310532,14,29,0,0,936,0,808389,1077737,4fa33dcb-5f76-5f76-aea8-330df7ada03e,4fa33dcb-5f76-5f76-aea8-330df7ada03e
937,1788894960,1310532,14,29,0,0,937,0,809253,1078891,6ede00d0-baf4-573f-a0dd-4a503bf7f766,6ede00d0-baf4-573f-a0dd-4a503bf7f766
938,1788894989,1310532,14,29,0,0,938,0,810116,1080041,4fa33dcb-5f76-5f76-aea8-330df7ada03e,4fa33dcb-5f76-5f76-aea8-330df7ada03e
939,1788895018,1310532,14,29,0,0,939,0,810980,1081193,6ede00d0-baf4-573f-a0dd-4a503bf7f766,6ede00d0-baf4-573f-a0dd-4a503bf7f766
940,1788895047,1310532,14,29,0,0,940,0,811846,1082347,4fa33dcb-5f76-5f76-aea8-330df7ada03e,4fa33dcb-5f76-5f76-aea8-330df7ada03e
941,1788895076,1310532,14,29,0,0,941,0,812710,1083500,6ede00d0-baf4-573f-a0dd-4a503bf7f766,6ede00d0-baf4-573f-a0dd-4a503bf7f766
942,1788895104,1310532,14,29,0,0,942,0,813574,1084651,4fa33dcb-5f76-5f76-aea8-330df7ada03e,4fa33dcb-5f76-5f76-aea8-330df7ada03e
943,1788895133,1310532,14,29,0,0,943,0,814438,1085803,6ede00d0-baf4-573f-a0dd-4a503bf7f766,6ede00d0-baf4-573f-a0dd-4a503bf7f766
944,1788895162,1310532,14,29,0,0,944,0,815303,1086956,4fa33dcb-5f76-5f76-aea8-330df7ada03e,4fa33dcb-5f76-5f76-aea8-330df7ada03e
945,1788895191,1310532,14,29,0,0,945,0,816172,1088115,6ede00d0-baf4-573f-a0dd-4a503bf7f766,6ede00d0-baf4-573f-a0dd-4a503bf7f766
946,1788895220,1310532,14,29,0,0,946,0,817036,1089265,4fa33dcb-5f76-5f76-aea8-330df7ada03e,4fa33dcb-5f76-5f76-aea8-330df7ada03e
947,1788895248,1310532,14,29,0,0,947,0,817900,1090418,6ede00d0-baf4-573f-a0dd-4a503bf7f766,6ede00d0-baf4-573f-a0dd-4a503bf7f766
948,1788895277,1310532,14,29,0,0,948,0,818763,1091568,4fa33dcb-5f76-5f76-aea8-330df7ada03e,4fa33dcb-5f76-5f76-aea8-330df7ada03e
949,1788895306,1310532,14,29,0,0,949,0,819627,1092721,6ede00d0-baf4-573f-a0dd-4a503bf7f766,6ede00d0-baf4-573f-a0dd-4a503bf7f766
950,1788895335,1310536,14,29,0,0,950,0,820493,1093874,4fa33dcb-5f76-5f76-aea8-330df7ada03e,4fa33dcb-5f76-5f76-aea8-330df7ada03e
951,1788895364,1310536,14,29,0,0,951,0,821357,1095027,6ede00d0-baf4-573f-a0dd-4a503bf7f766,6ede00d0-baf4-573f-a0dd-4a503bf7f766
952,1788895392,1310536,14,29,0,0,952,0,822221,1096178,4fa33dcb-5f76-5f76-aea8-330df7ada03e,4fa33dcb-5f76-5f76-aea8-330df7ada03e
953,1788895421,1310536,14,29,0,0,953,0,823085,1097331,6ede00d0-baf4-573f-a0dd-4a503bf7f766,6ede00d0-baf4-573f-a0dd-4a503bf7f766
954,1788895450,1310536,14,29,0,0,954,0,823950,1098482,4fa33dcb-5f76-5f76-aea8-330df7ada03e,4fa33dcb-5f76-5f76-aea8-330df7ada03e
955,1788895479,1310536,14,29,0,0,955,0,824816,1099639,6ede00d0-baf4-573f-a0dd-4a503bf7f766,6ede00d0-baf4-573f-a0dd-4a503bf7f766
956,1788895508,1310536,14,29,0,0,956,0,825679,1100789,4fa33dcb-5f76-5f76-aea8-330df7ada03e,4fa33dcb-5f76-5f76-aea8-330df7ada03e
957,1788895536,1310536,14,29,0,0,957,0,826543,1101942,6ede00d0-baf4-573f-a0dd-4a503bf7f766,6ede00d0-baf4-573f-a0dd-4a503bf7f766
958,1788895565,1310536,14,29,0,0,958,0,827408,1103094,4fa33dcb-5f76-5f76-aea8-330df7ada03e,4fa33dcb-5f76-5f76-aea8-330df7ada03e
959,1788895594,1310536,14,29,0,0,959,0,828272,1104247,6ede00d0-baf4-573f-a0dd-4a503bf7f766,6ede00d0-baf4-573f-a0dd-4a503bf7f766
960,1788895623,1310536,14,29,0,0,960,0,829138,1105401,4fa33dcb-5f76-5f76-aea8-330df7ada03e,4fa33dcb-5f76-5f76-aea8-330df7ada03e
961,1788895652,1310536,14,29,0,0,961,0,830002,1106554,6ede00d0-baf4-573f-a0dd-4a503bf7f766,6ede00d0-baf4-573f-a0dd-4a503bf7f766
962,1788895680,1310536,14,29,0,0,962,0,830866,1107704,4fa33dcb-5f76-5f76-aea8-330df7ada03e,4fa33dcb-5f76-5f76-aea8-330df7ada03e
963,1788895709,1310536,14,29,0,0,963,0,831730,1108857,6ede00d0-baf4-573f-a0dd-4a503bf7f766,6ede00d0-baf4-573f-a0dd-4a503bf7f766
964,1788895738,1310536,14,29,0,0,964,0,832594,1110008,4fa33dcb-5f76-5f76-aea8-330df7ada03e,4fa33dcb-5f76-5f76-aea8-330df7ada03e
965,1788895767,1310540,14,29,0,0,965,0,833461,1111164,6ede00d0-baf4-573f-a0dd-4a503bf7f766,6ede00d0-baf4-573f-a0dd-4a503bf7f766
966,1788895796,1310540,14,29,0,0,966,0,834325,1112315,4fa33dcb-5f76-5f76-aea8-330df7ada03e,4fa33dcb-5f76-5f76-aea8-330df7ada03e
967,1788895824,1310540,14,29,0,0,967,0,835189,1113469,6ede00d0-baf4-573f-a0dd-4a503bf7f766,6ede00d0-baf4-573f-a0dd-4a503bf7f766
968,1788895853,1310540,14,29,0,0,968,0,836053,1114619,4fa33dcb-5f76-5f76-aea8-330df7ada03e,4fa33dcb-5f76-5f76-aea8-330df7ada03e
969,1788895882,1310540,14,29,0,0,969,0,836917,1115772,6ede00d0-baf4-573f-a0dd-4a503bf7f766,6ede00d0-baf4-573f-a0dd-4a503bf7f766
970,1788895911,1310540,14,29,0,0,970,0,837784,1116927,4fa33dcb-5f76-5f76-aea8-330df7ada03e,4fa33dcb-5f76-5f76-aea8-330df7ada03e
971,1788895940,1310540,14,29,0,0,971,0,838648,1118080,6ede00d0-baf4-573f-a0dd-4a503bf7f766,6ede00d0-baf4-573f-a0dd-4a503bf7f766
972,1788895968,1310540,14,29,0,0,972,0,839513,1119232,4fa33dcb-5f76-5f76-aea8-330df7ada03e,4fa33dcb-5f76-5f76-aea8-330df7ada03e
973,1788895997,1310540,14,29,0,0,973,0,840378,1120386,6ede00d0-baf4-573f-a0dd-4a503bf7f766,6ede00d0-baf4-573f-a0dd-4a503bf7f766
974,1788896026,1310540,14,29,0,0,974,0,841241,1121537,4fa33dcb-5f76-5f76-aea8-330df7ada03e,4fa33dcb-5f76-5f76-aea8-330df7ada03e
975,1788896055,1310540,14,29,0,0,975,0,842108,1122693,6ede00d0-baf4-573f-a0dd-4a503bf7f766,6ede00d0-baf4-573f-a0dd-4a503bf7f766
976,1788896084,1310540,14,29,0,0,976,0,842971,1123844,4fa33dcb-5f76-5f76-aea8-330df7ada03e,4fa33dcb-5f76-5f76-aea8-330df7ada03e
977,1788896112,1310540,14,29,0,0,977,0,843836,1124997,6ede00d0-baf4-573f-a0dd-4a503bf7f766,6ede00d0-baf4-573f-a0dd-4a503bf7f766
978,1788896141,1310540,14,29,0,0,978,0,844700,1126148,4fa33dcb-5f76-5f76-aea8-330df7ada03e,4fa33dcb-5f76-5f76-aea8-330df7ada03e
979,1788896170,1310540,14,29,0,0,979,0,845563,1127300,6ede00d0-baf4-573f-a0dd-4a503bf7f766,6ede00d0-baf4-573f-a0dd-4a503bf7f766
980,1788896199,1310540,14,29,0,0,980,0,846430,1128455,4fa33dcb-5f76-5f76-aea8-330df7ada03e,4fa33dcb-5f76-5f76-aea8-330df7ada03e
981,1788896228,1310580,14,29,0,0,981,0,847294,1129607,6ede00d0-baf4-573f-a0dd-4a503bf7f766,6ede00d0-baf4-573f-a0dd-4a503bf7f766
982,1788896256,1310580,14,29,0,0,982,0,848158,1130758,4fa33dcb-5f76-5f76-aea8-330df7ada03e,4fa33dcb-5f76-5f76-aea8-330df7ada03e
983,1788896285,1310624,14,29,0,0,983,0,849022,1131911,6ede00d0-baf4-573f-a0dd-4a503bf7f766,6ede00d0-baf4-573f-a0dd-4a503bf7f766
984,1788896314,1316172,14,29,0,0,984,0,849887,1133063,4fa33dcb-5f76-5f76-aea8-330df7ada03e,4fa33dcb-5f76-5f76-aea8-330df7ada03e
985,1788896343,1316172,14,29,0,0,985,0,850753,1134219,6ede00d0-baf4-573f-a0dd-4a503bf7f766,6ede00d0-baf4-573f-a0dd-4a503bf7f766
986,1788896372,1316172,14,29,0,0,986,0,851618,1135370,4fa33dcb-5f76-5f76-aea8-330df7ada03e,4fa33dcb-5f76-5f76-aea8-330df7ada03e
987,1788896401,1316172,14,29,0,0,987,0,852482,1136522,6ede00d0-baf4-573f-a0dd-4a503bf7f766,6ede00d0-baf4-573f-a0dd-4a503bf7f766
988,1788896429,1316172,14,29,0,0,988,0,853346,1137673,4fa33dcb-5f76-5f76-aea8-330df7ada03e,4fa33dcb-5f76-5f76-aea8-330df7ada03e
989,1788896458,1316172,14,29,0,0,989,0,854209,1138826,6ede00d0-baf4-573f-a0dd-4a503bf7f766,6ede00d0-baf4-573f-a0dd-4a503bf7f766
990,1788896487,1316172,14,29,0,0,990,0,855076,1139980,4fa33dcb-5f76-5f76-aea8-330df7ada03e,4fa33dcb-5f76-5f76-aea8-330df7ada03e
991,1788896516,1316172,14,29,0,0,991,0,855940,1141133,6ede00d0-baf4-573f-a0dd-4a503bf7f766,6ede00d0-baf4-573f-a0dd-4a503bf7f766
992,1788896545,1316212,14,29,0,0,992,0,856804,1142284,4fa33dcb-5f76-5f76-aea8-330df7ada03e,4fa33dcb-5f76-5f76-aea8-330df7ada03e
993,1788896573,1321796,14,29,0,0,993,0,857669,1143437,6ede00d0-baf4-573f-a0dd-4a503bf7f766,6ede00d0-baf4-573f-a0dd-4a503bf7f766
994,1788896602,1321796,14,29,0,0,994,0,858533,1144589,4fa33dcb-5f76-5f76-aea8-330df7ada03e,4fa33dcb-5f76-5f76-aea8-330df7ada03e
995,1788896631,1321796,14,29,0,0,995,0,859400,1145745,6ede00d0-baf4-573f-a0dd-4a503bf7f766,6ede00d0-baf4-573f-a0dd-4a503bf7f766
996,1788896660,1321796,14,29,0,0,996,0,860264,1146897,4fa33dcb-5f76-5f76-aea8-330df7ada03e,4fa33dcb-5f76-5f76-aea8-330df7ada03e
997,1788896689,1321796,14,29,0,0,997,0,861128,1148049,6ede00d0-baf4-573f-a0dd-4a503bf7f766,6ede00d0-baf4-573f-a0dd-4a503bf7f766
998,1788896717,1321796,14,29,0,0,998,0,861992,1149200,4fa33dcb-5f76-5f76-aea8-330df7ada03e,4fa33dcb-5f76-5f76-aea8-330df7ada03e
999,1788896746,1321800,14,29,0,0,999,0,862857,1150354,6ede00d0-baf4-573f-a0dd-4a503bf7f766,6ede00d0-baf4-573f-a0dd-4a503bf7f766
1000,1788896775,1321800,14,29,0,0,1000,0,863723,1151508,4fa33dcb-5f76-5f76-aea8-330df7ada03e,4fa33dcb-5f76-5f76-aea8-330df7ada03e
1001,1788896804,1321800,14,29,0,0,1001,0,864587,1152661,6ede00d0-baf4-573f-a0dd-4a503bf7f766,6ede00d0-baf4-573f-a0dd-4a503bf7f766
1002,1788896833,1321800,14,29,0,0,1002,0,865451,1153812,4fa33dcb-5f76-5f76-aea8-330df7ada03e,4fa33dcb-5f76-5f76-aea8-330df7ada03e
1003,1788896861,1321800,14,29,0,0,1003,0,866316,1154966,6ede00d0-baf4-573f-a0dd-4a503bf7f766,6ede00d0-baf4-573f-a0dd-4a503bf7f766
1004,1788896890,1321800,14,29,0,0,1004,0,867180,1156116,4fa33dcb-5f76-5f76-aea8-330df7ada03e,4fa33dcb-5f76-5f76-aea8-330df7ada03e
1005,1788896919,1321800,14,29,0,0,1005,0,868047,1157273,6ede00d0-baf4-573f-a0dd-4a503bf7f766,6ede00d0-baf4-573f-a0dd-4a503bf7f766
1006,1788896948,1321800,14,29,0,0,1006,0,868911,1158424,4fa33dcb-5f76-5f76-aea8-330df7ada03e,4fa33dcb-5f76-5f76-aea8-330df7ada03e
1007,1788896977,1321800,14,29,0,0,1007,0,869775,1159576,6ede00d0-baf4-573f-a0dd-4a503bf7f766,6ede00d0-baf4-573f-a0dd-4a503bf7f766
1008,1788897005,1321800,14,29,0,0,1008,0,870640,1160729,4fa33dcb-5f76-5f76-aea8-330df7ada03e,4fa33dcb-5f76-5f76-aea8-330df7ada03e
1009,1788897034,1321800,14,29,0,0,1009,0,871504,1161881,6ede00d0-baf4-573f-a0dd-4a503bf7f766,6ede00d0-baf4-573f-a0dd-4a503bf7f766
1010,1788897063,1321800,14,29,0,0,1010,0,872370,1163036,4fa33dcb-5f76-5f76-aea8-330df7ada03e,4fa33dcb-5f76-5f76-aea8-330df7ada03e
1011,1788897092,1321800,14,29,0,0,1011,0,873235,1164190,6ede00d0-baf4-573f-a0dd-4a503bf7f766,6ede00d0-baf4-573f-a0dd-4a503bf7f766
1012,1788897121,1321800,14,29,0,0,1012,0,874099,1165340,4fa33dcb-5f76-5f76-aea8-330df7ada03e,4fa33dcb-5f76-5f76-aea8-330df7ada03e
1013,1788897149,1321800,14,29,0,0,1013,0,874963,1166493,6ede00d0-baf4-573f-a0dd-4a503bf7f766,6ede00d0-baf4-573f-a0dd-4a503bf7f766
1014,1788897178,1321800,14,29,0,0,1014,0,875827,1167644,4fa33dcb-5f76-5f76-aea8-330df7ada03e,4fa33dcb-5f76-5f76-aea8-330df7ada03e
1015,1788897207,1321804,14,29,0,0,1015,0,876693,1168800,6ede00d0-baf4-573f-a0dd-4a503bf7f766,6ede00d0-baf4-573f-a0dd-4a503bf7f766
1016,1788897236,1321804,14,29,0,0,1016,0,877559,1169952,4fa33dcb-5f76-5f76-aea8-330df7ada03e,4fa33dcb-5f76-5f76-aea8-330df7ada03e
1017,1788897265,1321804,14,29,0,0,1017,0,878422,1171105,6ede00d0-baf4-573f-a0dd-4a503bf7f766,6ede00d0-baf4-573f-a0dd-4a503bf7f766
1018,1788897293,1321804,14,29,0,0,1018,0,879287,1172256,4fa33dcb-5f76-5f76-aea8-330df7ada03e,4fa33dcb-5f76-5f76-aea8-330df7ada03e
1019,1788897322,1321804,14,29,0,0,1019,0,880150,1173408,6ede00d0-baf4-573f-a0dd-4a503bf7f766,6ede00d0-baf4-573f-a0dd-4a503bf7f766
1020,1788897351,1321804,14,29,0,0,1020,0,881017,1174562,4fa33dcb-5f76-5f76-aea8-330df7ada03e,4fa33dcb-5f76-5f76-aea8-330df7ada03e
1021,1788897380,1321804,14,29,0,0,1021,0,881880,1175715,6ede00d0-baf4-573f-a0dd-4a503bf7f766,6ede00d0-baf4-573f-a0dd-4a503bf7f766
1022,1788897409,1321804,14,29,0,0,1022,0,882744,1176865,4fa33dcb-5f76-5f76-aea8-330df7ada03e,4fa33dcb-5f76-5f76-aea8-330df7ada03e
1023,1788897437,1321804,14,29,0,0,1023,0,883608,1178018,6ede00d0-baf4-573f-a0dd-4a503bf7f766,6ede00d0-baf4-573f-a0dd-4a503bf7f766
1024,1788897466,1321868,14,29,0,0,1024,0,884471,1179168,4fa33dcb-5f76-5f76-aea8-330df7ada03e,4fa33dcb-5f76-5f76-aea8-330df7ada03e
1025,1788897495,1321868,14,29,0,0,1025,0,885336,1180325,6ede00d0-baf4-573f-a0dd-4a503bf7f766,6ede00d0-baf4-573f-a0dd-4a503bf7f766
1026,1788897524,1321868,14,29,0,0,1026,0,886201,1181477,4fa33dcb-5f76-5f76-aea8-330df7ada03e,4fa33dcb-5f76-5f76-aea8-330df7ada03e
1027,1788897553,1321868,14,29,0,0,1027,0,887066,1182630,6ede00d0-baf4-573f-a0dd-4a503bf7f766,6ede00d0-baf4-573f-a0dd-4a503bf7f766
1028,1788897581,1321868,14,29,0,0,1028,0,887930,1183781,4fa33dcb-5f76-5f76-aea8-330df7ada03e,4fa33dcb-5f76-5f76-aea8-330df7ada03e
1029,1788897610,1321868,14,29,0,0,1029,0,888794,1184934,6ede00d0-baf4-573f-a0dd-4a503bf7f766,6ede00d0-baf4-573f-a0dd-4a503bf7f766
1030,1788897639,1321868,14,29,0,0,1030,0,889660,1186088,4fa33dcb-5f76-5f76-aea8-330df7ada03e,4fa33dcb-5f76-5f76-aea8-330df7ada03e
1031,1788897668,1321872,14,29,0,0,1031,0,890524,1187240,6ede00d0-baf4-573f-a0dd-4a503bf7f766,6ede00d0-baf4-573f-a0dd-4a503bf7f766
1032,1788897697,1321872,14,29,0,0,1032,0,891387,1188391,4fa33dcb-5f76-5f76-aea8-330df7ada03e,4fa33dcb-5f76-5f76-aea8-330df7ada03e
1033,1788897725,1321872,14,29,0,0,1033,0,892251,1189543,6ede00d0-baf4-573f-a0dd-4a503bf7f766,6ede00d0-baf4-573f-a0dd-4a503bf7f766
1034,1788897754,1321872,14,29,0,0,1034,0,893114,1190694,4fa33dcb-5f76-5f76-aea8-330df7ada03e,4fa33dcb-5f76-5f76-aea8-330df7ada03e
1035,1788897783,1321872,14,29,0,0,1035,0,893981,1191850,6ede00d0-baf4-573f-a0dd-4a503bf7f766,6ede00d0-baf4-573f-a0dd-4a503bf7f766
1036,1788897812,1321872,14,29,0,0,1036,0,894845,1193000,4fa33dcb-5f76-5f76-aea8-330df7ada03e,4fa33dcb-5f76-5f76-aea8-330df7ada03e
1037,1788897841,1321872,14,29,0,0,1037,0,895708,1194153,6ede00d0-baf4-573f-a0dd-4a503bf7f766,6ede00d0-baf4-573f-a0dd-4a503bf7f766
1038,1788897869,1321872,14,29,0,0,1038,0,896572,1195303,4fa33dcb-5f76-5f76-aea8-330df7ada03e,4fa33dcb-5f76-5f76-aea8-330df7ada03e
1039,1788897898,1321872,14,29,0,0,1039,0,897436,1196456,6ede00d0-baf4-573f-a0dd-4a503bf7f766,6ede00d0-baf4-573f-a0dd-4a503bf7f766
1040,1788897927,1321872,14,29,0,0,1040,0,898303,1197610,4fa33dcb-5f76-5f76-aea8-330df7ada03e,4fa33dcb-5f76-5f76-aea8-330df7ada03e
1041,1788897956,1321872,14,29,0,0,1041,0,899166,1198763,6ede00d0-baf4-573f-a0dd-4a503bf7f766,6ede00d0-baf4-573f-a0dd-4a503bf7f766
1042,1788897985,1321872,14,29,0,0,1042,0,900030,1199912,4fa33dcb-5f76-5f76-aea8-330df7ada03e,4fa33dcb-5f76-5f76-aea8-330df7ada03e
1043,1788898013,1321872,14,29,0,0,1043,0,900894,1201065,6ede00d0-baf4-573f-a0dd-4a503bf7f766,6ede00d0-baf4-573f-a0dd-4a503bf7f766
1044,1788898042,1321872,14,29,0,0,1044,0,901758,1202216,4fa33dcb-5f76-5f76-aea8-330df7ada03e,4fa33dcb-5f76-5f76-aea8-330df7ada03e
1045,1788898071,1321872,14,29,0,0,1045,0,902625,1203372,6ede00d0-baf4-573f-a0dd-4a503bf7f766,6ede00d0-baf4-573f-a0dd-4a503bf7f766
1046,1788898100,1321872,14,29,0,0,1046,0,903489,1204523,4fa33dcb-5f76-5f76-aea8-330df7ada03e,4fa33dcb-5f76-5f76-aea8-330df7ada03e
1047,1788898129,1321872,14,29,0,0,1047,0,904353,1205676,6ede00d0-baf4-573f-a0dd-4a503bf7f766,6ede00d0-baf4-573f-a0dd-4a503bf7f766
1048,1788898157,1321872,14,29,0,0,1048,0,905216,1206826,4fa33dcb-5f76-5f76-aea8-330df7ada03e,4fa33dcb-5f76-5f76-aea8-330df7ada03e
1049,1788898186,1321876,14,29,0,0,1049,0,906080,1207979,6ede00d0-baf4-573f-a0dd-4a503bf7f766,6ede00d0-baf4-573f-a0dd-4a503bf7f766
1050,1788898215,1321876,14,29,0,0,1050,0,906946,1209132,4fa33dcb-5f76-5f76-aea8-330df7ada03e,4fa33dcb-5f76-5f76-aea8-330df7ada03e
1051,1788898244,1321876,14,29,0,0,1051,0,907810,1210285,6ede00d0-baf4-573f-a0dd-4a503bf7f766,6ede00d0-baf4-573f-a0dd-4a503bf7f766
1052,1788898273,1321876,14,29,0,0,1052,0,908674,1211436,4fa33dcb-5f76-5f76-aea8-330df7ada03e,4fa33dcb-5f76-5f76-aea8-330df7ada03e
1053,1788898301,1321876,14,29,0,0,1053,0,909538,1212588,6ede00d0-baf4-573f-a0dd-4a503bf7f766,6ede00d0-baf4-573f-a0dd-4a503bf7f766
1054,1788898330,1321876,14,29,0,0,1054,0,910401,1213739,4fa33dcb-5f76-5f76-aea8-330df7ada03e,4fa33dcb-5f76-5f76-aea8-330df7ada03e
1055,1788898359,1321876,14,29,0,0,1055,0,911268,1214895,6ede00d0-baf4-573f-a0dd-4a503bf7f766,6ede00d0-baf4-573f-a0dd-4a503bf7f766
1056,1788898388,1321876,14,29,0,0,1056,0,912133,1216047,4fa33dcb-5f76-5f76-aea8-330df7ada03e,4fa33dcb-5f76-5f76-aea8-330df7ada03e
1057,1788898417,1321876,14,29,0,0,1057,0,912997,1217200,6ede00d0-baf4-573f-a0dd-4a503bf7f766,6ede00d0-baf4-573f-a0dd-4a503bf7f766
1058,1788898445,1321876,14,29,0,0,1058,0,913861,1218350,4fa33dcb-5f76-5f76-aea8-330df7ada03e,4fa33dcb-5f76-5f76-aea8-330df7ada03e
1059,1788898474,1321876,14,29,0,0,1059,0,914725,1219504,6ede00d0-baf4-573f-a0dd-4a503bf7f766,6ede00d0-baf4-573f-a0dd-4a503bf7f766
1060,1788898503,1321876,14,29,0,0,1060,0,915592,1220658,4fa33dcb-5f76-5f76-aea8-330df7ada03e,4fa33dcb-5f76-5f76-aea8-330df7ada03e
1061,1788898532,1321876,14,29,0,0,1061,0,916456,1221811,6ede00d0-baf4-573f-a0dd-4a503bf7f766,6ede00d0-baf4-573f-a0dd-4a503bf7f766
1062,1788898561,1321876,14,29,0,0,1062,0,917320,1222961,4fa33dcb-5f76-5f76-aea8-330df7ada03e,4fa33dcb-5f76-5f76-aea8-330df7ada03e
1063,1788898589,1321876,14,29,0,0,1063,0,918184,1224114,6ede00d0-baf4-573f-a0dd-4a503bf7f766,6ede00d0-baf4-573f-a0dd-4a503bf7f766
1064,1788898618,1321876,14,29,0,0,1064,0,919047,1225266,4fa33dcb-5f76-5f76-aea8-330df7ada03e,4fa33dcb-5f76-5f76-aea8-330df7ada03e
1065,1788898647,1321880,14,29,0,0,1065,0,919914,1226422,6ede00d0-baf4-573f-a0dd-4a503bf7f766,6ede00d0-baf4-573f-a0dd-4a503bf7f766
1066,1788898676,1321880,14,29,0,0,1066,0,920779,1227574,4fa33dcb-5f76-5f76-aea8-330df7ada03e,4fa33dcb-5f76-5f76-aea8-330df7ada03e
1067,1788898705,1321880,14,29,0,0,1067,0,921643,1228728,6ede00d0-baf4-573f-a0dd-4a503bf7f766,6ede00d0-baf4-573f-a0dd-4a503bf7f766
1068,1788898733,1321880,14,29,0,0,1068,0,922507,1229878,4fa33dcb-5f76-5f76-aea8-330df7ada03e,4fa33dcb-5f76-5f76-aea8-330df7ada03e
1069,1788898762,1321880,14,29,0,0,1069,0,923371,1231031,6ede00d0-baf4-573f-a0dd-4a503bf7f766,6ede00d0-baf4-573f-a0dd-4a503bf7f766
1070,1788898791,1321880,14,29,0,0,1070,0,924238,1232186,4fa33dcb-5f76-5f76-aea8-330df7ada03e,4fa33dcb-5f76-5f76-aea8-330df7ada03e
1071,1788898820,1321880,14,29,0,0,1071,0,925102,1233338,6ede00d0-baf4-573f-a0dd-4a503bf7f766,6ede00d0-baf4-573f-a0dd-4a503bf7f766
1072,1788898849,1321880,14,29,0,0,1072,0,925966,1234489,4fa33dcb-5f76-5f76-aea8-330df7ada03e,4fa33dcb-5f76-5f76-aea8-330df7ada03e
1073,1788898878,1321880,14,29,0,0,1073,0,926831,1235643,6ede00d0-baf4-573f-a0dd-4a503bf7f766,6ede00d0-baf4-573f-a0dd-4a503bf7f766
1074,1788898906,1321880,14,29,0,0,1074,0,927695,1236794,4fa33dcb-5f76-5f76-aea8-330df7ada03e,4fa33dcb-5f76-5f76-aea8-330df7ada03e
1075,1788898935,1321880,14,29,0,0,1075,0,928562,1237952,6ede00d0-baf4-573f-a0dd-4a503bf7f766,6ede00d0-baf4-573f-a0dd-4a503bf7f766
1076,1788898964,1321880,14,29,0,0,1076,0,929425,1239103,4fa33dcb-5f76-5f76-aea8-330df7ada03e,4fa33dcb-5f76-5f76-aea8-330df7ada03e
1077,1788898993,1321880,14,29,0,0,1077,0,930289,1240256,6ede00d0-baf4-573f-a0dd-4a503bf7f766,6ede00d0-baf4-573f-a0dd-4a503bf7f766
1078,1788899022,1321880,14,29,0,0,1078,0,931153,1241406,4fa33dcb-5f76-5f76-aea8-330df7ada03e,4fa33dcb-5f76-5f76-aea8-330df7ada03e
1079,1788899050,1321880,14,29,0,0,1079,0,932018,1242560,6ede00d0-baf4-573f-a0dd-4a503bf7f766,6ede00d0-baf4-573f-a0dd-4a503bf7f766
1080,1788899079,1321880,14,29,0,0,1080,0,932885,1243714,4fa33dcb-5f76-5f76-aea8-330df7ada03e,4fa33dcb-5f76-5f76-aea8-330df7ada03e
1081,1788899108,1321884,14,29,0,0,1081,0,933749,1244866,6ede00d0-baf4-573f-a0dd-4a503bf7f766,6ede00d0-baf4-573f-a0dd-4a503bf7f766
1082,1788899137,1321884,14,29,0,0,1082,0,934612,1246017,4fa33dcb-5f76-5f76-aea8-330df7ada03e,4fa33dcb-5f76-5f76-aea8-330df7ada03e
1083,1788899166,1321884,14,29,0,0,1083,0,935476,1247170,6ede00d0-baf4-573f-a0dd-4a503bf7f766,6ede00d0-baf4-573f-a0dd-4a503bf7f766
1084,1788899194,1321884,14,29,0,0,1084,0,936341,1248321,4fa33dcb-5f76-5f76-aea8-330df7ada03e,4fa33dcb-5f76-5f76-aea8-330df7ada03e
1085,1788899223,1321884,14,29,0,0,1085,0,937207,1249477,6ede00d0-baf4-573f-a0dd-4a503bf7f766,6ede00d0-baf4-573f-a0dd-4a503bf7f766
1086,1788899252,1321884,14,29,0,0,1086,0,938071,1250628,4fa33dcb-5f76-5f76-aea8-330df7ada03e,4fa33dcb-5f76-5f76-aea8-330df7ada03e
1087,1788899281,1321884,14,29,0,0,1087,0,938936,1251781,6ede00d0-baf4-573f-a0dd-4a503bf7f766,6ede00d0-baf4-573f-a0dd-4a503bf7f766
1088,1788899310,1321884,14,29,0,0,1088,0,939799,1252931,4fa33dcb-5f76-5f76-aea8-330df7ada03e,4fa33dcb-5f76-5f76-aea8-330df7ada03e
1089,1788899338,1321884,14,29,0,0,1089,0,940664,1254085,6ede00d0-baf4-573f-a0dd-4a503bf7f766,6ede00d0-baf4-573f-a0dd-4a503bf7f766
1090,1788899367,1321884,14,29,0,0,1090,0,941530,1255239,4fa33dcb-5f76-5f76-aea8-330df7ada03e,4fa33dcb-5f76-5f76-aea8-330df7ada03e
1091,1788899396,1321884,14,29,0,0,1091,0,942394,1256392,6ede00d0-baf4-573f-a0dd-4a503bf7f766,6ede00d0-baf4-573f-a0dd-4a503bf7f766
1092,1788899425,1321884,14,29,0,0,1092,0,943259,1257543,4fa33dcb-5f76-5f76-aea8-330df7ada03e,4fa33dcb-5f76-5f76-aea8-330df7ada03e
1093,1788899454,1321884,14,29,0,0,1093,0,944123,1258696,6ede00d0-baf4-573f-a0dd-4a503bf7f766,6ede00d0-baf4-573f-a0dd-4a503bf7f766
1094,1788899482,1321884,14,29,0,0,1094,0,944987,1259847,4fa33dcb-5f76-5f76-aea8-330df7ada03e,4fa33dcb-5f76-5f76-aea8-330df7ada03e
1095,1788899511,1321888,14,29,0,0,1095,0,945853,1261003,6ede00d0-baf4-573f-a0dd-4a503bf7f766,6ede00d0-baf4-573f-a0dd-4a503bf7f766
1096,1788899540,1321888,14,29,0,0,1096,0,946717,1262154,4fa33dcb-5f76-5f76-aea8-330df7ada03e,4fa33dcb-5f76-5f76-aea8-330df7ada03e
1097,1788899569,1321892,14,29,0,0,1097,0,947581,1263307,6ede00d0-baf4-573f-a0dd-4a503bf7f766,6ede00d0-baf4-573f-a0dd-4a503bf7f766
1098,1788899598,1321892,14,29,0,0,1098,0,948445,1264457,4fa33dcb-5f76-5f76-aea8-330df7ada03e,4fa33dcb-5f76-5f76-aea8-330df7ada03e
1099,1788899626,1321892,14,29,0,0,1099,0,949308,1265610,6ede00d0-baf4-573f-a0dd-4a503bf7f766,6ede00d0-baf4-573f-a0dd-4a503bf7f766
1100,1788899655,1321892,14,29,0,0,1100,0,950178,1266767,4fa33dcb-5f76-5f76-aea8-330df7ada03e,4fa33dcb-5f76-5f76-aea8-330df7ada03e
1101,1788899684,1321892,14,29,0,0,1101,0,951042,1267920,6ede00d0-baf4-573f-a0dd-4a503bf7f766,6ede00d0-baf4-573f-a0dd-4a503bf7f766
1102,1788899713,1321892,14,29,0,0,1102,0,951905,1269071,4fa33dcb-5f76-5f76-aea8-330df7ada03e,4fa33dcb-5f76-5f76-aea8-330df7ada03e
1103,1788899742,1321892,14,29,0,0,1103,0,952769,1270223,6ede00d0-baf4-573f-a0dd-4a503bf7f766,6ede00d0-baf4-573f-a0dd-4a503bf7f766
1104,1788899770,1321892,14,29,0,0,1104,0,953633,1271374,4fa33dcb-5f76-5f76-aea8-330df7ada03e,4fa33dcb-5f76-5f76-aea8-330df7ada03e
1105,1788899799,1321892,14,29,0,0,1105,0,954500,1272530,6ede00d0-baf4-573f-a0dd-4a503bf7f766,6ede00d0-baf4-573f-a0dd-4a503bf7f766
1106,1788899828,1321892,14,29,0,0,1106,0,955363,1273681,4fa33dcb-5f76-5f76-aea8-330df7ada03e,4fa33dcb-5f76-5f76-aea8-330df7ada03e
1107,1788899857,1321892,14,29,0,0,1107,0,956227,1274833,6ede00d0-baf4-573f-a0dd-4a503bf7f766,6ede00d0-baf4-573f-a0dd-4a503bf7f766
1108,1788899886,1321892,14,29,0,0,1108,0,957091,1275983,4fa33dcb-5f76-5f76-aea8-330df7ada03e,4fa33dcb-5f76-5f76-aea8-330df7ada03e
1109,1788899914,1321892,14,29,0,0,1109,0,957955,1277136,6ede00d0-baf4-573f-a0dd-4a503bf7f766,6ede00d0-baf4-573f-a0dd-4a503bf7f766
1110,1788899943,1321892,14,29,0,0,1110,0,958825,1278295,4fa33dcb-5f76-5f76-aea8-330df7ada03e,4fa33dcb-5f76-5f76-aea8-330df7ada03e
1111,1788899972,1321892,14,29,0,0,1111,0,959689,1279448,6ede00d0-baf4-573f-a0dd-4a503bf7f766,6ede00d0-baf4-573f-a0dd-4a503bf7f766
1112,1788900001,1321892,14,29,0,0,1112,0,960553,1280599,4fa33dcb-5f76-5f76-aea8-330df7ada03e,4fa33dcb-5f76-5f76-aea8-330df7ada03e
1113,1788900030,1321892,14,29,0,0,1113,0,961417,1281752,6ede00d0-baf4-573f-a0dd-4a503bf7f766,6ede00d0-baf4-573f-a0dd-4a503bf7f766
1114,1788900059,1321892,14,29,0,0,1114,0,962281,1282903,4fa33dcb-5f76-5f76-aea8-330df7ada03e,4fa33dcb-5f76-5f76-aea8-330df7ada03e
1115,1788900087,1321896,14,29,0,0,1115,0,963149,1284061,6ede00d0-baf4-573f-a0dd-4a503bf7f766,6ede00d0-baf4-573f-a0dd-4a503bf7f766
1116,1788900116,1321896,14,29,0,0,1116,0,964013,1285212,4fa33dcb-5f76-5f76-aea8-330df7ada03e,4fa33dcb-5f76-5f76-aea8-330df7ada03e
1117,1788900145,1321896,14,29,0,0,1117,0,964877,1286365,6ede00d0-baf4-573f-a0dd-4a503bf7f766,6ede00d0-baf4-573f-a0dd-4a503bf7f766
1118,1788900174,1321896,14,29,0,0,1118,0,965740,1287516,4fa33dcb-5f76-5f76-aea8-330df7ada03e,4fa33dcb-5f76-5f76-aea8-330df7ada03e
1119,1788900203,1321896,14,29,0,0,1119,0,966604,1288669,6ede00d0-baf4-573f-a0dd-4a503bf7f766,6ede00d0-baf4-573f-a0dd-4a503bf7f766
1120,1788900231,1321896,14,29,0,0,1120,0,967471,1289823,4fa33dcb-5f76-5f76-aea8-330df7ada03e,4fa33dcb-5f76-5f76-aea8-330df7ada03e
1121,1788900260,1321896,14,29,0,0,1121,0,968335,1290977,6ede00d0-baf4-573f-a0dd-4a503bf7f766,6ede00d0-baf4-573f-a0dd-4a503bf7f766
1122,1788900289,1321896,14,29,0,0,1122,0,969199,1292127,4fa33dcb-5f76-5f76-aea8-330df7ada03e,4fa33dcb-5f76-5f76-aea8-330df7ada03e
1123,1788900318,1321896,14,29,0,0,1123,0,970064,1293281,6ede00d0-baf4-573f-a0dd-4a503bf7f766,6ede00d0-baf4-573f-a0dd-4a503bf7f766
1124,1788900347,1321896,14,29,0,0,1124,0,970927,1294431,4fa33dcb-5f76-5f76-aea8-330df7ada03e,4fa33dcb-5f76-5f76-aea8-330df7ada03e
1125,1788900375,1321896,14,29,0,0,1125,0,971794,1295587,6ede00d0-baf4-573f-a0dd-4a503bf7f766,6ede00d0-baf4-573f-a0dd-4a503bf7f766
1126,1788900404,1321896,14,29,0,0,1126,0,972657,1296738,4fa33dcb-5f76-5f76-aea8-330df7ada03e,4fa33dcb-5f76-5f76-aea8-330df7ada03e
1127,1788900433,1321896,14,29,0,0,1127,0,973521,1297890,6ede00d0-baf4-573f-a0dd-4a503bf7f766,6ede00d0-baf4-573f-a0dd-4a503bf7f766
1128,1788900462,1321896,14,29,0,0,1128,0,974386,1299042,4fa33dcb-5f76-5f76-aea8-330df7ada03e,4fa33dcb-5f76-5f76-aea8-330df7ada03e
1129,1788900491,1321896,14,29,0,0,1129,0,975251,1300196,6ede00d0-baf4-573f-a0dd-4a503bf7f766,6ede00d0-baf4-573f-a0dd-4a503bf7f766
1130,1788900519,1321896,14,29,0,0,1130,0,976117,1301350,4fa33dcb-5f76-5f76-aea8-330df7ada03e,4fa33dcb-5f76-5f76-aea8-330df7ada03e
1131,1788900548,1321900,14,29,0,0,1131,0,976981,1302503,6ede00d0-baf4-573f-a0dd-4a503bf7f766,6ede00d0-baf4-573f-a0dd-4a503bf7f766
1132,1788900577,1321900,14,29,0,0,1132,0,977845,1303654,4fa33dcb-5f76-5f76-aea8-330df7ada03e,4fa33dcb-5f76-5f76-aea8-330df7ada03e
1133,1788900606,1321900,14,29,0,0,1133,0,978710,1304807,6ede00d0-baf4-573f-a0dd-4a503bf7f766,6ede00d0-baf4-573f-a0dd-4a503bf7f766
1134,1788900635,1321900,14,29,0,0,1134,0,979573,1305957,4fa33dcb-5f76-5f76-aea8-330df7ada03e,4fa33dcb-5f76-5f76-aea8-330df7ada03e
1135,1788900664,1321900,14,29,0,0,1135,0,980439,1307113,6ede00d0-baf4-573f-a0dd-4a503bf7f766,6ede00d0-baf4-573f-a0dd-4a503bf7f766
1136,1788900692,1321900,14,29,0,0,1136,0,981304,1308265,4fa33dcb-5f76-5f76-aea8-330df7ada03e,4fa33dcb-5f76-5f76-aea8-330df7ada03e
1137,1788900721,1321900,14,29,0,0,1137,0,982168,1309417,6ede00d0-baf4-573f-a0dd-4a503bf7f766,6ede00d0-baf4-573f-a0dd-4a503bf7f766
1138,1788900750,1321900,14,29,0,0,1138,0,983031,1310567,4fa33dcb-5f76-5f76-aea8-330df7ada03e,4fa33dcb-5f76-5f76-aea8-330df7ada03e
1139,1788900779,1321900,14,29,0,0,1139,0,983895,1311720,6ede00d0-baf4-573f-a0dd-4a503bf7f766,6ede00d0-baf4-573f-a0dd-4a503bf7f766
1140,1788900807,1321900,14,29,0,0,1140,0,984761,1312874,4fa33dcb-5f76-5f76-aea8-330df7ada03e,4fa33dcb-5f76-5f76-aea8-330df7ada03e
1141,1788900836,1321900,14,29,0,0,1141,0,985626,1314027,6ede00d0-baf4-573f-a0dd-4a503bf7f766,6ede00d0-baf4-573f-a0dd-4a503bf7f766
1142,1788900865,1321900,14,29,0,0,1142,0,986490,1315178,4fa33dcb-5f76-5f76-aea8-330df7ada03e,4fa33dcb-5f76-5f76-aea8-330df7ada03e
1143,1788900894,1321900,14,29,0,0,1143,0,987353,1316330,6ede00d0-baf4-573f-a0dd-4a503bf7f766,6ede00d0-baf4-573f-a0dd-4a503bf7f766
1144,1788900923,1321900,14,29,0,0,1144,0,988217,1317481,4fa33dcb-5f76-5f76-aea8-330df7ada03e,4fa33dcb-5f76-5f76-aea8-330df7ada03e
1145,1788900951,1321900,14,29,0,0,1145,0,989083,1318637,6ede00d0-baf4-573f-a0dd-4a503bf7f766,6ede00d0-baf4-573f-a0dd-4a503bf7f766
1146,1788900980,1321900,14,29,0,0,1146,0,989947,1319787,4fa33dcb-5f76-5f76-aea8-330df7ada03e,4fa33dcb-5f76-5f76-aea8-330df7ada03e
1147,1788901009,1321904,14,29,0,0,1147,0,990811,1320940,6ede00d0-baf4-573f-a0dd-4a503bf7f766,6ede00d0-baf4-573f-a0dd-4a503bf7f766
1148,1788901038,1321904,14,29,0,0,1148,0,991675,1322091,4fa33dcb-5f76-5f76-aea8-330df7ada03e,4fa33dcb-5f76-5f76-aea8-330df7ada03e
1149,1788901067,1321904,14,29,0,0,1149,0,992539,1323243,6ede00d0-baf4-573f-a0dd-4a503bf7f766,6ede00d0-baf4-573f-a0dd-4a503bf7f766
1150,1788901095,1321904,14,29,0,0,1150,0,993405,1324397,4fa33dcb-5f76-5f76-aea8-330df7ada03e,4fa33dcb-5f76-5f76-aea8-330df7ada03e
1151,1788901124,1321904,14,29,0,0,1151,0,994269,1325550,6ede00d0-baf4-573f-a0dd-4a503bf7f766,6ede00d0-baf4-573f-a0dd-4a503bf7f766
1152,1788901153,1321904,14,29,0,0,1152,0,995133,1326701,4fa33dcb-5f76-5f76-aea8-330df7ada03e,4fa33dcb-5f76-5f76-aea8-330df7ada03e
1153,1788901182,1321904,14,29,0,0,1153,0,995998,1327854,6ede00d0-baf4-573f-a0dd-4a503bf7f766,6ede00d0-baf4-573f-a0dd-4a503bf7f766
1154,1788901211,1321904,14,29,0,0,1154,0,996861,1329005,4fa33dcb-5f76-5f76-aea8-330df7ada03e,4fa33dcb-5f76-5f76-aea8-330df7ada03e
1155,1788901239,1321904,14,29,0,0,1155,0,997729,1330162,6ede00d0-baf4-573f-a0dd-4a503bf7f766,6ede00d0-baf4-573f-a0dd-4a503bf7f766
1156,1788901268,1321904,14,29,0,0,1156,0,998593,1331313,4fa33dcb-5f76-5f76-aea8-330df7ada03e,4fa33dcb-5f76-5f76-aea8-330df7ada03e
1157,1788901297,1321904,14,29,0,0,1157,0,999457,1332466,6ede00d0-baf4-573f-a0dd-4a503bf7f766,6ede00d0-baf4-573f-a0dd-4a503bf7f766
1158,1788901326,1321904,14,29,0,0,1158,0,1000322,1333618,4fa33dcb-5f76-5f76-aea8-330df7ada03e,4fa33dcb-5f76-5f76-aea8-330df7ada03e
1159,1788901355,1321904,14,29,0,0,1159,0,1001186,1334772,6ede00d0-baf4-573f-a0dd-4a503bf7f766,6ede00d0-baf4-573f-a0dd-4a503bf7f766
1160,1788901384,1321904,14,29,0,0,1160,0,1002053,1335926,4fa33dcb-5f76-5f76-aea8-330df7ada03e,4fa33dcb-5f76-5f76-aea8-330df7ada03e
1161,1788901412,1321904,14,29,0,0,1161,0,1002918,1337080,6ede00d0-baf4-573f-a0dd-4a503bf7f766,6ede00d0-baf4-573f-a0dd-4a503bf7f766
1162,1788901441,1321904,14,29,0,0,1162,0,1003782,1338230,4fa33dcb-5f76-5f76-aea8-330df7ada03e,4fa33dcb-5f76-5f76-aea8-330df7ada03e
1163,1788901470,1321908,14,29,0,0,1163,0,1004646,1339384,6ede00d0-baf4-573f-a0dd-4a503bf7f766,6ede00d0-baf4-573f-a0dd-4a503bf7f766
1164,1788901499,1321908,14,29,0,0,1164,0,1005511,1340535,4fa33dcb-5f76-5f76-aea8-330df7ada03e,4fa33dcb-5f76-5f76-aea8-330df7ada03e
1165,1788901528,1321908,14,29,0,0,1165,0,1006377,1341692,6ede00d0-baf4-573f-a0dd-4a503bf7f766,6ede00d0-baf4-573f-a0dd-4a503bf7f766
1166,1788901556,1321908,14,29,0,0,1166,0,1007241,1342842,4fa33dcb-5f76-5f76-aea8-330df7ada03e,4fa33dcb-5f76-5f76-aea8-330df7ada03e
1167,1788901585,1321908,14,29,0,0,1167,0,1008105,1343995,6ede00d0-baf4-573f-a0dd-4a503bf7f766,6ede00d0-baf4-573f-a0dd-4a503bf7f766
1168,1788901614,1321912,14,29,0,0,1168,0,1008969,1345146,4fa33dcb-5f76-5f76-aea8-330df7ada03e,4fa33dcb-5f76-5f76-aea8-330df7ada03e
1169,1788901643,1321912,14,29,0,0,1169,0,1009833,1346299,6ede00d0-baf4-573f-a0dd-4a503bf7f766,6ede00d0-baf4-573f-a0dd-4a503bf7f766
1170,1788901672,1321912,14,29,0,0,1170,0,1010700,1347453,4fa33dcb-5f76-5f76-aea8-330df7ada03e,4fa33dcb-5f76-5f76-aea8-330df7ada03e
1171,1788901700,1321912,14,29,0,0,1171,0,1011564,1348606,6ede00d0-baf4-573f-a0dd-4a503bf7f766,6ede00d0-baf4-573f-a0dd-4a503bf7f766
1172,1788901729,1321912,14,29,0,0,1172,0,1012427,1349756,4fa33dcb-5f76-5f76-aea8-330df7ada03e,4fa33dcb-5f76-5f76-aea8-330df7ada03e
1173,1788901758,1321912,14,29,0,0,1173,0,1013291,1350909,6ede00d0-baf4-573f-a0dd-4a503bf7f766,6ede00d0-baf4-573f-a0dd-4a503bf7f766
1174,1788901787,1321912,14,29,0,0,1174,0,1014155,1352060,4fa33dcb-5f76-5f76-aea8-330df7ada03e,4fa33dcb-5f76-5f76-aea8-330df7ada03e
1175,1788901816,1321912,14,29,0,0,1175,0,1015022,1353216,6ede00d0-baf4-573f-a0dd-4a503bf7f766,6ede00d0-baf4-573f-a0dd-4a503bf7f766
1176,1788901844,1321912,14,29,0,0,1176,0,1015885,1354367,4fa33dcb-5f76-5f76-aea8-330df7ada03e,4fa33dcb-5f76-5f76-aea8-330df7ada03e
1177,1788901873,1321912,14,29,0,0,1177,0,1016749,1355519,6ede00d0-baf4-573f-a0dd-4a503bf7f766,6ede00d0-baf4-573f-a0dd-4a503bf7f766
1178,1788901902,1321912,14,29,0,0,1178,0,1017613,1356670,4fa33dcb-5f76-5f76-aea8-330df7ada03e,4fa33dcb-5f76-5f76-aea8-330df7ada03e
1179,1788901931,1321912,14,29,0,0,1179,0,1018477,1357823,6ede00d0-baf4-573f-a0dd-4a503bf7f766,6ede00d0-baf4-573f-a0dd-4a503bf7f766
1180,1788901960,1321912,14,29,0,0,1180,0,1019344,1358977,4fa33dcb-5f76-5f76-aea8-330df7ada03e,4fa33dcb-5f76-5f76-aea8-330df7ada03e
1181,1788901988,1321916,14,29,0,0,1181,0,1020208,1360130,6ede00d0-baf4-573f-a0dd-4a503bf7f766,6ede00d0-baf4-573f-a0dd-4a503bf7f766
1182,1788902017,1321916,14,29,0,0,1182,0,1021071,1361280,4fa33dcb-5f76-5f76-aea8-330df7ada03e,4fa33dcb-5f76-5f76-aea8-330df7ada03e
1183,1788902046,1321916,14,29,0,0,1183,0,1021935,1362433,6ede00d0-baf4-573f-a0dd-4a503bf7f766,6ede00d0-baf4-573f-a0dd-4a503bf7f766
1184,1788902075,1321916,14,29,0,0,1184,0,1022799,1363583,4fa33dcb-5f76-5f76-aea8-330df7ada03e,4fa33dcb-5f76-5f76-aea8-330df7ada03e
1185,1788902104,1321916,14,29,0,0,1185,0,1023666,1364741,6ede00d0-baf4-573f-a0dd-4a503bf7f766,6ede00d0-baf4-573f-a0dd-4a503bf7f766
1186,1788902132,1321916,14,29,0,0,1186,0,1024529,1365891,4fa33dcb-5f76-5f76-aea8-330df7ada03e,4fa33dcb-5f76-5f76-aea8-330df7ada03e
1187,1788902161,1321916,14,29,0,0,1187,0,1025394,1367045,6ede00d0-baf4-573f-a0dd-4a503bf7f766,6ede00d0-baf4-573f-a0dd-4a503bf7f766
1188,1788902190,1321916,14,29,0,0,1188,0,1026258,1368196,4fa33dcb-5f76-5f76-aea8-330df7ada03e,4fa33dcb-5f76-5f76-aea8-330df7ada03e
1189,1788902219,1321916,14,29,0,0,1189,0,1027122,1369348,6ede00d0-baf4-573f-a0dd-4a503bf7f766,6ede00d0-baf4-573f-a0dd-4a503bf7f766
1190,1788902248,1321916,14,29,0,0,1190,0,1027988,1370503,4fa33dcb-5f76-5f76-aea8-330df7ada03e,4fa33dcb-5f76-5f76-aea8-330df7ada03e
1191,1788902276,1321916,14,29,0,0,1191,0,1028852,1371656,6ede00d0-baf4-573f-a0dd-4a503bf7f766,6ede00d0-baf4-573f-a0dd-4a503bf7f766
1192,1788902305,1321916,14,29,0,0,1192,0,1029716,1372805,4fa33dcb-5f76-5f76-aea8-330df7ada03e,4fa33dcb-5f76-5f76-aea8-330df7ada03e
1193,1788902334,1321916,14,29,0,0,1193,0,1030580,1373958,6ede00d0-baf4-573f-a0dd-4a503bf7f766,6ede00d0-baf4-573f-a0dd-4a503bf7f766
1194,1788902363,1321916,14,29,0,0,1194,0,1031444,1375109,4fa33dcb-5f76-5f76-aea8-330df7ada03e,4fa33dcb-5f76-5f76-aea8-330df7ada03e
1195,1788902392,1321916,14,29,0,0,1195,0,1032311,1376265,6ede00d0-baf4-573f-a0dd-4a503bf7f766,6ede00d0-baf4-573f-a0dd-4a503bf7f766
1196,1788902420,1321920,14,29,0,0,1196,0,1033175,1377416,4fa33dcb-5f76-5f76-aea8-330df7ada03e,4fa33dcb-5f76-5f76-aea8-330df7ada03e
1197,1788902449,1321920,14,29,0,0,1197,0,1034038,1378569,6ede00d0-baf4-573f-a0dd-4a503bf7f766,6ede00d0-baf4-573f-a0dd-4a503bf7f766
1198,1788902478,1321920,14,29,0,0,1198,0,1034902,1379719,4fa33dcb-5f76-5f76-aea8-330df7ada03e,4fa33dcb-5f76-5f76-aea8-330df7ada03e
1199,1788902507,1321920,14,29,0,0,1199,0,1035767,1380873,6ede00d0-baf4-573f-a0dd-4a503bf7f766,6ede00d0-baf4-573f-a0dd-4a503bf7f766
1200,1788902536,1321920,14,29,0,0,1200,0,1036633,1382026,4fa33dcb-5f76-5f76-aea8-330df7ada03e,4fa33dcb-5f76-5f76-aea8-330df7ada03e
1201,1788902564,1321920,14,29,0,0,1201,0,1037497,1383179,6ede00d0-baf4-573f-a0dd-4a503bf7f766,6ede00d0-baf4-573f-a0dd-4a503bf7f766
1202,1788902593,1321920,14,29,0,0,1202,0,1038360,1384329,4fa33dcb-5f76-5f76-aea8-330df7ada03e,4fa33dcb-5f76-5f76-aea8-330df7ada03e
1203,1788902622,1321920,14,29,0,0,1203,0,1039224,1385482,6ede00d0-baf4-573f-a0dd-4a503bf7f766,6ede00d0-baf4-573f-a0dd-4a503bf7f766
1204,1788902651,1321920,14,29,0,0,1204,0,1040089,1386633,4fa33dcb-5f76-5f76-aea8-330df7ada03e,4fa33dcb-5f76-5f76-aea8-330df7ada03e
1205,1788902680,1321920,14,29,0,0,1205,0,1040956,1387790,6ede00d0-baf4-573f-a0dd-4a503bf7f766,6ede00d0-baf4-573f-a0dd-4a503bf7f766
1206,1788902708,1321920,14,29,0,0,1206,0,1041820,1388941,4fa33dcb-5f76-5f76-aea8-330df7ada03e,4fa33dcb-5f76-5f76-aea8-330df7ada03e
1207,1788902737,1321920,14,29,0,0,1207,0,1042684,1390094,6ede00d0-baf4-573f-a0dd-4a503bf7f766,6ede00d0-baf4-573f-a0dd-4a503bf7f766
1208,1788902766,1321920,14,29,0,0,1208,0,1043548,1391245,4fa33dcb-5f76-5f76-aea8-330df7ada03e,4fa33dcb-5f76-5f76-aea8-330df7ada03e
1209,1788902795,1321920,14,29,0,0,1209,0,1044413,1392399,6ede00d0-baf4-573f-a0dd-4a503bf7f766,6ede00d0-baf4-573f-a0dd-4a503bf7f766
1210,1788902824,1321920,14,29,0,0,1210,0,1045279,1393552,4fa33dcb-5f76-5f76-aea8-330df7ada03e,4fa33dcb-5f76-5f76-aea8-330df7ada03e
1211,1788902852,1321920,14,29,0,0,1211,0,1046142,1394705,6ede00d0-baf4-573f-a0dd-4a503bf7f766,6ede00d0-baf4-573f-a0dd-4a503bf7f766
1212,1788902881,1321920,14,29,0,0,1212,0,1047007,1395856,4fa33dcb-5f76-5f76-aea8-330df7ada03e,4fa33dcb-5f76-5f76-aea8-330df7ada03e
1213,1788902910,1321924,14,29,0,0,1213,0,1047871,1397009,6ede00d0-baf4-573f-a0dd-4a503bf7f766,6ede00d0-baf4-573f-a0dd-4a503bf7f766
1214,1788902939,1321924,14,29,0,0,1214,0,1048735,1398160,4fa33dcb-5f76-5f76-aea8-330df7ada03e,4fa33dcb-5f76-5f76-aea8-330df7ada03e
1215,1788902968,1321924,14,29,0,0,1215,0,1049602,1399316,6ede00d0-baf4-573f-a0dd-4a503bf7f766,6ede00d0-baf4-573f-a0dd-4a503bf7f766
1216,1788902996,1321924,14,29,0,0,1216,0,1050465,1400467,4fa33dcb-5f76-5f76-aea8-330df7ada03e,4fa33dcb-5f76-5f76-aea8-330df7ada03e
1217,1788903025,1321924,14,29,0,0,1217,0,1051329,1401619,6ede00d0-baf4-573f-a0dd-4a503bf7f766,6ede00d0-baf4-573f-a0dd-4a503bf7f766
1218,1788903054,1321924,14,29,0,0,1218,0,1052193,1402770,4fa33dcb-5f76-5f76-aea8-330df7ada03e,4fa33dcb-5f76-5f76-aea8-330df7ada03e
1219,1788903083,1321924,14,29,0,0,1219,0,1053057,1403922,6ede00d0-baf4-573f-a0dd-4a503bf7f766,6ede00d0-baf4-573f-a0dd-4a503bf7f766
1220,1788903112,1321924,14,29,0,0,1220,0,1053923,1405076,4fa33dcb-5f76-5f76-aea8-330df7ada03e,4fa33dcb-5f76-5f76-aea8-330df7ada03e
1221,1788903140,1321924,14,29,0,0,1221,0,1054787,1406230,6ede00d0-baf4-573f-a0dd-4a503bf7f766,6ede00d0-baf4-573f-a0dd-4a503bf7f766
1222,1788903169,1321924,14,29,0,0,1222,0,1055651,1407380,4fa33dcb-5f76-5f76-aea8-330df7ada03e,4fa33dcb-5f76-5f76-aea8-330df7ada03e
1223,1788903198,1321924,14,29,0,0,1223,0,1056516,1408534,6ede00d0-baf4-573f-a0dd-4a503bf7f766,6ede00d0-baf4-573f-a0dd-4a503bf7f766
1224,1788903227,1321960,14,29,0,0,1224,0,1057380,1409684,4fa33dcb-5f76-5f76-aea8-330df7ada03e,4fa33dcb-5f76-5f76-aea8-330df7ada03e
1225,1788903256,1321960,14,29,0,0,1225,0,1058246,1410840,6ede00d0-baf4-573f-a0dd-4a503bf7f766,6ede00d0-baf4-573f-a0dd-4a503bf7f766
1226,1788903284,1327548,14,29,0,0,1226,0,1059110,1411992,4fa33dcb-5f76-5f76-aea8-330df7ada03e,4fa33dcb-5f76-5f76-aea8-330df7ada03e
1227,1788903313,1327548,14,29,0,0,1227,0,1059974,1413145,6ede00d0-baf4-573f-a0dd-4a503bf7f766,6ede00d0-baf4-573f-a0dd-4a503bf7f766
1228,1788903342,1327548,14,29,0,0,1228,0,1060838,1414296,4fa33dcb-5f76-5f76-aea8-330df7ada03e,4fa33dcb-5f76-5f76-aea8-330df7ada03e
1229,1788903371,1327552,14,29,0,0,1229,0,1061702,1415449,6ede00d0-baf4-573f-a0dd-4a503bf7f766,6ede00d0-baf4-573f-a0dd-4a503bf7f766
1230,1788903400,1327552,14,29,0,0,1230,0,1062568,1416603,4fa33dcb-5f76-5f76-aea8-330df7ada03e,4fa33dcb-5f76-5f76-aea8-330df7ada03e
1231,1788903428,1327552,14,29,0,0,1231,0,1063432,1417756,6ede00d0-baf4-573f-a0dd-4a503bf7f766,6ede00d0-baf4-573f-a0dd-4a503bf7f766
1232,1788903457,1327552,14,29,0,0,1232,0,1064296,1418906,4fa33dcb-5f76-5f76-aea8-330df7ada03e,4fa33dcb-5f76-5f76-aea8-330df7ada03e
1233,1788903486,1327552,14,29,0,0,1233,0,1065160,1420059,6ede00d0-baf4-573f-a0dd-4a503bf7f766,6ede00d0-baf4-573f-a0dd-4a503bf7f766
1234,1788903515,1327552,14,29,0,0,1234,0,1066025,1421211,4fa33dcb-5f76-5f76-aea8-330df7ada03e,4fa33dcb-5f76-5f76-aea8-330df7ada03e
1235,1788903544,1327552,14,29,0,0,1235,0,1066892,1422368,6ede00d0-baf4-573f-a0dd-4a503bf7f766,6ede00d0-baf4-573f-a0dd-4a503bf7f766
1236,1788903572,1327552,14,29,0,0,1236,0,1067756,1423518,4fa33dcb-5f76-5f76-aea8-330df7ada03e,4fa33dcb-5f76-5f76-aea8-330df7ada03e
1237,1788903601,1327552,14,29,0,0,1237,0,1068620,1424672,6ede00d0-baf4-573f-a0dd-4a503bf7f766,6ede00d0-baf4-573f-a0dd-4a503bf7f766
1238,1788903630,1327552,14,29,0,0,1238,0,1069484,1425822,4fa33dcb-5f76-5f76-aea8-330df7ada03e,4fa33dcb-5f76-5f76-aea8-330df7ada03e
1239,1788903659,1327552,14,29,0,0,1239,0,1070348,1426976,6ede00d0-baf4-573f-a0dd-4a503bf7f766,6ede00d0-baf4-573f-a0dd-4a503bf7f766
1240,1788903688,1327592,14,29,0,0,1240,0,1071216,1428132,4fa33dcb-5f76-5f76-aea8-330df7ada03e,4fa33dcb-5f76-5f76-aea8-330df7ada03e
1241,1788903717,1327596,14,29,0,0,1241,0,1072080,1429285,6ede00d0-baf4-573f-a0dd-4a503bf7f766,6ede00d0-baf4-573f-a0dd-4a503bf7f766
1242,1788903745,1333184,14,29,0,0,1242,0,1072945,1430436,4fa33dcb-5f76-5f76-aea8-330df7ada03e,4fa33dcb-5f76-5f76-aea8-330df7ada03e
1243,1788903774,1333184,14,29,0,0,1243,0,1073808,1431589,6ede00d0-baf4-573f-a0dd-4a503bf7f766,6ede00d0-baf4-573f-a0dd-4a503bf7f766
1244,1788903803,1333184,14,29,0,0,1244,0,1074672,1432739,4fa33dcb-5f76-5f76-aea8-330df7ada03e,4fa33dcb-5f76-5f76-aea8-330df7ada03e
1245,1788903832,1333184,14,29,0,0,1245,0,1075539,1433896,6ede00d0-baf4-573f-a0dd-4a503bf7f766,6ede00d0-baf4-573f-a0dd-4a503bf7f766
1246,1788903860,1333184,14,29,0,0,1246,0,1076403,1435046,4fa33dcb-5f76-5f76-aea8-330df7ada03e,4fa33dcb-5f76-5f76-aea8-330df7ada03e
1247,1788903889,1333188,14,29,0,0,1247,0,1077268,1436201,6ede00d0-baf4-573f-a0dd-4a503bf7f766,6ede00d0-baf4-573f-a0dd-4a503bf7f766
1248,1788903918,1333188,14,29,0,0,1248,0,1078132,1437352,4fa33dcb-5f76-5f76-aea8-330df7ada03e,4fa33dcb-5f76-5f76-aea8-330df7ada03e
1249,1788903947,1333188,14,29,0,0,1249,0,1078996,1438505,6ede00d0-baf4-573f-a0dd-4a503bf7f766,6ede00d0-baf4-573f-a0dd-4a503bf7f766
1250,1788903976,1333188,14,29,0,0,1250,0,1079863,1439659,4fa33dcb-5f76-5f76-aea8-330df7ada03e,4fa33dcb-5f76-5f76-aea8-330df7ada03e
1251,1788904005,1333188,14,29,0,0,1251,0,1080727,1440812,6ede00d0-baf4-573f-a0dd-4a503bf7f766,6ede00d0-baf4-573f-a0dd-4a503bf7f766
1252,1788904033,1333188,14,29,0,0,1252,0,1081591,1441962,4fa33dcb-5f76-5f76-aea8-330df7ada03e,4fa33dcb-5f76-5f76-aea8-330df7ada03e
1253,1788904062,1333188,14,29,0,0,1253,0,1082454,1443115,6ede00d0-baf4-573f-a0dd-4a503bf7f766,6ede00d0-baf4-573f-a0dd-4a503bf7f766
1254,1788904091,1333188,14,29,0,0,1254,0,1083319,1444266,4fa33dcb-5f76-5f76-aea8-330df7ada03e,4fa33dcb-5f76-5f76-aea8-330df7ada03e
1255,1788904120,1333188,14,29,0,0,1255,0,1084189,1445427,6ede00d0-baf4-573f-a0dd-4a503bf7f766,6ede00d0-baf4-573f-a0dd-4a503bf7f766
1256,1788904149,1333188,14,29,0,0,1256,0,1085052,1446579,4fa33dcb-5f76-5f76-aea8-330df7ada03e,4fa33dcb-5f76-5f76-aea8-330df7ada03e
1257,1788904177,1333188,14,29,0,0,1257,0,1085916,1447731,6ede00d0-baf4-573f-a0dd-4a503bf7f766,6ede00d0-baf4-573f-a0dd-4a503bf7f766
1258,1788904206,1333188,14,29,0,0,1258,0,1086780,1448882,4fa33dcb-5f76-5f76-aea8-330df7ada03e,4fa33dcb-5f76-5f76-aea8-330df7ada03e
1259,1788904235,1333188,14,29,0,0,1259,0,1087644,1450035,6ede00d0-baf4-573f-a0dd-4a503bf7f766,6ede00d0-baf4-573f-a0dd-4a503bf7f766
1260,1788904264,1333188,14,29,0,0,1260,0,1088511,1451189,4fa33dcb-5f76-5f76-aea8-330df7ada03e,4fa33dcb-5f76-5f76-aea8-330df7ada03e
1261,1788904293,1333188,14,29,0,0,1261,0,1089375,1452342,6ede00d0-baf4-573f-a0dd-4a503bf7f766,6ede00d0-baf4-573f-a0dd-4a503bf7f766
1262,1788904321,1333188,14,29,0,0,1262,0,1090238,1453492,4fa33dcb-5f76-5f76-aea8-330df7ada03e,4fa33dcb-5f76-5f76-aea8-330df7ada03e
1263,1788904350,1333192,14,29,0,0,1263,0,1091102,1454646,6ede00d0-baf4-573f-a0dd-4a503bf7f766,6ede00d0-baf4-573f-a0dd-4a503bf7f766
1264,1788904379,1333192,14,29,0,0,1264,0,1091966,1455796,4fa33dcb-5f76-5f76-aea8-330df7ada03e,4fa33dcb-5f76-5f76-aea8-330df7ada03e
1265,1788904408,1333192,14,29,0,0,1265,0,1092832,1456952,6ede00d0-baf4-573f-a0dd-4a503bf7f766,6ede00d0-baf4-573f-a0dd-4a503bf7f766
1266,1788904437,1333192,14,29,0,0,1266,0,1093696,1458102,4fa33dcb-5f76-5f76-aea8-330df7ada03e,4fa33dcb-5f76-5f76-aea8-330df7ada03e
1267,1788904465,1333192,14,29,0,0,1267,0,1094560,1459255,6ede00d0-baf4-573f-a0dd-4a503bf7f766,6ede00d0-baf4-573f-a0dd-4a503bf7f766
1268,1788904494,1333192,14,29,0,0,1268,0,1095424,1460406,4fa33dcb-5f76-5f76-aea8-330df7ada03e,4fa33dcb-5f76-5f76-aea8-330df7ada03e
1269,1788904523,1333192,14,29,0,0,1269,0,1096288,1461559,6ede00d0-baf4-573f-a0dd-4a503bf7f766,6ede00d0-baf4-573f-a0dd-4a503bf7f766
1270,1788904552,1333192,14,29,0,0,1270,0,1097155,1462713,4fa33dcb-5f76-5f76-aea8-330df7ada03e,4fa33dcb-5f76-5f76-aea8-330df7ada03e
1271,1788904581,1333192,14,29,0,0,1271,0,1098018,1463866,6ede00d0-baf4-573f-a0dd-4a503bf7f766,6ede00d0-baf4-573f-a0dd-4a503bf7f766
1272,1788904609,1333192,14,29,0,0,1272,0,1098882,1465016,4fa33dcb-5f76-5f76-aea8-330df7ada03e,4fa33dcb-5f76-5f76-aea8-330df7ada03e
1273,1788904638,1333192,14,29,0,0,1273,0,1099747,1466170,6ede00d0-baf4-573f-a0dd-4a503bf7f766,6ede00d0-baf4-573f-a0dd-4a503bf7f766
1274,1788904667,1333192,14,29,0,0,1274,0,1100611,1467321,4fa33dcb-5f76-5f76-aea8-330df7ada03e,4fa33dcb-5f76-5f76-aea8-330df7ada03e
1275,1788904696,1333192,14,29,0,0,1275,0,1101478,1468477,6ede00d0-baf4-573f-a0dd-4a503bf7f766,6ede00d0-baf4-573f-a0dd-4a503bf7f766
1276,1788904725,1333192,14,29,0,0,1276,0,1102342,1469628,4fa33dcb-5f76-5f76-aea8-330df7ada03e,4fa33dcb-5f76-5f76-aea8-330df7ada03e
1277,1788904753,1333192,14,29,0,0,1277,0,1103206,1470781,6ede00d0-baf4-573f-a0dd-4a503bf7f766,6ede00d0-baf4-573f-a0dd-4a503bf7f766
1278,1788904782,1333192,14,29,0,0,1278,0,1104070,1471932,4fa33dcb-5f76-5f76-aea8-330df7ada03e,4fa33dcb-5f76-5f76-aea8-330df7ada03e
1279,1788904811,1333196,14,29,0,0,1279,0,1104934,1473085,6ede00d0-baf4-573f-a0dd-4a503bf7f766,6ede00d0-baf4-573f-a0dd-4a503bf7f766
1280,1788904840,1333196,14,29,0,0,1280,0,1105801,1474239,4fa33dcb-5f76-5f76-aea8-330df7ada03e,4fa33dcb-5f76-5f76-aea8-330df7ada03e
1281,1788904869,1333196,14,29,0,0,1281,0,1106665,1475392,6ede00d0-baf4-573f-a0dd-4a503bf7f766,6ede00d0-baf4-573f-a0dd-4a503bf7f766
1282,1788904897,1333196,14,29,0,0,1282,0,1107529,1476543,4fa33dcb-5f76-5f76-aea8-330df7ada03e,4fa33dcb-5f76-5f76-aea8-330df7ada03e
1283,1788904926,1338820,14,29,0,0,1283,0,1108393,1477696,6ede00d0-baf4-573f-a0dd-4a503bf7f766,6ede00d0-baf4-573f-a0dd-4a503bf7f766
1284,1788904955,1338820,14,29,0,0,1284,0,1109257,1478847,4fa33dcb-5f76-5f76-aea8-330df7ada03e,4fa33dcb-5f76-5f76-aea8-330df7ada03e
1285,1788904984,1338820,14,29,0,0,1285,0,1110123,1480003,6ede00d0-baf4-573f-a0dd-4a503bf7f766,6ede00d0-baf4-573f-a0dd-4a503bf7f766
1286,1788905013,1338820,14,29,0,0,1286,0,1110987,1481154,4fa33dcb-5f76-5f76-aea8-330df7ada03e,4fa33dcb-5f76-5f76-aea8-330df7ada03e
1287,1788905041,1338820,14,29,0,0,1287,0,1111852,1482307,6ede00d0-baf4-573f-a0dd-4a503bf7f766,6ede00d0-baf4-573f-a0dd-4a503bf7f766
1288,1788905070,1338820,14,29,0,0,1288,0,1112716,1483458,4fa33dcb-5f76-5f76-aea8-330df7ada03e,4fa33dcb-5f76-5f76-aea8-330df7ada03e
1289,1788905099,1338820,14,29,0,0,1289,0,1113580,1484611,6ede00d0-baf4-573f-a0dd-4a503bf7f766,6ede00d0-baf4-573f-a0dd-4a503bf7f766
1290,1788905128,1338820,14,29,0,0,1290,0,1114447,1485765,4fa33dcb-5f76-5f76-aea8-330df7ada03e,4fa33dcb-5f76-5f76-aea8-330df7ada03e
1291,1788905157,1338820,14,29,0,0,1291,0,1115311,1486919,6ede00d0-baf4-573f-a0dd-4a503bf7f766,6ede00d0-baf4-573f-a0dd-4a503bf7f766
1292,1788905185,1338820,14,29,0,0,1292,0,1116175,1488069,4fa33dcb-5f76-5f76-aea8-330df7ada03e,4fa33dcb-5f76-5f76-aea8-330df7ada03e
1293,1788905214,1338820,14,29,0,0,1293,0,1117040,1489224,6ede00d0-baf4-573f-a0dd-4a503bf7f766,6ede00d0-baf4-573f-a0dd-4a503bf7f766
1294,1788905243,1338820,14,29,0,0,1294,0,1117904,1490375,4fa33dcb-5f76-5f76-aea8-330df7ada03e,4fa33dcb-5f76-5f76-aea8-330df7ada03e
1295,1788905272,1338824,14,29,0,0,1295,0,1118771,1491531,6ede00d0-baf4-573f-a0dd-4a503bf7f766,6ede00d0-baf4-573f-a0dd-4a503bf7f766
1296,1788905301,1338824,14,29,0,0,1296,0,1119635,1492682,4fa33dcb-5f76-5f76-aea8-330df7ada03e,4fa33dcb-5f76-5f76-aea8-330df7ada03e
1297,1788905330,1338824,14,29,0,0,1297,0,1120499,1493835,6ede00d0-baf4-573f-a0dd-4a503bf7f766,6ede00d0-baf4-573f-a0dd-4a503bf7f766
1298,1788905358,1338824,14,29,0,0,1298,0,1121363,1494985,4fa33dcb-5f76-5f76-aea8-330df7ada03e,4fa33dcb-5f76-5f76-aea8-330df7ada03e
1299,1788905387,1338824,14,29,0,0,1299,0,1122226,1496138,6ede00d0-baf4-573f-a0dd-4a503bf7f766,6ede00d0-baf4-573f-a0dd-4a503bf7f766
1300,1788905416,1338824,14,29,0,0,1300,0,1123094,1497293,4fa33dcb-5f76-5f76-aea8-330df7ada03e,4fa33dcb-5f76-5f76-aea8-330df7ada03e
1301,1788905445,1338824,14,29,0,0,1301,0,1123958,1498447,6ede00d0-baf4-573f-a0dd-4a503bf7f766,6ede00d0-baf4-573f-a0dd-4a503bf7f766
1302,1788905474,1338824,14,29,0,0,1302,0,1124822,1499597,4fa33dcb-5f76-5f76-aea8-330df7ada03e,4fa33dcb-5f76-5f76-aea8-330df7ada03e
1303,1788905502,1338824,14,29,0,0,1303,0,1125686,1500750,6ede00d0-baf4-573f-a0dd-4a503bf7f766,6ede00d0-baf4-573f-a0dd-4a503bf7f766
1304,1788905531,1338824,14,29,0,0,1304,0,1126550,1501900,4fa33dcb-5f76-5f76-aea8-330df7ada03e,4fa33dcb-5f76-5f76-aea8-330df7ada03e
1305,1788905560,1338824,14,29,0,0,1305,0,1127416,1503057,6ede00d0-baf4-573f-a0dd-4a503bf7f766,6ede00d0-baf4-573f-a0dd-4a503bf7f766
1306,1788905589,1338824,14,29,0,0,1306,0,1128281,1504208,4fa33dcb-5f76-5f76-aea8-330df7ada03e,4fa33dcb-5f76-5f76-aea8-330df7ada03e
1307,1788905618,1338824,14,29,0,0,1307,0,1129144,1505361,6ede00d0-baf4-573f-a0dd-4a503bf7f766,6ede00d0-baf4-573f-a0dd-4a503bf7f766
1308,1788905646,1338824,14,29,0,0,1308,0,1130008,1506511,4fa33dcb-5f76-5f76-aea8-330df7ada03e,4fa33dcb-5f76-5f76-aea8-330df7ada03e
1309,1788905675,1338824,14,29,0,0,1309,0,1130872,1507664,6ede00d0-baf4-573f-a0dd-4a503bf7f766,6ede00d0-baf4-573f-a0dd-4a503bf7f766
1310,1788905704,1338824,14,29,0,0,1310,0,1131738,1508818,4fa33dcb-5f76-5f76-aea8-330df7ada03e,4fa33dcb-5f76-5f76-aea8-330df7ada03e
1311,1788905733,1338824,14,29,0,0,1311,0,1132604,1509972,6ede00d0-baf4-573f-a0dd-4a503bf7f766,6ede00d0-baf4-573f-a0dd-4a503bf7f766
1312,1788905762,1338824,14,29,0,0,1312,0,1133467,1511122,4fa33dcb-5f76-5f76-aea8-330df7ada03e,4fa33dcb-5f76-5f76-aea8-330df7ada03e
1313,1788905790,1338828,14,29,0,0,1313,0,1134331,1512275,6ede00d0-baf4-573f-a0dd-4a503bf7f766,6ede00d0-baf4-573f-a0dd-4a503bf7f766
1314,1788905819,1338832,14,29,0,0,1314,0,1135196,1513427,4fa33dcb-5f76-5f76-aea8-330df7ada03e,4fa33dcb-5f76-5f76-aea8-330df7ada03e
1315,1788905848,1338832,14,29,0,0,1315,0,1136062,1514583,6ede00d0-baf4-573f-a0dd-4a503bf7f766,6ede00d0-baf4-573f-a0dd-4a503bf7f766
1316,1788905877,1338832,14,29,0,0,1316,0,1136926,1515733,4fa33dcb-5f76-5f76-aea8-330df7ada03e,4fa33dcb-5f76-5f76-aea8-330df7ada03e
1317,1788905906,1338832,14,29,0,0,1317,0,1137789,1516886,6ede00d0-baf4-573f-a0dd-4a503bf7f766,6ede00d0-baf4-573f-a0dd-4a503bf7f766
1318,1788905934,1338832,14,29,0,0,1318,0,1138653,1518036,4fa33dcb-5f76-5f76-aea8-330df7ada03e,4fa33dcb-5f76-5f76-aea8-330df7ada03e
1319,1788905963,1338832,14,29,0,0,1319,0,1139518,1519190,6ede00d0-baf4-573f-a0dd-4a503bf7f766,6ede00d0-baf4-573f-a0dd-4a503bf7f766
1320,1788905992,1338832,14,29,0,0,1320,0,1140384,1520344,4fa33dcb-5f76-5f76-aea8-330df7ada03e,4fa33dcb-5f76-5f76-aea8-330df7ada03e
1321,1788906021,1338832,14,29,0,0,1321,0,1141248,1521496,6ede00d0-baf4-573f-a0dd-4a503bf7f766,6ede00d0-baf4-573f-a0dd-4a503bf7f766
1322,1788906050,1338832,14,29,0,0,1322,0,1142112,1522647,4fa33dcb-5f76-5f76-aea8-330df7ada03e,4fa33dcb-5f76-5f76-aea8-330df7ada03e
1323,1788906078,1338832,14,29,0,0,1323,0,1142975,1523799,6ede00d0-baf4-573f-a0dd-4a503bf7f766,6ede00d0-baf4-573f-a0dd-4a503bf7f766
1324,1788906107,1338832,14,29,0,0,1324,0,1143839,1524950,4fa33dcb-5f76-5f76-aea8-330df7ada03e,4fa33dcb-5f76-5f76-aea8-330df7ada03e
1325,1788906136,1338832,14,29,0,0,1325,0,1144706,1526107,6ede00d0-baf4-573f-a0dd-4a503bf7f766,6ede00d0-baf4-573f-a0dd-4a503bf7f766
1326,1788906165,1338832,14,29,0,0,1326,0,1145571,1527258,4fa33dcb-5f76-5f76-aea8-330df7ada03e,4fa33dcb-5f76-5f76-aea8-330df7ada03e
1327,1788906194,1338832,14,29,0,0,1327,0,1146434,1528410,6ede00d0-baf4-573f-a0dd-4a503bf7f766,6ede00d0-baf4-573f-a0dd-4a503bf7f766
1328,1788906222,1338832,14,29,0,0,1328,0,1147298,1529560,4fa33dcb-5f76-5f76-aea8-330df7ada03e,4fa33dcb-5f76-5f76-aea8-330df7ada03e
1329,1788906251,1338836,14,29,0,0,1329,0,1148161,1530713,6ede00d0-baf4-573f-a0dd-4a503bf7f766,6ede00d0-baf4-573f-a0dd-4a503bf7f766
1330,1788906280,1338836,14,29,0,0,1330,0,1149028,1531867,4fa33dcb-5f76-5f76-aea8-330df7ada03e,4fa33dcb-5f76-5f76-aea8-330df7ada03e
1331,1788906309,1338836,14,29,0,0,1331,0,1149893,1533021,6ede00d0-baf4-573f-a0dd-4a503bf7f766,6ede00d0-baf4-573f-a0dd-4a503bf7f766
1332,1788906338,1338836,14,29,0,0,1332,0,1150756,1534171,4fa33dcb-5f76-5f76-aea8-330df7ada03e,4fa33dcb-5f76-5f76-aea8-330df7ada03e
1333,1788906366,1338836,14,29,0,0,1333,0,1151620,1535324,6ede00d0-baf4-573f-a0dd-4a503bf7f766,6ede00d0-baf4-573f-a0dd-4a503bf7f766
1334,1788906395,1338836,14,29,0,0,1334,0,1152484,1536475,4fa33dcb-5f76-5f76-aea8-330df7ada03e,4fa33dcb-5f76-5f76-aea8-330df7ada03e
1335,1788906424,1338836,14,29,0,0,1335,0,1153351,1537631,6ede00d0-baf4-573f-a0dd-4a503bf7f766,6ede00d0-baf4-573f-a0dd-4a503bf7f766
1336,1788906453,1338836,14,29,0,0,1336,0,1154216,1538784,4fa33dcb-5f76-5f76-aea8-330df7ada03e,4fa33dcb-5f76-5f76-aea8-330df7ada03e
1337,1788906482,1338836,14,29,0,0,1337,0,1155080,1539937,6ede00d0-baf4-573f-a0dd-4a503bf7f766,6ede00d0-baf4-573f-a0dd-4a503bf7f766
1338,1788906510,1338836,14,29,0,0,1338,0,1155944,1541087,4fa33dcb-5f76-5f76-aea8-330df7ada03e,4fa33dcb-5f76-5f76-aea8-330df7ada03e
1339,1788906539,1338836,14,29,0,0,1339,0,1156808,1542240,6ede00d0-baf4-573f-a0dd-4a503bf7f766,6ede00d0-baf4-573f-a0dd-4a503bf7f766
1340,1788906568,1338836,14,29,0,0,1340,0,1157673,1543394,4fa33dcb-5f76-5f76-aea8-330df7ada03e,4fa33dcb-5f76-5f76-aea8-330df7ada03e
1341,1788906597,1338836,14,29,0,0,1341,0,1158537,1544546,6ede00d0-baf4-573f-a0dd-4a503bf7f766,6ede00d0-baf4-573f-a0dd-4a503bf7f766
1342,1788906626,1338836,14,29,0,0,1342,0,1159401,1545697,4fa33dcb-5f76-5f76-aea8-330df7ada03e,4fa33dcb-5f76-5f76-aea8-330df7ada03e
1343,1788906654,1338836,14,29,0,0,1343,0,1160265,1546850,6ede00d0-baf4-573f-a0dd-4a503bf7f766,6ede00d0-baf4-573f-a0dd-4a503bf7f766
1344,1788906683,1338836,14,29,0,0,1344,0,1161129,1548000,4fa33dcb-5f76-5f76-aea8-330df7ada03e,4fa33dcb-5f76-5f76-aea8-330df7ada03e
1345,1788906712,1338840,14,29,0,0,1345,0,1161995,1549157,6ede00d0-baf4-573f-a0dd-4a503bf7f766,6ede00d0-baf4-573f-a0dd-4a503bf7f766
1346,1788906741,1338840,14,29,0,0,1346,0,1162860,1550308,4fa33dcb-5f76-5f76-aea8-330df7ada03e,4fa33dcb-5f76-5f76-aea8-330df7ada03e
1347,1788906770,1338840,14,29,0,0,1347,0,1163724,1551461,6ede00d0-baf4-573f-a0dd-4a503bf7f766,6ede00d0-baf4-573f-a0dd-4a503bf7f766
1348,1788906798,1338840,14,29,0,0,1348,0,1164588,1552612,4fa33dcb-5f76-5f76-aea8-330df7ada03e,4fa33dcb-5f76-5f76-aea8-330df7ada03e
1349,1788906827,1338840,14,29,0,0,1349,0,1165452,1553766,6ede00d0-baf4-573f-a0dd-4a503bf7f766,6ede00d0-baf4-573f-a0dd-4a503bf7f766
1350,1788906856,1338840,14,29,0,0,1350,0,1166319,1554920,4fa33dcb-5f76-5f76-aea8-330df7ada03e,4fa33dcb-5f76-5f76-aea8-330df7ada03e
1351,1788906885,1338840,14,29,0,0,1351,0,1167183,1556073,6ede00d0-baf4-573f-a0dd-4a503bf7f766,6ede00d0-baf4-573f-a0dd-4a503bf7f766
1352,1788906914,1338840,14,29,0,0,1352,0,1168047,1557224,4fa33dcb-5f76-5f76-aea8-330df7ada03e,4fa33dcb-5f76-5f76-aea8-330df7ada03e
1353,1788906942,1338840,14,29,0,0,1353,0,1168911,1558377,6ede00d0-baf4-573f-a0dd-4a503bf7f766,6ede00d0-baf4-573f-a0dd-4a503bf7f766
1354,1788906971,1338840,14,29,0,0,1354,0,1169775,1559528,4fa33dcb-5f76-5f76-aea8-330df7ada03e,4fa33dcb-5f76-5f76-aea8-330df7ada03e
1355,1788907000,1338840,14,29,0,0,1355,0,1170642,1560684,6ede00d0-baf4-573f-a0dd-4a503bf7f766,6ede00d0-baf4-573f-a0dd-4a503bf7f766
1356,1788907029,1338840,14,29,0,0,1356,0,1171506,1561835,4fa33dcb-5f76-5f76-aea8-330df7ada03e,4fa33dcb-5f76-5f76-aea8-330df7ada03e
1357,1788907058,1338840,14,29,0,0,1357,0,1172370,1562988,6ede00d0-baf4-573f-a0dd-4a503bf7f766,6ede00d0-baf4-573f-a0dd-4a503bf7f766
1358,1788907086,1338840,14,29,0,0,1358,0,1173234,1564139,4fa33dcb-5f76-5f76-aea8-330df7ada03e,4fa33dcb-5f76-5f76-aea8-330df7ada03e
1359,1788907115,1338840,14,29,0,0,1359,0,1174098,1565292,6ede00d0-baf4-573f-a0dd-4a503bf7f766,6ede00d0-baf4-573f-a0dd-4a503bf7f766
1360,1788907144,1338840,14,29,0,0,1360,0,1174965,1566446,4fa33dcb-5f76-5f76-aea8-330df7ada03e,4fa33dcb-5f76-5f76-aea8-330df7ada03e
1361,1788907173,1338840,14,29,0,0,1361,0,1175828,1567598,6ede00d0-baf4-573f-a0dd-4a503bf7f766,6ede00d0-baf4-573f-a0dd-4a503bf7f766
1362,1788907202,1338840,14,29,0,0,1362,0,1176692,1568749,4fa33dcb-5f76-5f76-aea8-330df7ada03e,4fa33dcb-5f76-5f76-aea8-330df7ada03e
1363,1788907230,1338844,14,29,0,0,1363,0,1177556,1569902,6ede00d0-baf4-573f-a0dd-4a503bf7f766,6ede00d0-baf4-573f-a0dd-4a503bf7f766
1364,1788907259,1338844,14,29,0,0,1364,0,1178420,1571052,4fa33dcb-5f76-5f76-aea8-330df7ada03e,4fa33dcb-5f76-5f76-aea8-330df7ada03e
1365,1788907288,1338844,14,29,0,0,1365,0,1179286,1572208,6ede00d0-baf4-573f-a0dd-4a503bf7f766,6ede00d0-baf4-573f-a0dd-4a503bf7f766
1366,1788907317,1338844,14,29,0,0,1366,0,1180150,1573359,4fa33dcb-5f76-5f76-aea8-330df7ada03e,4fa33dcb-5f76-5f76-aea8-330df7ada03e
1367,1788907346,1338844,14,29,0,0,1367,0,1181015,1574512,6ede00d0-baf4-573f-a0dd-4a503bf7f766,6ede00d0-baf4-573f-a0dd-4a503bf7f766
1368,1788907374,1338844,14,29,0,0,1368,0,1181879,1575662,4fa33dcb-5f76-5f76-aea8-330df7ada03e,4fa33dcb-5f76-5f76-aea8-330df7ada03e
1369,1788907403,1338844,14,29,0,0,1369,0,1182743,1576816,6ede00d0-baf4-573f-a0dd-4a503bf7f766,6ede00d0-baf4-573f-a0dd-4a503bf7f766
1370,1788907432,1338844,14,29,0,0,1370,0,1183609,1577970,4fa33dcb-5f76-5f76-aea8-330df7ada03e,4fa33dcb-5f76-5f76-aea8-330df7ada03e
1371,1788907461,1338844,14,29,0,0,1371,0,1184473,1579123,6ede00d0-baf4-573f-a0dd-4a503bf7f766,6ede00d0-baf4-573f-a0dd-4a503bf7f766
1372,1788907490,1338844,14,29,0,0,1372,0,1185337,1580273,4fa33dcb-5f76-5f76-aea8-330df7ada03e,4fa33dcb-5f76-5f76-aea8-330df7ada03e
1373,1788907518,1338844,14,29,0,0,1373,0,1186200,1581426,6ede00d0-baf4-573f-a0dd-4a503bf7f766,6ede00d0-baf4-573f-a0dd-4a503bf7f766
1374,1788907547,1338844,14,29,0,0,1374,0,1187064,1582576,4fa33dcb-5f76-5f76-aea8-330df7ada03e,4fa33dcb-5f76-5f76-aea8-330df7ada03e
1375,1788907576,1338844,14,29,0,0,1375,0,1187931,1583733,6ede00d0-baf4-573f-a0dd-4a503bf7f766,6ede00d0-baf4-573f-a0dd-4a503bf7f766
1376,1788907605,1338844,14,29,0,0,1376,0,1188794,1584883,4fa33dcb-5f76-5f76-aea8-330df7ada03e,4fa33dcb-5f76-5f76-aea8-330df7ada03e
1377,1788907634,1338844,14,29,0,0,1377,0,1189658,1586036,6ede00d0-baf4-573f-a0dd-4a503bf7f766,6ede00d0-baf4-573f-a0dd-4a503bf7f766
1378,1788907662,1338844,14,29,0,0,1378,0,1190522,1587187,4fa33dcb-5f76-5f76-aea8-330df7ada03e,4fa33dcb-5f76-5f76-aea8-330df7ada03e
1379,1788907691,1338848,14,29,0,0,1379,0,1191386,1588340,6ede00d0-baf4-573f-a0dd-4a503bf7f766,6ede00d0-baf4-573f-a0dd-4a503bf7f766
1380,1788907720,1338848,14,29,0,0,1380,0,1192253,1589493,4fa33dcb-5f76-5f76-aea8-330df7ada03e,4fa33dcb-5f76-5f76-aea8-330df7ada03e
1381,1788907749,1338848,14,29,0,0,1381,0,1193117,1590647,6ede00d0-baf4-573f-a0dd-4a503bf7f766,6ede00d0-baf4-573f-a0dd-4a503bf7f766
1382,1788907778,1338848,14,29,0,0,1382,0,1193981,1591797,4fa33dcb-5f76-5f76-aea8-330df7ada03e,4fa33dcb-5f76-5f76-aea8-330df7ada03e
1383,1788907806,1338848,14,29,0,0,1383,0,1194844,1592949,6ede00d0-baf4-573f-a0dd-4a503bf7f766,6ede00d0-baf4-573f-a0dd-4a503bf7f766
1384,1788907835,1338848,14,29,0,0,1384,0,1195708,1594100,4fa33dcb-5f76-5f76-aea8-330df7ada03e,4fa33dcb-5f76-5f76-aea8-330df7ada03e
1385,1788907864,1338848,14,29,0,0,1385,0,1196574,1595256,6ede00d0-baf4-573f-a0dd-4a503bf7f766,6ede00d0-baf4-573f-a0dd-4a503bf7f766
1386,1788907893,1338848,14,29,0,0,1386,0,1197438,1596407,4fa33dcb-5f76-5f76-aea8-330df7ada03e,4fa33dcb-5f76-5f76-aea8-330df7ada03e
1387,1788907922,1338852,14,29,0,0,1387,0,1198302,1597559,6ede00d0-baf4-573f-a0dd-4a503bf7f766,6ede00d0-baf4-573f-a0dd-4a503bf7f766
1388,1788907950,1338852,14,29,0,0,1388,0,1199166,1598710,4fa33dcb-5f76-5f76-aea8-330df7ada03e,4fa33dcb-5f76-5f76-aea8-330df7ada03e
1389,1788907979,1338852,14,29,0,0,1389,0,1200030,1599863,6ede00d0-baf4-573f-a0dd-4a503bf7f766,6ede00d0-baf4-573f-a0dd-4a503bf7f766
1390,1788908008,1338852,14,29,0,0,1390,0,1200897,1601018,4fa33dcb-5f76-5f76-aea8-330df7ada03e,4fa33dcb-5f76-5f76-aea8-330df7ada03e
1391,1788908037,1338852,14,29,0,0,1391,0,1201761,1602170,6ede00d0-baf4-573f-a0dd-4a503bf7f766,6ede00d0-baf4-573f-a0dd-4a503bf7f766
1392,1788908066,1338852,14,29,0,0,1392,0,1202625,1603322,4fa33dcb-5f76-5f76-aea8-330df7ada03e,4fa33dcb-5f76-5f76-aea8-330df7ada03e
1393,1788908094,1338852,14,29,0,0,1393,0,1203489,1604475,6ede00d0-baf4-573f-a0dd-4a503bf7f766,6ede00d0-baf4-573f-a0dd-4a503bf7f766
1394,1788908123,1338852,14,29,0,0,1394,0,1204353,1605625,4fa33dcb-5f76-5f76-aea8-330df7ada03e,4fa33dcb-5f76-5f76-aea8-330df7ada03e
1395,1788908152,1338856,14,29,0,0,1395,0,1205220,1606782,6ede00d0-baf4-573f-a0dd-4a503bf7f766,6ede00d0-baf4-573f-a0dd-4a503bf7f766
1396,1788908181,1338856,14,29,0,0,1396,0,1206085,1607934,4fa33dcb-5f76-5f76-aea8-330df7ada03e,4fa33dcb-5f76-5f76-aea8-330df7ada03e
1397,1788908210,1338856,14,29,0,0,1397,0,1206950,1609088,6ede00d0-baf4-573f-a0dd-4a503bf7f766,6ede00d0-baf4-573f-a0dd-4a503bf7f766
1398,1788908238,1338856,14,29,0,0,1398,0,1207814,1610238,4fa33dcb-5f76-5f76-aea8-330df7ada03e,4fa33dcb-5f76-5f76-aea8-330df7ada03e
1399,1788908267,1338856,14,29,0,0,1399,0,1208678,1611392,6ede00d0-baf4-573f-a0dd-4a503bf7f766,6ede00d0-baf4-573f-a0dd-4a503bf7f766
1400,1788908296,1338856,14,29,0,0,1400,0,1209545,1612546,4fa33dcb-5f76-5f76-aea8-330df7ada03e,4fa33dcb-5f76-5f76-aea8-330df7ada03e
1401,1788908325,1338856,14,29,0,0,1401,0,1210409,1613700,6ede00d0-baf4-573f-a0dd-4a503bf7f766,6ede00d0-baf4-573f-a0dd-4a503bf7f766
1402,1788908354,1338856,14,29,0,0,1402,0,1211273,1614850,4fa33dcb-5f76-5f76-aea8-330df7ada03e,4fa33dcb-5f76-5f76-aea8-330df7ada03e
1403,1788908382,1338856,14,29,0,0,1403,0,1212137,1616003,6ede00d0-baf4-573f-a0dd-4a503bf7f766,6ede00d0-baf4-573f-a0dd-4a503bf7f766
1404,1788908411,1338856,14,29,0,0,1404,0,1213002,1617155,4fa33dcb-5f76-5f76-aea8-330df7ada03e,4fa33dcb-5f76-5f76-aea8-330df7ada03e
1405,1788908440,1338856,14,29,0,0,1405,0,1213868,1618311,6ede00d0-baf4-573f-a0dd-4a503bf7f766,6ede00d0-baf4-573f-a0dd-4a503bf7f766
1406,1788908469,1338856,14,29,0,0,1406,0,1214732,1619461,4fa33dcb-5f76-5f76-aea8-330df7ada03e,4fa33dcb-5f76-5f76-aea8-330df7ada03e
1407,1788908498,1338856,14,29,0,0,1407,0,1215596,1620615,6ede00d0-baf4-573f-a0dd-4a503bf7f766,6ede00d0-baf4-573f-a0dd-4a503bf7f766
1408,1788908526,1338856,14,29,0,0,1408,0,1216460,1621765,4fa33dcb-5f76-5f76-aea8-330df7ada03e,4fa33dcb-5f76-5f76-aea8-330df7ada03e
1409,1788908555,1338856,14,29,0,0,1409,0,1217324,1622918,6ede00d0-baf4-573f-a0dd-4a503bf7f766,6ede00d0-baf4-573f-a0dd-4a503bf7f766
1410,1788908584,1338856,14,29,0,0,1410,0,1218193,1624076,4fa33dcb-5f76-5f76-aea8-330df7ada03e,4fa33dcb-5f76-5f76-aea8-330df7ada03e
1411,1788908613,1338860,14,29,0,0,1411,0,1219057,1625228,6ede00d0-baf4-573f-a0dd-4a503bf7f766,6ede00d0-baf4-573f-a0dd-4a503bf7f766
1412,1788908642,1338860,14,29,0,0,1412,0,1219921,1626379,4fa33dcb-5f76-5f76-aea8-330df7ada03e,4fa33dcb-5f76-5f76-aea8-330df7ada03e
1413,1788908671,1338860,14,29,0,0,1413,0,1220784,1627531,6ede00d0-baf4-573f-a0dd-4a503bf7f766,6ede00d0-baf4-573f-a0dd-4a503bf7f766
1414,1788908699,1338860,14,29,0,0,1414,0,1221648,1628682,4fa33dcb-5f76-5f76-aea8-330df7ada03e,4fa33dcb-5f76-5f76-aea8-330df7ada03e
1415,1788908728,1338860,14,29,0,0,1415,0,1222515,1629838,6ede00d0-baf4-573f-a0dd-4a503bf7f766,6ede00d0-baf4-573f-a0dd-4a503bf7f766
1416,1788908757,1338860,14,29,0,0,1416,0,1223378,1630988,4fa33dcb-5f76-5f76-aea8-330df7ada03e,4fa33dcb-5f76-5f76-aea8-330df7ada03e
1417,1788908786,1338860,14,29,0,0,1417,0,1224244,1632143,6ede00d0-baf4-573f-a0dd-4a503bf7f766,6ede00d0-baf4-573f-a0dd-4a503bf7f766
1418,1788908815,1338860,14,29,0,0,1418,0,1225108,1633294,4fa33dcb-5f76-5f76-aea8-330df7ada03e,4fa33dcb-5f76-5f76-aea8-330df7ada03e
1419,1788908843,1338860,14,29,0,0,1419,0,1225972,1634447,6ede00d0-baf4-573f-a0dd-4a503bf7f766,6ede00d0-baf4-573f-a0dd-4a503bf7f766
1420,1788908872,1338860,14,29,0,0,1420,0,1226839,1635602,4fa33dcb-5f76-5f76-aea8-330df7ada03e,4fa33dcb-5f76-5f76-aea8-330df7ada03e
1421,1788908901,1338860,14,29,0,0,1421,0,1227703,1636754,6ede00d0-baf4-573f-a0dd-4a503bf7f766,6ede00d0-baf4-573f-a0dd-4a503bf7f766
1422,1788908930,1338860,14,29,0,0,1422,0,1228567,1637905,4fa33dcb-5f76-5f76-aea8-330df7ada03e,4fa33dcb-5f76-5f76-aea8-330df7ada03e
1423,1788908959,1338860,14,29,0,0,1423,0,1229430,1639057,6ede00d0-baf4-573f-a0dd-4a503bf7f766,6ede00d0-baf4-573f-a0dd-4a503bf7f766
1424,1788908987,1338860,14,29,0,0,1424,0,1230294,1640208,4fa33dcb-5f76-5f76-aea8-330df7ada03e,4fa33dcb-5f76-5f76-aea8-330df7ada03e
1425,1788909016,1338860,14,29,0,0,1425,0,1231161,1641364,6ede00d0-baf4-573f-a0dd-4a503bf7f766,6ede00d0-baf4-573f-a0dd-4a503bf7f766
1426,1788909045,1338860,14,29,0,0,1426,0,1232025,1642515,4fa33dcb-5f76-5f76-aea8-330df7ada03e,4fa33dcb-5f76-5f76-aea8-330df7ada03e
1427,1788909074,1338860,14,29,0,0,1427,0,1232889,1643668,6ede00d0-baf4-573f-a0dd-4a503bf7f766,6ede00d0-baf4-573f-a0dd-4a503bf7f766
1428,1788909103,1338860,14,29,0,0,1428,0,1233753,1644819,4fa33dcb-5f76-5f76-aea8-330df7ada03e,4fa33dcb-5f76-5f76-aea8-330df7ada03e
1429,1788909131,1338864,14,29,0,0,1429,0,1234616,1645972,6ede00d0-baf4-573f-a0dd-4a503bf7f766,6ede00d0-baf4-573f-a0dd-4a503bf7f766
1430,1788909160,1338864,14,29,0,0,1430,0,1235482,1647126,4fa33dcb-5f76-5f76-aea8-330df7ada03e,4fa33dcb-5f76-5f76-aea8-330df7ada03e
1431,1788909189,1338864,14,29,0,0,1431,0,1236346,1648279,6ede00d0-baf4-573f-a0dd-4a503bf7f766,6ede00d0-baf4-573f-a0dd-4a503bf7f766
1432,1788909218,1338864,14,29,0,0,1432,0,1237210,1649430,4fa33dcb-5f76-5f76-aea8-330df7ada03e,4fa33dcb-5f76-5f76-aea8-330df7ada03e
1433,1788909247,1338864,14,29,0,0,1433,0,1238074,1650582,6ede00d0-baf4-573f-a0dd-4a503bf7f766,6ede00d0-baf4-573f-a0dd-4a503bf7f766
1434,1788909275,1338864,14,29,0,0,1434,0,1238938,1651733,4fa33dcb-5f76-5f76-aea8-330df7ada03e,4fa33dcb-5f76-5f76-aea8-330df7ada03e
1435,1788909304,1338864,14,29,0,0,1435,0,1239804,1652889,6ede00d0-baf4-573f-a0dd-4a503bf7f766,6ede00d0-baf4-573f-a0dd-4a503bf7f766
1436,1788909333,1338864,14,29,0,0,1436,0,1240668,1654039,4fa33dcb-5f76-5f76-aea8-330df7ada03e,4fa33dcb-5f76-5f76-aea8-330df7ada03e
1437,1788909362,1338864,14,29,0,0,1437,0,1241531,1655192,6ede00d0-baf4-573f-a0dd-4a503bf7f766,6ede00d0-baf4-573f-a0dd-4a503bf7f766
1438,1788909391,1338864,14,29,0,0,1438,0,1242395,1656342,4fa33dcb-5f76-5f76-aea8-330df7ada03e,4fa33dcb-5f76-5f76-aea8-330df7ada03e
1439,1788909419,1338864,14,29,0,0,1439,0,1243260,1657495,6ede00d0-baf4-573f-a0dd-4a503bf7f766,6ede00d0-baf4-573f-a0dd-4a503bf7f766
1440,1788909448,1338864,14,29,0,0,1440,0,1244126,1658650,4fa33dcb-5f76-5f76-aea8-330df7ada03e,4fa33dcb-5f76-5f76-aea8-330df7ada03e
1441,1788909477,1338864,14,29,0,0,1441,0,1244990,1659802,6ede00d0-baf4-573f-a0dd-4a503bf7f766,6ede00d0-baf4-573f-a0dd-4a503bf7f766
1442,1788909506,1338864,14,29,0,0,1442,0,1245855,1660955,4fa33dcb-5f76-5f76-aea8-330df7ada03e,4fa33dcb-5f76-5f76-aea8-330df7ada03e
1443,1788909535,1338864,14,29,0,0,1443,0,1246719,1662107,6ede00d0-baf4-573f-a0dd-4a503bf7f766,6ede00d0-baf4-573f-a0dd-4a503bf7f766
1444,1788909563,1338864,14,29,0,0,1444,0,1247582,1663257,4fa33dcb-5f76-5f76-aea8-330df7ada03e,4fa33dcb-5f76-5f76-aea8-330df7ada03e
1445,1788909592,1338868,14,29,0,0,1445,0,1248449,1664414,6ede00d0-baf4-573f-a0dd-4a503bf7f766,6ede00d0-baf4-573f-a0dd-4a503bf7f766
1446,1788909621,1338868,14,29,0,0,1446,0,1249313,1665564,4fa33dcb-5f76-5f76-aea8-330df7ada03e,4fa33dcb-5f76-5f76-aea8-330df7ada03e
1447,1788909650,1338868,14,29,0,0,1447,0,1250177,1666718,6ede00d0-baf4-573f-a0dd-4a503bf7f766,6ede00d0-baf4-573f-a0dd-4a503bf7f766
1448,1788909679,1338868,14,29,0,0,1448,0,1251042,1667869,4fa33dcb-5f76-5f76-aea8-330df7ada03e,4fa33dcb-5f76-5f76-aea8-330df7ada03e
1449,1788909707,1338868,14,29,0,0,1449,0,1251906,1669022,6ede00d0-baf4-573f-a0dd-4a503bf7f766,6ede00d0-baf4-573f-a0dd-4a503bf7f766
1450,1788909736,1338868,14,29,0,0,1450,0,1252773,1670177,4fa33dcb-5f76-5f76-aea8-330df7ada03e,4fa33dcb-5f76-5f76-aea8-330df7ada03e
1451,1788909765,1338868,14,29,0,0,1451,0,1253637,1671330,6ede00d0-baf4-573f-a0dd-4a503bf7f766,6ede00d0-baf4-573f-a0dd-4a503bf7f766
1452,1788909794,1338868,14,29,0,0,1452,0,1254501,1672481,4fa33dcb-5f76-5f76-aea8-330df7ada03e,4fa33dcb-5f76-5f76-aea8-330df7ada03e
1453,1788909823,1338868,14,29,0,0,1453,0,1255365,1673634,6ede00d0-baf4-573f-a0dd-4a503bf7f766,6ede00d0-baf4-573f-a0dd-4a503bf7f766
1454,1788909851,1338868,14,29,0,0,1454,0,1256229,1674784,4fa33dcb-5f76-5f76-aea8-330df7ada03e,4fa33dcb-5f76-5f76-aea8-330df7ada03e
1455,1788909880,1338868,14,29,0,0,1455,0,1257096,1675941,6ede00d0-baf4-573f-a0dd-4a503bf7f766,6ede00d0-baf4-573f-a0dd-4a503bf7f766
1456,1788909909,1338868,14,29,0,0,1456,0,1257960,1677092,4fa33dcb-5f76-5f76-aea8-330df7ada03e,4fa33dcb-5f76-5f76-aea8-330df7ada03e
1457,1788909938,1338868,14,29,0,0,1457,0,1258824,1678245,6ede00d0-baf4-573f-a0dd-4a503bf7f766,6ede00d0-baf4-573f-a0dd-4a503bf7f766
1458,1788909967,1338868,14,29,0,0,1458,0,1259688,1679396,4fa33dcb-5f76-5f76-aea8-330df7ada03e,4fa33dcb-5f76-5f76-aea8-330df7ada03e
1459,1788909995,1338868,14,29,0,0,1459,0,1260552,1680549,6ede00d0-baf4-573f-a0dd-4a503bf7f766,6ede00d0-baf4-573f-a0dd-4a503bf7f766
1460,1788910024,1338872,14,29,0,0,1460,0,1261418,1681702,4fa33dcb-5f76-5f76-aea8-330df7ada03e,4fa33dcb-5f76-5f76-aea8-330df7ada03e
1461,1788910053,1338876,14,29,0,0,1461,0,1262283,1682856,6ede00d0-baf4-573f-a0dd-4a503bf7f766,6ede00d0-baf4-573f-a0dd-4a503bf7f766
1462,1788910082,1338876,14,29,0,0,1462,0,1263147,1684006,4fa33dcb-5f76-5f76-aea8-330df7ada03e,4fa33dcb-5f76-5f76-aea8-330df7ada03e
1463,1788910111,1338876,14,29,0,0,1463,0,1264011,1685159,6ede00d0-baf4-573f-a0dd-4a503bf7f766,6ede00d0-baf4-573f-a0dd-4a503bf7f766
1464,1788910139,1338876,14,29,0,0,1464,0,1264875,1686309,4fa33dcb-5f76-5f76-aea8-330df7ada03e,4fa33dcb-5f76-5f76-aea8-330df7ada03e
1465,1788910168,1338876,14,29,0,0,1465,0,1265742,1687466,6ede00d0-baf4-573f-a0dd-4a503bf7f766,6ede00d0-baf4-573f-a0dd-4a503bf7f766
1466,1788910197,1338876,14,29,0,0,1466,0,1266606,1688617,4fa33dcb-5f76-5f76-aea8-330df7ada03e,4fa33dcb-5f76-5f76-aea8-330df7ada03e
1467,1788910226,1338876,14,29,0,0,1467,0,1267470,1689771,6ede00d0-baf4-573f-a0dd-4a503bf7f766,6ede00d0-baf4-573f-a0dd-4a503bf7f766
1468,1788910255,1338876,14,29,0,0,1468,0,1268334,1690921,4fa33dcb-5f76-5f76-aea8-330df7ada03e,4fa33dcb-5f76-5f76-aea8-330df7ada03e
1469,1788910283,1338876,14,29,0,0,1469,0,1269198,1692074,6ede00d0-baf4-573f-a0dd-4a503bf7f766,6ede00d0-baf4-573f-a0dd-4a503bf7f766
1470,1788910312,1338876,14,29,0,0,1470,0,1270065,1693229,4fa33dcb-5f76-5f76-aea8-330df7ada03e,4fa33dcb-5f76-5f76-aea8-330df7ada03e
1471,1788910341,1338876,14,29,0,0,1471,0,1270929,1694381,6ede00d0-baf4-573f-a0dd-4a503bf7f766,6ede00d0-baf4-573f-a0dd-4a503bf7f766
1472,1788910370,1338876,14,29,0,0,1472,0,1271792,1695531,4fa33dcb-5f76-5f76-aea8-330df7ada03e,4fa33dcb-5f76-5f76-aea8-330df7ada03e
1473,1788910399,1338876,14,29,0,0,1473,0,1272657,1696685,6ede00d0-baf4-573f-a0dd-4a503bf7f766,6ede00d0-baf4-573f-a0dd-4a503bf7f766
1474,1788910427,1338876,14,29,0,0,1474,0,1273521,1697835,4fa33dcb-5f76-5f76-aea8-330df7ada03e,4fa33dcb-5f76-5f76-aea8-330df7ada03e
1475,1788910456,1338876,14,29,0,0,1475,0,1274392,1698998,6ede00d0-baf4-573f-a0dd-4a503bf7f766,6ede00d0-baf4-573f-a0dd-4a503bf7f766
1476,1788910485,1338876,14,29,0,0,1476,0,1275257,1700150,4fa33dcb-5f76-5f76-aea8-330df7ada03e,4fa33dcb-5f76-5f76-aea8-330df7ada03e
1477,1788910514,1338880,14,29,0,0,1477,0,1276122,1701304,6ede00d0-baf4-573f-a0dd-4a503bf7f766,6ede00d0-baf4-573f-a0dd-4a503bf7f766
1478,1788910543,1338880,14,29,0,0,1478,0,1276985,1702454,4fa33dcb-5f76-5f76-aea8-330df7ada03e,4fa33dcb-5f76-5f76-aea8-330df7ada03e
1479,1788910572,1338880,14,29,0,0,1479,0,1277849,1703607,6ede00d0-baf4-573f-a0dd-4a503bf7f766,6ede00d0-baf4-573f-a0dd-4a503bf7f766
1480,1788910601,1338880,14,29,0,0,1480,0,1278716,1704762,4fa33dcb-5f76-5f76-aea8-330df7ada03e,4fa33dcb-5f76-5f76-aea8-330df7ada03e
1481,1788910629,1338880,14,29,0,0,1481,0,1279581,1705916,6ede00d0-baf4-573f-a0dd-4a503bf7f766,6ede00d0-baf4-573f-a0dd-4a503bf7f766
1482,1788910658,1338880,14,29,0,0,1482,0,1280445,1707066,4fa33dcb-5f76-5f76-aea8-330df7ada03e,4fa33dcb-5f76-5f76-aea8-330df7ada03e
1483,1788910687,1338880,14,29,0,0,1483,0,1281309,1708219,6ede00d0-baf4-573f-a0dd-4a503bf7f766,6ede00d0-baf4-573f-a0dd-4a503bf7f766
1484,1788910716,1338880,14,29,0,0,1484,0,1282173,1709370,4fa33dcb-5f76-5f76-aea8-330df7ada03e,4fa33dcb-5f76-5f76-aea8-330df7ada03e
1485,1788910745,1338880,14,29,0,0,1485,0,1283041,1710528,6ede00d0-baf4-573f-a0dd-4a503bf7f766,6ede00d0-baf4-573f-a0dd-4a503bf7f766
1486,1788910773,1338880,14,29,0,0,1486,0,1283905,1711679,4fa33dcb-5f76-5f76-aea8-330df7ada03e,4fa33dcb-5f76-5f76-aea8-330df7ada03e
1487,1788910802,1338880,14,29,0,0,1487,0,1284769,1712832,6ede00d0-baf4-573f-a0dd-4a503bf7f766,6ede00d0-baf4-573f-a0dd-4a503bf7f766
1488,1788910831,1338920,14,29,0,0,1488,0,1285632,1713983,4fa33dcb-5f76-5f76-aea8-330df7ada03e,4fa33dcb-5f76-5f76-aea8-330df7ada03e
1489,1788910860,1344504,14,29,0,0,1489,0,1286496,1715135,6ede00d0-baf4-573f-a0dd-4a503bf7f766,6ede00d0-baf4-573f-a0dd-4a503bf7f766
1490,1788910889,1344504,14,29,0,0,1490,0,1287363,1716290,4fa33dcb-5f76-5f76-aea8-330df7ada03e,4fa33dcb-5f76-5f76-aea8-330df7ada03e
1491,1788910917,1344504,14,29,0,0,1491,0,1288226,1717443,6ede00d0-baf4-573f-a0dd-4a503bf7f766,6ede00d0-baf4-573f-a0dd-4a503bf7f766
1492,1788910946,1344504,14,29,0,0,1492,0,1289091,1718594,4fa33dcb-5f76-5f76-aea8-330df7ada03e,4fa33dcb-5f76-5f76-aea8-330df7ada03e
1493,1788910975,1344504,14,29,0,0,1493,0,1289954,1719746,6ede00d0-baf4-573f-a0dd-4a503bf7f766,6ede00d0-baf4-573f-a0dd-4a503bf7f766
1494,1788911004,1344504,14,29,0,0,1494,0,1290819,1720897,4fa33dcb-5f76-5f76-aea8-330df7ada03e,4fa33dcb-5f76-5f76-aea8-330df7ada03e
1495,1788911033,1344508,14,29,0,0,1495,0,1291685,1722053,6ede00d0-baf4-573f-a0dd-4a503bf7f766,6ede00d0-baf4-573f-a0dd-4a503bf7f766
1496,1788911061,1344508,14,29,0,0,1496,0,1292548,1723203,4fa33dcb-5f76-5f76-aea8-330df7ada03e,4fa33dcb-5f76-5f76-aea8-330df7ada03e
1497,1788911090,1344508,14,29,0,0,1497,0,1293412,1724356,6ede00d0-baf4-573f-a0dd-4a503bf7f766,6ede00d0-baf4-573f-a0dd-4a503bf7f766
1498,1788911119,1344508,14,29,0,0,1498,0,1294276,1725507,4fa33dcb-5f76-5f76-aea8-330df7ada03e,4fa33dcb-5f76-5f76-aea8-330df7ada03e
1499,1788911148,1344508,14,29,0,0,1499,0,1295141,1726661,6ede00d0-baf4-573f-a0dd-4a503bf7f766,6ede00d0-baf4-573f-a0dd-4a503bf7f766
1500,1788911177,1344508,14,29,0,0,1500,0,1296008,1727816,4fa33dcb-5f76-5f76-aea8-330df7ada03e,4fa33dcb-5f76-5f76-aea8-330df7ada03e
1501,1788911205,1344508,14,29,0,0,1501,0,1296872,1728968,6ede00d0-baf4-573f-a0dd-4a503bf7f766,6ede00d0-baf4-573f-a0dd-4a503bf7f766
1502,1788911234,1344508,14,29,0,0,1502,0,1297736,1730118,4fa33dcb-5f76-5f76-aea8-330df7ada03e,4fa33dcb-5f76-5f76-aea8-330df7ada03e
1503,1788911263,1344508,14,29,0,0,1503,0,1298600,1731271,6ede00d0-baf4-573f-a0dd-4a503bf7f766,6ede00d0-baf4-573f-a0dd-4a503bf7f766
1504,1788911292,1344508,14,29,0,0,1504,0,1299464,1732422,4fa33dcb-5f76-5f76-aea8-330df7ada03e,4fa33dcb-5f76-5f76-aea8-330df7ada03e
1505,1788911321,1344508,14,29,0,0,1505,0,1300331,1733579,6ede00d0-baf4-573f-a0dd-4a503bf7f766,6ede00d0-baf4-573f-a0dd-4a503bf7f766
1506,1788911349,1344508,14,29,0,0,1506,0,1301195,1734729,4fa33dcb-5f76-5f76-aea8-330df7ada03e,4fa33dcb-5f76-5f76-aea8-330df7ada03e
1507,1788911378,1344508,14,29,0,0,1507,0,1302058,1735882,6ede00d0-baf4-573f-a0dd-4a503bf7f766,6ede00d0-baf4-573f-a0dd-4a503bf7f766
1508,1788911407,1344508,14,29,0,0,1508,0,1302922,1737032,4fa33dcb-5f76-5f76-aea8-330df7ada03e,4fa33dcb-5f76-5f76-aea8-330df7ada03e
1509,1788911436,1344508,14,29,0,0,1509,0,1303787,1738186,6ede00d0-baf4-573f-a0dd-4a503bf7f766,6ede00d0-baf4-573f-a0dd-4a503bf7f766
1510,1788911465,1344508,14,29,0,0,1510,0,1304653,1739340,4fa33dcb-5f76-5f76-aea8-330df7ada03e,4fa33dcb-5f76-5f76-aea8-330df7ada03e
1511,1788911493,1344512,14,29,0,0,1511,0,1305517,1740492,6ede00d0-baf4-573f-a0dd-4a503bf7f766,6ede00d0-baf4-573f-a0dd-4a503bf7f766
1512,1788911522,1344512,14,29,0,0,1512,0,1306381,1741643,4fa33dcb-5f76-5f76-aea8-330df7ada03e,4fa33dcb-5f76-5f76-aea8-330df7ada03e
1513,1788911551,1344512,14,29,0,0,1513,0,1307245,1742796,6ede00d0-baf4-573f-a0dd-4a503bf7f766,6ede00d0-baf4-573f-a0dd-4a503bf7f766
1514,1788911580,1344512,14,29,0,0,1514,0,1308109,1743947,4fa33dcb-5f76-5f76-aea8-330df7ada03e,4fa33dcb-5f76-5f76-aea8-330df7ada03e
1515,1788911609,1344512,14,29,0,0,1515,0,1308976,1745103,6ede00d0-baf4-573f-a0dd-4a503bf7f766,6ede00d0-baf4-573f-a0dd-4a503bf7f766
1516,1788911637,1344512,14,29,0,0,1516,0,1309839,1746254,4fa33dcb-5f76-5f76-aea8-330df7ada03e,4fa33dcb-5f76-5f76-aea8-330df7ada03e
1517,1788911666,1344512,14,29,0,0,1517,0,1310704,1747407,6ede00d0-baf4-573f-a0dd-4a503bf7f766,6ede00d0-baf4-573f-a0dd-4a503bf7f766
1518,1788911695,1344512,14,29,0,0,1518,0,1311568,1748558,4fa33dcb-5f76-5f76-aea8-330df7ada03e,4fa33dcb-5f76-5f76-aea8-330df7ada03e
1519,1788911724,1344512,14,29,0,0,1519,0,1312432,1749711,6ede00d0-baf4-573f-a0dd-4a503bf7f766,6ede00d0-baf4-573f-a0dd-4a503bf7f766
1520,1788911753,1344512,14,29,0,0,1520,0,1313298,1750865,4fa33dcb-5f76-5f76-aea8-330df7ada03e,4fa33dcb-5f76-5f76-aea8-330df7ada03e
1521,1788911781,1344512,14,29,0,0,1521,0,1314162,1752018,6ede00d0-baf4-573f-a0dd-4a503bf7f766,6ede00d0-baf4-573f-a0dd-4a503bf7f766
1522,1788911810,1344512,14,29,0,0,1522,0,1315027,1753169,4fa33dcb-5f76-5f76-aea8-330df7ada03e,4fa33dcb-5f76-5f76-aea8-330df7ada03e
1523,1788911839,1344512,14,29,0,0,1523,0,1315891,1754322,6ede00d0-baf4-573f-a0dd-4a503bf7f766,6ede00d0-baf4-573f-a0dd-4a503bf7f766
1524,1788911868,1344512,14,29,0,0,1524,0,1316755,1755473,4fa33dcb-5f76-5f76-aea8-330df7ada03e,4fa33dcb-5f76-5f76-aea8-330df7ada03e
1525,1788911897,1344512,14,29,0,0,1525,0,1317622,1756630,6ede00d0-baf4-573f-a0dd-4a503bf7f766,6ede00d0-baf4-573f-a0dd-4a503bf7f766
1526,1788911925,1344512,14,29,0,0,1526,0,1318485,1757780,4fa33dcb-5f76-5f76-aea8-330df7ada03e,4fa33dcb-5f76-5f76-aea8-330df7ada03e
1527,1788911954,1344516,14,29,0,0,1527,0,1319349,1758933,6ede00d0-baf4-573f-a0dd-4a503bf7f766,6ede00d0-baf4-573f-a0dd-4a503bf7f766
1528,1788911983,1344516,14,29,0,0,1528,0,1320213,1760083,4fa33dcb-5f76-5f76-aea8-330df7ada03e,4fa33dcb-5f76-5f76-aea8-330df7ada03e
1529,1788912012,1344516,14,29,0,0,1529,0,1321077,1761236,6ede00d0-baf4-573f-a0dd-4a503bf7f766,6ede00d0-baf4-573f-a0dd-4a503bf7f766
1530,1788912041,1344516,14,29,0,0,1530,0,1321943,1762390,4fa33dcb-5f76-5f76-aea8-330df7ada03e,4fa33dcb-5f76-5f76-aea8-330df7ada03e
1531,1788912069,1344516,14,29,0,0,1531,0,1322807,1763543,6ede00d0-baf4-573f-a0dd-4a503bf7f766,6ede00d0-baf4-573f-a0dd-4a503bf7f766
1532,1788912098,1344516,14,29,0,0,1532,0,1323672,1764695,4fa33dcb-5f76-5f76-aea8-330df7ada03e,4fa33dcb-5f76-5f76-aea8-330df7ada03e
1533,1788912127,1344516,14,29,0,0,1533,0,1324535,1765847,6ede00d0-baf4-573f-a0dd-4a503bf7f766,6ede00d0-baf4-573f-a0dd-4a503bf7f766
1534,1788912156,1344520,14,29,0,0,1534,0,1325399,1766997,4fa33dcb-5f76-5f76-aea8-330df7ada03e,4fa33dcb-5f76-5f76-aea8-330df7ada03e
1535,1788912185,1344520,14,29,0,0,1535,0,1326266,1768154,6ede00d0-baf4-573f-a0dd-4a503bf7f766,6ede00d0-baf4-573f-a0dd-4a503bf7f766
1536,1788912213,1344520,14,29,0,0,1536,0,1327129,1769304,4fa33dcb-5f76-5f76-aea8-330df7ada03e,4fa33dcb-5f76-5f76-aea8-330df7ada03e
1537,1788912242,1344520,14,29,0,0,1537,0,1327993,1770457,6ede00d0-baf4-573f-a0dd-4a503bf7f766,6ede00d0-baf4-573f-a0dd-4a503bf7f766
1538,1788912271,1344520,14,29,0,0,1538,0,1328857,1771608,4fa33dcb-5f76-5f76-aea8-330df7ada03e,4fa33dcb-5f76-5f76-aea8-330df7ada03e
1539,1788912300,1344520,14,29,0,0,1539,0,1329721,1772761,6ede00d0-baf4-573f-a0dd-4a503bf7f766,6ede00d0-baf4-573f-a0dd-4a503bf7f766
1540,1788912329,1344520,14,29,0,0,1540,0,1330589,1773917,4fa33dcb-5f76-5f76-aea8-330df7ada03e,4fa33dcb-5f76-5f76-aea8-330df7ada03e
1541,1788912357,1344520,14,29,0,0,1541,0,1331453,1775069,6ede00d0-baf4-573f-a0dd-4a503bf7f766,6ede00d0-baf4-573f-a0dd-4a503bf7f766
1542,1788912386,1344520,14,29,0,0,1542,0,1332317,1776220,4fa33dcb-5f76-5f76-aea8-330df7ada03e,4fa33dcb-5f76-5f76-aea8-330df7ada03e
1543,1788912415,1344524,14,29,0,0,1543,0,1333181,1777373,6ede00d0-baf4-573f-a0dd-4a503bf7f766,6ede00d0-baf4-573f-a0dd-4a503bf7f766
1544,1788912444,1344524,14,29,0,0,1544,0,1334045,1778524,4fa33dcb-5f76-5f76-aea8-330df7ada03e,4fa33dcb-5f76-5f76-aea8-330df7ada03e
1545,1788912473,1344524,14,29,0,0,1545,0,1334912,1779681,6ede00d0-baf4-573f-a0dd-4a503bf7f766,6ede00d0-baf4-573f-a0dd-4a503bf7f766
1546,1788912501,1344524,14,29,0,0,1546,0,1335776,1780831,4fa33dcb-5f76-5f76-aea8-330df7ada03e,4fa33dcb-5f76-5f76-aea8-330df7ada03e
1547,1788912530,1344524,14,29,0,0,1547,0,1336639,1781984,6ede00d0-baf4-573f-a0dd-4a503bf7f766,6ede00d0-baf4-573f-a0dd-4a503bf7f766
1548,1788912559,1344524,14,29,0,0,1548,0,1337503,1783134,4fa33dcb-5f76-5f76-aea8-330df7ada03e,4fa33dcb-5f76-5f76-aea8-330df7ada03e
1549,1788912588,1344524,14,29,0,0,1549,0,1338367,1784286,6ede00d0-baf4-573f-a0dd-4a503bf7f766,6ede00d0-baf4-573f-a0dd-4a503bf7f766
1550,1788912617,1344524,14,29,0,0,1550,0,1339234,1785441,4fa33dcb-5f76-5f76-aea8-330df7ada03e,4fa33dcb-5f76-5f76-aea8-330df7ada03e
1551,1788912645,1344524,14,29,0,0,1551,0,1340098,1786594,6ede00d0-baf4-573f-a0dd-4a503bf7f766,6ede00d0-baf4-573f-a0dd-4a503bf7f766
1552,1788912674,1344524,14,29,0,0,1552,0,1340961,1787744,4fa33dcb-5f76-5f76-aea8-330df7ada03e,4fa33dcb-5f76-5f76-aea8-330df7ada03e
1553,1788912703,1344524,14,29,0,0,1553,0,1341825,1788897,6ede00d0-baf4-573f-a0dd-4a503bf7f766,6ede00d0-baf4-573f-a0dd-4a503bf7f766
1554,1788912732,1344524,14,29,0,0,1554,0,1342690,1790048,4fa33dcb-5f76-5f76-aea8-330df7ada03e,4fa33dcb-5f76-5f76-aea8-330df7ada03e
1555,1788912761,1344524,14,29,0,0,1555,0,1343556,1791205,6ede00d0-baf4-573f-a0dd-4a503bf7f766,6ede00d0-baf4-573f-a0dd-4a503bf7f766
1556,1788912789,1344524,14,29,0,0,1556,0,1344420,1792355,4fa33dcb-5f76-5f76-aea8-330df7ada03e,4fa33dcb-5f76-5f76-aea8-330df7ada03e
1557,1788912818,1344524,14,29,0,0,1557,0,1345284,1793509,6ede00d0-baf4-573f-a0dd-4a503bf7f766,6ede00d0-baf4-573f-a0dd-4a503bf7f766
1558,1788912847,1344524,14,29,0,0,1558,0,1346148,1794660,4fa33dcb-5f76-5f76-aea8-330df7ada03e,4fa33dcb-5f76-5f76-aea8-330df7ada03e
1559,1788912876,1344524,14,29,0,0,1559,0,1347013,1795813,6ede00d0-baf4-573f-a0dd-4a503bf7f766,6ede00d0-baf4-573f-a0dd-4a503bf7f766
1560,1788912905,1344524,14,29,0,0,1560,0,1347879,1796967,4fa33dcb-5f76-5f76-aea8-330df7ada03e,4fa33dcb-5f76-5f76-aea8-330df7ada03e
1561,1788912933,1344528,14,29,0,0,1561,0,1348743,1798119,6ede00d0-baf4-573f-a0dd-4a503bf7f766,6ede00d0-baf4-573f-a0dd-4a503bf7f766
1562,1788912962,1344528,14,29,0,0,1562,0,1349607,1799270,4fa33dcb-5f76-5f76-aea8-330df7ada03e,4fa33dcb-5f76-5f76-aea8-330df7ada03e
1563,1788912991,1344528,14,29,0,0,1563,0,1350471,1800423,6ede00d0-baf4-573f-a0dd-4a503bf7f766,6ede00d0-baf4-573f-a0dd-4a503bf7f766
1564,1788913020,1344528,14,29,0,0,1564,0,1351334,1801573,4fa33dcb-5f76-5f76-aea8-330df7ada03e,4fa33dcb-5f76-5f76-aea8-330df7ada03e
1565,1788913049,1344528,14,29,0,0,1565,0,1352201,1802730,6ede00d0-baf4-573f-a0dd-4a503bf7f766,6ede00d0-baf4-573f-a0dd-4a503bf7f766
1566,1788913077,1344528,14,29,0,0,1566,0,1353065,1803880,4fa33dcb-5f76-5f76-aea8-330df7ada03e,4fa33dcb-5f76-5f76-aea8-330df7ada03e
1567,1788913106,1344528,14,29,0,0,1567,0,1353929,1805033,6ede00d0-baf4-573f-a0dd-4a503bf7f766,6ede00d0-baf4-573f-a0dd-4a503bf7f766
1568,1788913135,1344528,14,29,0,0,1568,0,1354793,1806183,4fa33dcb-5f76-5f76-aea8-330df7ada03e,4fa33dcb-5f76-5f76-aea8-330df7ada03e
1569,1788913164,1344528,14,29,0,0,1569,0,1355657,1807336,6ede00d0-baf4-573f-a0dd-4a503bf7f766,6ede00d0-baf4-573f-a0dd-4a503bf7f766
1570,1788913193,1344528,14,29,0,0,1570,0,1356523,1808490,4fa33dcb-5f76-5f76-aea8-330df7ada03e,4fa33dcb-5f76-5f76-aea8-330df7ada03e
1571,1788913221,1344528,14,29,0,0,1571,0,1357387,1809643,6ede00d0-baf4-573f-a0dd-4a503bf7f766,6ede00d0-baf4-573f-a0dd-4a503bf7f766
1572,1788913250,1344528,14,29,0,0,1572,0,1358251,1810793,4fa33dcb-5f76-5f76-aea8-330df7ada03e,4fa33dcb-5f76-5f76-aea8-330df7ada03e
1573,1788913279,1344528,14,29,0,0,1573,0,1359114,1811946,6ede00d0-baf4-573f-a0dd-4a503bf7f766,6ede00d0-baf4-573f-a0dd-4a503bf7f766
1574,1788913308,1344528,14,29,0,0,1574,0,1359978,1813097,4fa33dcb-5f76-5f76-aea8-330df7ada03e,4fa33dcb-5f76-5f76-aea8-330df7ada03e
1575,1788913337,1344528,14,29,0,0,1575,0,1360845,1814254,6ede00d0-baf4-573f-a0dd-4a503bf7f766,6ede00d0-baf4-573f-a0dd-4a503bf7f766
1576,1788913365,1344528,14,29,0,0,1576,0,1361709,1815404,4fa33dcb-5f76-5f76-aea8-330df7ada03e,4fa33dcb-5f76-5f76-aea8-330df7ada03e
1577,1788913394,1344532,14,29,0,0,1577,0,1362573,1816557,6ede00d0-baf4-573f-a0dd-4a503bf7f766,6ede00d0-baf4-573f-a0dd-4a503bf7f766
1578,1788913423,1344532,14,29,0,0,1578,0,1363437,1817707,4fa33dcb-5f76-5f76-aea8-330df7ada03e,4fa33dcb-5f76-5f76-aea8-330df7ada03e
1579,1788913452,1344532,14,29,0,0,1579,0,1364301,1818860,6ede00d0-baf4-573f-a0dd-4a503bf7f766,6ede00d0-baf4-573f-a0dd-4a503bf7f766
1580,1788913481,1344532,14,29,0,0,1580,0,1365167,1820015,4fa33dcb-5f76-5f76-aea8-330df7ada03e,4fa33dcb-5f76-5f76-aea8-330df7ada03e
1581,1788913509,1344532,14,29,0,0,1581,0,1366031,1821167,6ede00d0-baf4-573f-a0dd-4a503bf7f766,6ede00d0-baf4-573f-a0dd-4a503bf7f766
1582,1788913538,1344532,14,29,0,0,1582,0,1366896,1822318,4fa33dcb-5f76-5f76-aea8-330df7ada03e,4fa33dcb-5f76-5f76-aea8-330df7ada03e
1583,1788913567,1344532,14,29,0,0,1583,0,1367759,1823471,6ede00d0-baf4-573f-a0dd-4a503bf7f766,6ede00d0-baf4-573f-a0dd-4a503bf7f766
1584,1788913596,1344532,14,29,0,0,1584,0,1368623,1824622,4fa33dcb-5f76-5f76-aea8-330df7ada03e,4fa33dcb-5f76-5f76-aea8-330df7ada03e
1585,1788913625,1344532,14,29,0,0,1585,0,1369493,1825783,6ede00d0-baf4-573f-a0dd-4a503bf7f766,6ede00d0-baf4-573f-a0dd-4a503bf7f766
1586,1788913654,1344532,14,29,0,0,1586,0,1370358,1826934,4fa33dcb-5f76-5f76-aea8-330df7ada03e,4fa33dcb-5f76-5f76-aea8-330df7ada03e
1587,1788913682,1344532,14,29,0,0,1587,0,1371221,1828086,6ede00d0-baf4-573f-a0dd-4a503bf7f766,6ede00d0-baf4-573f-a0dd-4a503bf7f766
1588,1788913711,1344532,14,29,0,0,1588,0,1372086,1829238,4fa33dcb-5f76-5f76-aea8-330df7ada03e,4fa33dcb-5f76-5f76-aea8-330df7ada03e
1589,1788913740,1344532,14,29,0,0,1589,0,1372950,1830391,6ede00d0-baf4-573f-a0dd-4a503bf7f766,6ede00d0-baf4-573f-a0dd-4a503bf7f766
1590,1788913769,1344532,14,29,0,0,1590,0,1373816,1831545,4fa33dcb-5f76-5f76-aea8-330df7ada03e,4fa33dcb-5f76-5f76-aea8-330df7ada03e
1591,1788913798,1344532,14,29,0,0,1591,0,1374680,1832697,6ede00d0-baf4-573f-a0dd-4a503bf7f766,6ede00d0-baf4-573f-a0dd-4a503bf7f766
1592,1788913826,1344532,14,29,0,0,1592,0,1375544,1833848,4fa33dcb-5f76-5f76-aea8-330df7ada03e,4fa33dcb-5f76-5f76-aea8-330df7ada03e
1593,1788913855,1344532,14,29,0,0,1593,0,1376408,1835001,6ede00d0-baf4-573f-a0dd-4a503bf7f766,6ede00d0-baf4-573f-a0dd-4a503bf7f766
1594,1788913884,1344532,14,29,0,0,1594,0,1377272,1836151,4fa33dcb-5f76-5f76-aea8-330df7ada03e,4fa33dcb-5f76-5f76-aea8-330df7ada03e
1595,1788913913,1344532,14,29,0,0,1595,0,1378138,1837307,6ede00d0-baf4-573f-a0dd-4a503bf7f766,6ede00d0-baf4-573f-a0dd-4a503bf7f766
1596,1788913942,1344532,14,29,0,0,1596,0,1379002,1838458,4fa33dcb-5f76-5f76-aea8-330df7ada03e,4fa33dcb-5f76-5f76-aea8-330df7ada03e
1597,1788913970,1344532,14,29,0,0,1597,0,1379866,1839611,6ede00d0-baf4-573f-a0dd-4a503bf7f766,6ede00d0-baf4-573f-a0dd-4a503bf7f766
1598,1788913999,1344532,14,29,0,0,1598,0,1380730,1840762,4fa33dcb-5f76-5f76-aea8-330df7ada03e,4fa33dcb-5f76-5f76-aea8-330df7ada03e
1599,1788914028,1344532,14,29,0,0,1599,0,1381594,1841915,6ede00d0-baf4-573f-a0dd-4a503bf7f766,6ede00d0-baf4-573f-a0dd-4a503bf7f766
1600,1788914057,1344532,14,29,0,0,1600,0,1382462,1843070,4fa33dcb-5f76-5f76-aea8-330df7ada03e,4fa33dcb-5f76-5f76-aea8-330df7ada03e
1601,1788914086,1344532,14,29,0,0,1601,0,1383325,1844223,6ede00d0-baf4-573f-a0dd-4a503bf7f766,6ede00d0-baf4-573f-a0dd-4a503bf7f766
1602,1788914114,1344532,14,29,0,0,1602,0,1384189,1845373,4fa33dcb-5f76-5f76-aea8-330df7ada03e,4fa33dcb-5f76-5f76-aea8-330df7ada03e
1603,1788914143,1344532,14,29,0,0,1603,0,1385053,1846526,6ede00d0-baf4-573f-a0dd-4a503bf7f766,6ede00d0-baf4-573f-a0dd-4a503bf7f766
1604,1788914172,1344532,14,29,0,0,1604,0,1385917,1847677,4fa33dcb-5f76-5f76-aea8-330df7ada03e,4fa33dcb-5f76-5f76-aea8-330df7ada03e
1605,1788914201,1344532,14,29,0,0,1605,0,1386784,1848833,6ede00d0-baf4-573f-a0dd-4a503bf7f766,6ede00d0-baf4-573f-a0dd-4a503bf7f766
1606,1788914230,1344532,14,29,0,0,1606,0,1387648,1849984,4fa33dcb-5f76-5f76-aea8-330df7ada03e,4fa33dcb-5f76-5f76-aea8-330df7ada03e
1607,1788914258,1344536,14,29,0,0,1607,0,1388512,1851137,6ede00d0-baf4-573f-a0dd-4a503bf7f766,6ede00d0-baf4-573f-a0dd-4a503bf7f766
1608,1788914287,1344536,14,29,0,0,1608,0,1389376,1852288,4fa33dcb-5f76-5f76-aea8-330df7ada03e,4fa33dcb-5f76-5f76-aea8-330df7ada03e
1609,1788914316,1344536,14,29,0,0,1609,0,1390240,1853441,6ede00d0-baf4-573f-a0dd-4a503bf7f766,6ede00d0-baf4-573f-a0dd-4a503bf7f766
1610,1788914345,1344536,14,29,0,0,1610,0,1391107,1854596,4fa33dcb-5f76-5f76-aea8-330df7ada03e,4fa33dcb-5f76-5f76-aea8-330df7ada03e
1611,1788914374,1344536,14,29,0,0,1611,0,1391972,1855749,6ede00d0-baf4-573f-a0dd-4a503bf7f766,6ede00d0-baf4-573f-a0dd-4a503bf7f766
1612,1788914402,1344536,14,29,0,0,1612,0,1392835,1856900,4fa33dcb-5f76-5f76-aea8-330df7ada03e,4fa33dcb-5f76-5f76-aea8-330df7ada03e
1613,1788914431,1344536,14,29,0,0,1613,0,1393700,1858054,6ede00d0-baf4-573f-a0dd-4a503bf7f766,6ede00d0-baf4-573f-a0dd-4a503bf7f766
1614,1788914460,1344536,14,29,0,0,1614,0,1394564,1859204,4fa33dcb-5f76-5f76-aea8-330df7ada03e,4fa33dcb-5f76-5f76-aea8-330df7ada03e
1615,1788914489,1344536,14,29,0,0,1615,0,1395431,1860361,6ede00d0-baf4-573f-a0dd-4a503bf7f766,6ede00d0-baf4-573f-a0dd-4a503bf7f766
1616,1788914518,1344536,14,29,0,0,1616,0,1396295,1861512,4fa33dcb-5f76-5f76-aea8-330df7ada03e,4fa33dcb-5f76-5f76-aea8-330df7ada03e
1617,1788914546,1344536,14,29,0,0,1617,0,1397159,1862664,6ede00d0-baf4-573f-a0dd-4a503bf7f766,6ede00d0-baf4-573f-a0dd-4a503bf7f766
1618,1788914575,1344536,14,29,0,0,1618,0,1398023,1863816,4fa33dcb-5f76-5f76-aea8-330df7ada03e,4fa33dcb-5f76-5f76-aea8-330df7ada03e
1619,1788914604,1344536,14,29,0,0,1619,0,1398887,1864969,6ede00d0-baf4-573f-a0dd-4a503bf7f766,6ede00d0-baf4-573f-a0dd-4a503bf7f766
1620,1788914633,1344536,14,29,0,0,1620,0,1399754,1866123,4fa33dcb-5f76-5f76-aea8-330df7ada03e,4fa33dcb-5f76-5f76-aea8-330df7ada03e
1621,1788914662,1344536,14,29,0,0,1621,0,1400620,1867278,6ede00d0-baf4-573f-a0dd-4a503bf7f766,6ede00d0-baf4-573f-a0dd-4a503bf7f766
1622,1788914690,1344536,14,29,0,0,1622,0,1401484,1868429,4fa33dcb-5f76-5f76-aea8-330df7ada03e,4fa33dcb-5f76-5f76-aea8-330df7ada03e
1623,1788914719,1344536,14,29,0,0,1623,0,1402348,1869582,6ede00d0-baf4-573f-a0dd-4a503bf7f766,6ede00d0-baf4-573f-a0dd-4a503bf7f766
1624,1788914748,1344536,14,29,0,0,1624,0,1403211,1870732,4fa33dcb-5f76-5f76-aea8-330df7ada03e,4fa33dcb-5f76-5f76-aea8-330df7ada03e
1625,1788914777,1344536,14,29,0,0,1625,0,1404078,1871889,6ede00d0-baf4-573f-a0dd-4a503bf7f766,6ede00d0-baf4-573f-a0dd-4a503bf7f766
1626,1788914806,1344536,14,29,0,0,1626,0,1404942,1873039,4fa33dcb-5f76-5f76-aea8-330df7ada03e,4fa33dcb-5f76-5f76-aea8-330df7ada03e
1627,1788914834,1344536,14,29,0,0,1627,0,1405805,1874191,6ede00d0-baf4-573f-a0dd-4a503bf7f766,6ede00d0-baf4-573f-a0dd-4a503bf7f766
1628,1788914863,1344536,14,29,0,0,1628,0,1406669,1875342,4fa33dcb-5f76-5f76-aea8-330df7ada03e,4fa33dcb-5f76-5f76-aea8-330df7ada03e
1629,1788914892,1344536,14,29,0,0,1629,0,1407533,1876495,6ede00d0-baf4-573f-a0dd-4a503bf7f766,6ede00d0-baf4-573f-a0dd-4a503bf7f766
1630,1788914921,1344536,14,29,0,0,1630,0,1408399,1877649,4fa33dcb-5f76-5f76-aea8-330df7ada03e,4fa33dcb-5f76-5f76-aea8-330df7ada03e
1631,1788914950,1344536,14,29,0,0,1631,0,1409263,1878802,6ede00d0-baf4-573f-a0dd-4a503bf7f766,6ede00d0-baf4-573f-a0dd-4a503bf7f766
1632,1788914978,1344536,14,29,0,0,1632,0,1410127,1879952,4fa33dcb-5f76-5f76-aea8-330df7ada03e,4fa33dcb-5f76-5f76-aea8-330df7ada03e
1633,1788915007,1344536,14,29,0,0,1633,0,1410991,1881105,6ede00d0-baf4-573f-a0dd-4a503bf7f766,6ede00d0-baf4-573f-a0dd-4a503bf7f766
1634,1788915036,1344536,14,29,0,0,1634,0,1411855,1882256,4fa33dcb-5f76-5f76-aea8-330df7ada03e,4fa33dcb-5f76-5f76-aea8-330df7ada03e
1635,1788915065,1344536,14,29,0,0,1635,0,1412722,1883412,6ede00d0-baf4-573f-a0dd-4a503bf7f766,6ede00d0-baf4-573f-a0dd-4a503bf7f766
1636,1788915094,1344536,14,29,0,0,1636,0,1413586,1884563,4fa33dcb-5f76-5f76-aea8-330df7ada03e,4fa33dcb-5f76-5f76-aea8-330df7ada03e
1637,1788915122,1344536,14,29,0,0,1637,0,1414450,1885716,6ede00d0-baf4-573f-a0dd-4a503bf7f766,6ede00d0-baf4-573f-a0dd-4a503bf7f766
1638,1788915151,1344536,14,29,0,0,1638,0,1415314,1886866,4fa33dcb-5f76-5f76-aea8-330df7ada03e,4fa33dcb-5f76-5f76-aea8-330df7ada03e
1639,1788915180,1344536,14,29,0,0,1639,0,1416177,1888019,6ede00d0-baf4-573f-a0dd-4a503bf7f766,6ede00d0-baf4-573f-a0dd-4a503bf7f766
1640,1788915209,1344536,14,29,0,0,1640,0,1417044,1889173,4fa33dcb-5f76-5f76-aea8-330df7ada03e,4fa33dcb-5f76-5f76-aea8-330df7ada03e
1641,1788915238,1344536,14,29,0,0,1641,0,1417908,1890327,6ede00d0-baf4-573f-a0dd-4a503bf7f766,6ede00d0-baf4-573f-a0dd-4a503bf7f766
1642,1788915266,1344536,14,29,0,0,1642,0,1418772,1891477,4fa33dcb-5f76-5f76-aea8-330df7ada03e,4fa33dcb-5f76-5f76-aea8-330df7ada03e
1643,1788915295,1344536,14,29,0,0,1643,0,1419636,1892630,6ede00d0-baf4-573f-a0dd-4a503bf7f766,6ede00d0-baf4-573f-a0dd-4a503bf7f766
1644,1788915324,1344536,14,29,0,0,1644,0,1420500,1893780,4fa33dcb-5f76-5f76-aea8-330df7ada03e,4fa33dcb-5f76-5f76-aea8-330df7ada03e
1645,1788915353,1344536,14,29,0,0,1645,0,1421367,1894937,6ede00d0-baf4-573f-a0dd-4a503bf7f766,6ede00d0-baf4-573f-a0dd-4a503bf7f766
1646,1788915382,1344536,14,29,0,0,1646,0,1422231,1896088,4fa33dcb-5f76-5f76-aea8-330df7ada03e,4fa33dcb-5f76-5f76-aea8-330df7ada03e
1647,1788915410,1344536,14,29,0,0,1647,0,1423095,1897242,6ede00d0-baf4-573f-a0dd-4a503bf7f766,6ede00d0-baf4-573f-a0dd-4a503bf7f766
1648,1788915439,1344536,14,29,0,0,1648,0,1423959,1898392,4fa33dcb-5f76-5f76-aea8-330df7ada03e,4fa33dcb-5f76-5f76-aea8-330df7ada03e
1649,1788915468,1344536,14,29,0,0,1649,0,1424823,1899546,6ede00d0-baf4-573f-a0dd-4a503bf7f766,6ede00d0-baf4-573f-a0dd-4a503bf7f766
1650,1788915497,1344536,14,29,0,0,1650,0,1425690,1900700,4fa33dcb-5f76-5f76-aea8-330df7ada03e,4fa33dcb-5f76-5f76-aea8-330df7ada03e
1651,1788915526,1344536,14,29,0,0,1651,0,1426554,1901852,6ede00d0-baf4-573f-a0dd-4a503bf7f766,6ede00d0-baf4-573f-a0dd-4a503bf7f766
1652,1788915554,1344536,14,29,0,0,1652,0,1427418,1903003,4fa33dcb-5f76-5f76-aea8-330df7ada03e,4fa33dcb-5f76-5f76-aea8-330df7ada03e
1653,1788915583,1344536,14,29,0,0,1653,0,1428282,1904156,6ede00d0-baf4-573f-a0dd-4a503bf7f766,6ede00d0-baf4-573f-a0dd-4a503bf7f766
1654,1788915612,1344536,14,29,0,0,1654,0,1429146,1905307,4fa33dcb-5f76-5f76-aea8-330df7ada03e,4fa33dcb-5f76-5f76-aea8-330df7ada03e
1655,1788915641,1344536,14,29,0,0,1655,0,1430012,1906463,6ede00d0-baf4-573f-a0dd-4a503bf7f766,6ede00d0-baf4-573f-a0dd-4a503bf7f766
1656,1788915670,1344536,14,29,0,0,1656,0,1430875,1907613,4fa33dcb-5f76-5f76-aea8-330df7ada03e,4fa33dcb-5f76-5f76-aea8-330df7ada03e
1657,1788915698,1344536,14,29,0,0,1657,0,1431739,1908766,6ede00d0-baf4-573f-a0dd-4a503bf7f766,6ede00d0-baf4-573f-a0dd-4a503bf7f766
1658,1788915727,1344536,14,29,0,0,1658,0,1432602,1909916,4fa33dcb-5f76-5f76-aea8-330df7ada03e,4fa33dcb-5f76-5f76-aea8-330df7ada03e
1659,1788915756,1344536,14,29,0,0,1659,0,1433466,1911069,6ede00d0-baf4-573f-a0dd-4a503bf7f766,6ede00d0-baf4-573f-a0dd-4a503bf7f766
1660,1788915785,1344536,14,29,0,0,1660,0,1434332,1912222,4fa33dcb-5f76-5f76-aea8-330df7ada03e,4fa33dcb-5f76-5f76-aea8-330df7ada03e
1661,1788915814,1344536,14,29,0,0,1661,0,1435197,1913376,6ede00d0-baf4-573f-a0dd-4a503bf7f766,6ede00d0-baf4-573f-a0dd-4a503bf7f766
1662,1788915842,1344536,14,29,0,0,1662,0,1436060,1914526,4fa33dcb-5f76-5f76-aea8-330df7ada03e,4fa33dcb-5f76-5f76-aea8-330df7ada03e
1663,1788915871,1344536,14,29,0,0,1663,0,1436925,1915680,6ede00d0-baf4-573f-a0dd-4a503bf7f766,6ede00d0-baf4-573f-a0dd-4a503bf7f766
1664,1788915900,1344536,14,29,0,0,1664,0,1437790,1916831,4fa33dcb-5f76-5f76-aea8-330df7ada03e,4fa33dcb-5f76-5f76-aea8-330df7ada03e
1665,1788915929,1344536,14,29,0,0,1665,0,1438657,1917989,6ede00d0-baf4-573f-a0dd-4a503bf7f766,6ede00d0-baf4-573f-a0dd-4a503bf7f766
1666,1788915958,1344536,14,29,0,0,1666,0,1439521,1919139,4fa33dcb-5f76-5f76-aea8-330df7ada03e,4fa33dcb-5f76-5f76-aea8-330df7ada03e
1667,1788915986,1344536,14,29,0,0,1667,0,1440385,1920292,6ede00d0-baf4-573f-a0dd-4a503bf7f766,6ede00d0-baf4-573f-a0dd-4a503bf7f766
1668,1788916015,1344536,14,29,0,0,1668,0,1441249,1921443,4fa33dcb-5f76-5f76-aea8-330df7ada03e,4fa33dcb-5f76-5f76-aea8-330df7ada03e
1669,1788916044,1344536,14,29,0,0,1669,0,1442113,1922597,6ede00d0-baf4-573f-a0dd-4a503bf7f766,6ede00d0-baf4-573f-a0dd-4a503bf7f766
1670,1788916073,1344536,14,29,0,0,1670,0,1442980,1923751,4fa33dcb-5f76-5f76-aea8-330df7ada03e,4fa33dcb-5f76-5f76-aea8-330df7ada03e
1671,1788916102,1344536,14,29,0,0,1671,0,1443844,1924904,6ede00d0-baf4-573f-a0dd-4a503bf7f766,6ede00d0-baf4-573f-a0dd-4a503bf7f766
1672,1788916130,1344536,14,29,0,0,1672,0,1444708,1926054,4fa33dcb-5f76-5f76-aea8-330df7ada03e,4fa33dcb-5f76-5f76-aea8-330df7ada03e
1673,1788916159,1344536,14,29,0,0,1673,0,1445572,1927207,6ede00d0-baf4-573f-a0dd-4a503bf7f766,6ede00d0-baf4-573f-a0dd-4a503bf7f766
1674,1788916188,1344536,14,29,0,0,1674,0,1446435,1928357,4fa33dcb-5f76-5f76-aea8-330df7ada03e,4fa33dcb-5f76-5f76-aea8-330df7ada03e
1675,1788916217,1344536,14,29,0,0,1675,0,1447302,1929514,6ede00d0-baf4-573f-a0dd-4a503bf7f766,6ede00d0-baf4-573f-a0dd-4a503bf7f766
1676,1788916246,1344536,14,29,0,0,1676,0,1448166,1930665,4fa33dcb-5f76-5f76-aea8-330df7ada03e,4fa33dcb-5f76-5f76-aea8-330df7ada03e
1677,1788916274,1344536,14,29,0,0,1677,0,1449029,1931817,6ede00d0-baf4-573f-a0dd-4a503bf7f766,6ede00d0-baf4-573f-a0dd-4a503bf7f766
1678,1788916303,1344536,14,29,0,0,1678,0,1449893,1932967,4fa33dcb-5f76-5f76-aea8-330df7ada03e,4fa33dcb-5f76-5f76-aea8-330df7ada03e
1679,1788916332,1344536,14,29,0,0,1679,0,1450757,1934120,6ede00d0-baf4-573f-a0dd-4a503bf7f766,6ede00d0-baf4-573f-a0dd-4a503bf7f766
1680,1788916361,1344540,14,29,0,0,1680,0,1451624,1935274,4fa33dcb-5f76-5f76-aea8-330df7ada03e,4fa33dcb-5f76-5f76-aea8-330df7ada03e
1681,1788916390,1344540,14,29,0,0,1681,0,1452488,1936428,6ede00d0-baf4-573f-a0dd-4a503bf7f766,6ede00d0-baf4-573f-a0dd-4a503bf7f766
1682,1788916418,1344540,14,29,0,0,1682,0,1453353,1937579,4fa33dcb-5f76-5f76-aea8-330df7ada03e,4fa33dcb-5f76-5f76-aea8-330df7ada03e
1683,1788916447,1344540,14,29,0,0,1683,0,1454217,1938732,6ede00d0-baf4-573f-a0dd-4a503bf7f766,6ede00d0-baf4-573f-a0dd-4a503bf7f766
1684,1788916476,1344540,14,29,0,0,1684,0,1455081,1939883,4fa33dcb-5f76-5f76-aea8-330df7ada03e,4fa33dcb-5f76-5f76-aea8-330df7ada03e
1685,1788916505,1344540,14,29,0,0,1685,0,1455947,1941039,6ede00d0-baf4-573f-a0dd-4a503bf7f766,6ede00d0-baf4-573f-a0dd-4a503bf7f766
1686,1788916534,1344540,14,29,0,0,1686,0,1456811,1942190,4fa33dcb-5f76-5f76-aea8-330df7ada03e,4fa33dcb-5f76-5f76-aea8-330df7ada03e
1687,1788916563,1344540,14,29,0,0,1687,0,1457675,1943343,6ede00d0-baf4-573f-a0dd-4a503bf7f766,6ede00d0-baf4-573f-a0dd-4a503bf7f766
1688,1788916591,1344540,14,29,0,0,1688,0,1458539,1944493,4fa33dcb-5f76-5f76-aea8-330df7ada03e,4fa33dcb-5f76-5f76-aea8-330df7ada03e
1689,1788916620,1344540,14,29,0,0,1689,0,1459404,1945647,6ede00d0-baf4-573f-a0dd-4a503bf7f766,6ede00d0-baf4-573f-a0dd-4a503bf7f766
1690,1788916649,1344540,14,29,0,0,1690,0,1460270,1946801,4fa33dcb-5f76-5f76-aea8-330df7ada03e,4fa33dcb-5f76-5f76-aea8-330df7ada03e
1691,1788916678,1344540,14,29,0,0,1691,0,1461134,1947953,6ede00d0-baf4-573f-a0dd-4a503bf7f766,6ede00d0-baf4-573f-a0dd-4a503bf7f766
1692,1788916706,1344540,14,29,0,0,1692,0,1461998,1949104,4fa33dcb-5f76-5f76-aea8-330df7ada03e,4fa33dcb-5f76-5f76-aea8-330df7ada03e
1693,1788916735,1344540,14,29,0,0,1693,0,1462861,1950257,6ede00d0-baf4-573f-a0dd-4a503bf7f766,6ede00d0-baf4-573f-a0dd-4a503bf7f766
1694,1788916764,1344540,14,29,0,0,1694,0,1463726,1951408,4fa33dcb-5f76-5f76-aea8-330df7ada03e,4fa33dcb-5f76-5f76-aea8-330df7ada03e
1695,1788916793,1344540,14,29,0,0,1695,0,1464592,1952564,6ede00d0-baf4-573f-a0dd-4a503bf7f766,6ede00d0-baf4-573f-a0dd-4a503bf7f766
1696,1788916822,1344540,14,29,0,0,1696,0,1465456,1953715,4fa33dcb-5f76-5f76-aea8-330df7ada03e,4fa33dcb-5f76-5f76-aea8-330df7ada03e
1697,1788916851,1344540,14,29,0,0,1697,0,1466321,1954869,6ede00d0-baf4-573f-a0dd-4a503bf7f766,6ede00d0-baf4-573f-a0dd-4a503bf7f766
1698,1788916879,1344540,14,29,0,0,1698,0,1467184,1956018,4fa33dcb-5f76-5f76-aea8-330df7ada03e,4fa33dcb-5f76-5f76-aea8-330df7ada03e
1699,1788916908,1344540,14,29,0,0,1699,0,1468049,1957172,6ede00d0-baf4-573f-a0dd-4a503bf7f766,6ede00d0-baf4-573f-a0dd-4a503bf7f766
1700,1788916937,1344540,14,29,0,0,1700,0,1468915,1958326,4fa33dcb-5f76-5f76-aea8-330df7ada03e,4fa33dcb-5f76-5f76-aea8-330df7ada03e
1701,1788916966,1344540,14,30,0,0,1701,0,1469779,1959479,6ede00d0-baf4-573f-a0dd-4a503bf7f766,6ede00d0-baf4-573f-a0dd-4a503bf7f766
1702,1788916995,1344540,14,29,0,0,1702,0,1470644,1960631,4fa33dcb-5f76-5f76-aea8-330df7ada03e,4fa33dcb-5f76-5f76-aea8-330df7ada03e
1703,1788917023,1344540,14,29,0,0,1703,0,1471508,1961784,6ede00d0-baf4-573f-a0dd-4a503bf7f766,6ede00d0-baf4-573f-a0dd-4a503bf7f766
1704,1788917052,1344540,14,29,0,0,1704,0,1472372,1962934,4fa33dcb-5f76-5f76-aea8-330df7ada03e,4fa33dcb-5f76-5f76-aea8-330df7ada03e
1705,1788917081,1344540,14,29,0,0,1705,0,1473240,1964093,6ede00d0-baf4-573f-a0dd-4a503bf7f766,6ede00d0-baf4-573f-a0dd-4a503bf7f766
1706,1788917110,1344540,14,29,0,0,1706,0,1474104,1965243,4fa33dcb-5f76-5f76-aea8-330df7ada03e,4fa33dcb-5f76-5f76-aea8-330df7ada03e
1707,1788917139,1344540,14,29,0,0,1707,0,1474968,1966397,6ede00d0-baf4-573f-a0dd-4a503bf7f766,6ede00d0-baf4-573f-a0dd-4a503bf7f766
1708,1788917167,1344540,14,29,0,0,1708,0,1475832,1967548,4fa33dcb-5f76-5f76-aea8-330df7ada03e,4fa33dcb-5f76-5f76-aea8-330df7ada03e
1709,1788917196,1344540,14,29,0,0,1709,0,1476696,1968701,6ede00d0-baf4-573f-a0dd-4a503bf7f766,6ede00d0-baf4-573f-a0dd-4a503bf7f766
1710,1788917225,1344540,14,29,0,0,1710,0,1477563,1969855,4fa33dcb-5f76-5f76-aea8-330df7ada03e,4fa33dcb-5f76-5f76-aea8-330df7ada03e
1711,1788917254,1344540,14,29,0,0,1711,0,1478427,1971008,6ede00d0-baf4-573f-a0dd-4a503bf7f766,6ede00d0-baf4-573f-a0dd-4a503bf7f766
1712,1788917283,1344540,14,29,0,0,1712,0,1479291,1972158,4fa33dcb-5f76-5f76-aea8-330df7ada03e,4fa33dcb-5f76-5f76-aea8-330df7ada03e
1713,1788917311,1344540,14,29,0,0,1713,0,1480154,1973311,6ede00d0-baf4-573f-a0dd-4a503bf7f766,6ede00d0-baf4-573f-a0dd-4a503bf7f766
1714,1788917340,1344540,14,29,0,0,1714,0,1481018,1974462,4fa33dcb-5f76-5f76-aea8-330df7ada03e,4fa33dcb-5f76-5f76-aea8-330df7ada03e
1715,1788917369,1344540,14,29,0,0,1715,0,1481884,1975618,6ede00d0-baf4-573f-a0dd-4a503bf7f766,6ede00d0-baf4-573f-a0dd-4a503bf7f766
1716,1788917398,1344540,14,29,0,0,1716,0,1482748,1976769,4fa33dcb-5f76-5f76-aea8-330df7ada03e,4fa33dcb-5f76-5f76-aea8-330df7ada03e
1717,1788917427,1344540,14,29,0,0,1717,0,1483613,1977923,6ede00d0-baf4-573f-a0dd-4a503bf7f766,6ede00d0-baf4-573f-a0dd-4a503bf7f766
1718,1788917455,1344540,14,29,0,0,1718,0,1484477,1979073,4fa33dcb-5f76-5f76-aea8-330df7ada03e,4fa33dcb-5f76-5f76-aea8-330df7ada03e
1719,1788917484,1344540,14,29,0,0,1719,0,1485341,1980226,6ede00d0-baf4-573f-a0dd-4a503bf7f766,6ede00d0-baf4-573f-a0dd-4a503bf7f766
1720,1788917513,1344580,14,29,0,0,1720,0,1486208,1981381,4fa33dcb-5f76-5f76-aea8-330df7ada03e,4fa33dcb-5f76-5f76-aea8-330df7ada03e
1721,1788917542,1344580,14,29,0,0,1721,0,1487072,1982534,6ede00d0-baf4-573f-a0dd-4a503bf7f766,6ede00d0-baf4-573f-a0dd-4a503bf7f766
1722,1788917571,1350168,14,29,0,0,1722,0,1487936,1983685,4fa33dcb-5f76-5f76-aea8-330df7ada03e,4fa33dcb-5f76-5f76-aea8-330df7ada03e
1723,1788917599,1350168,14,29,0,0,1723,0,1488800,1984838,6ede00d0-baf4-573f-a0dd-4a503bf7f766,6ede00d0-baf4-573f-a0dd-4a503bf7f766
1724,1788917628,1350168,14,29,0,0,1724,0,1489664,1985988,4fa33dcb-5f76-5f76-aea8-330df7ada03e,4fa33dcb-5f76-5f76-aea8-330df7ada03e
1725,1788917657,1350168,14,29,0,0,1725,0,1490530,1987145,6ede00d0-baf4-573f-a0dd-4a503bf7f766,6ede00d0-baf4-573f-a0dd-4a503bf7f766
1726,1788917686,1350168,14,29,0,0,1726,0,1491394,1988295,4fa33dcb-5f76-5f76-aea8-330df7ada03e,4fa33dcb-5f76-5f76-aea8-330df7ada03e
1727,1788917715,1350168,14,29,0,0,1727,0,1492259,1989449,6ede00d0-baf4-573f-a0dd-4a503bf7f766,6ede00d0-baf4-573f-a0dd-4a503bf7f766
1728,1788917743,1350168,14,29,0,0,1728,0,1493122,1990599,4fa33dcb-5f76-5f76-aea8-330df7ada03e,4fa33dcb-5f76-5f76-aea8-330df7ada03e
1729,1788917772,1350168,14,29,0,0,1729,0,1493986,1991751,6ede00d0-baf4-573f-a0dd-4a503bf7f766,6ede00d0-baf4-573f-a0dd-4a503bf7f766
1730,1788917801,1350168,14,29,0,0,1730,0,1494853,1992906,4fa33dcb-5f76-5f76-aea8-330df7ada03e,4fa33dcb-5f76-5f76-aea8-330df7ada03e
1731,1788917830,1350168,14,29,0,0,1731,0,1495717,1994060,6ede00d0-baf4-573f-a0dd-4a503bf7f766,6ede00d0-baf4-573f-a0dd-4a503bf7f766
1732,1788917859,1350168,14,29,0,0,1732,0,1496583,1995212,4fa33dcb-5f76-5f76-aea8-330df7ada03e,4fa33dcb-5f76-5f76-aea8-330df7ada03e
1733,1788917887,1350168,14,29,0,0,1733,0,1497447,1996365,6ede00d0-baf4-573f-a0dd-4a503bf7f766,6ede00d0-baf4-573f-a0dd-4a503bf7f766
1734,1788917916,1350168,14,29,0,0,1734,0,1498310,1997516,4fa33dcb-5f76-5f76-aea8-330df7ada03e,4fa33dcb-5f76-5f76-aea8-330df7ada03e
1735,1788917945,1350168,14,29,0,0,1735,0,1499177,1998672,6ede00d0-baf4-573f-a0dd-4a503bf7f766,6ede00d0-baf4-573f-a0dd-4a503bf7f766
1736,1788917974,1350208,14,29,0,0,1736,0,1500041,1999822,4fa33dcb-5f76-5f76-aea8-330df7ada03e,4fa33dcb-5f76-5f76-aea8-330df7ada03e
1737,1788918003,1350208,14,29,0,0,1737,0,1500905,2000976,6ede00d0-baf4-573f-a0dd-4a503bf7f766,6ede00d0-baf4-573f-a0dd-4a503bf7f766
1738,1788918031,1355800,14,29,0,0,1738,0,1501770,2002127,4fa33dcb-5f76-5f76-aea8-330df7ada03e,4fa33dcb-5f76-5f76-aea8-330df7ada03e
1739,1788918060,1355800,14,29,0,0,1739,0,1502634,2003280,6ede00d0-baf4-573f-a0dd-4a503bf7f766,6ede00d0-baf4-573f-a0dd-4a503bf7f766
1740,1788918089,1355800,14,29,0,0,1740,0,1503500,2004434,4fa33dcb-5f76-5f76-aea8-330df7ada03e,4fa33dcb-5f76-5f76-aea8-330df7ada03e
1741,1788918118,1355800,14,29,0,0,1741,0,1504364,2005586,6ede00d0-baf4-573f-a0dd-4a503bf7f766,6ede00d0-baf4-573f-a0dd-4a503bf7f766
1742,1788918147,1355800,14,29,0,0,1742,0,1505228,2006736,4fa33dcb-5f76-5f76-aea8-330df7ada03e,4fa33dcb-5f76-5f76-aea8-330df7ada03e
1743,1788918175,1355800,14,29,0,0,1743,0,1506092,2007889,6ede00d0-baf4-573f-a0dd-4a503bf7f766,6ede00d0-baf4-573f-a0dd-4a503bf7f766
1744,1788918204,1355800,14,29,0,0,1744,0,1506956,2009040,4fa33dcb-5f76-5f76-aea8-330df7ada03e,4fa33dcb-5f76-5f76-aea8-330df7ada03e
1745,1788918233,1355800,14,29,0,0,1745,0,1507823,2010197,6ede00d0-baf4-573f-a0dd-4a503bf7f766,6ede00d0-baf4-573f-a0dd-4a503bf7f766
1746,1788918262,1355800,14,29,0,0,1746,0,1508686,2011347,4fa33dcb-5f76-5f76-aea8-330df7ada03e,4fa33dcb-5f76-5f76-aea8-330df7ada03e
1747,1788918291,1355800,14,29,0,0,1747,0,1509550,2012499,6ede00d0-baf4-573f-a0dd-4a503bf7f766,6ede00d0-baf4-573f-a0dd-4a503bf7f766
1748,1788918319,1355800,14,29,0,0,1748,0,1510414,2013650,4fa33dcb-5f76-5f76-aea8-330df7ada03e,4fa33dcb-5f76-5f76-aea8-330df7ada03e
1749,1788918348,1355800,14,29,0,0,1749,0,1511277,2014802,6ede00d0-baf4-573f-a0dd-4a503bf7f766,6ede00d0-baf4-573f-a0dd-4a503bf7f766
1750,1788918377,1355800,14,29,0,0,1750,0,1512145,2015957,4fa33dcb-5f76-5f76-aea8-330df7ada03e,4fa33dcb-5f76-5f76-aea8-330df7ada03e
1751,1788918406,1355800,14,29,0,0,1751,0,1513009,2017110,6ede00d0-baf4-573f-a0dd-4a503bf7f766,6ede00d0-baf4-573f-a0dd-4a503bf7f766
1752,1788918435,1355800,14,29,0,0,1752,0,1513872,2018261,4fa33dcb-5f76-5f76-aea8-330df7ada03e,4fa33dcb-5f76-5f76-aea8-330df7ada03e
1753,1788918463,1355808,14,29,0,0,1753,0,1514737,2019414,6ede00d0-baf4-573f-a0dd-4a503bf7f766,6ede00d0-baf4-573f-a0dd-4a503bf7f766
1754,1788918492,1355808,14,29,0,0,1754,0,1515601,2020565,4fa33dcb-5f76-5f76-aea8-330df7ada03e,4fa33dcb-5f76-5f76-aea8-330df7ada03e
1755,1788918521,1355808,14,29,0,0,1755,0,1516467,2021721,6ede00d0-baf4-573f-a0dd-4a503bf7f766,6ede00d0-baf4-573f-a0dd-4a503bf7f766
1756,1788918550,1355808,14,29,0,0,1756,0,1517331,2022871,4fa33dcb-5f76-5f76-aea8-330df7ada03e,4fa33dcb-5f76-5f76-aea8-330df7ada03e
1757,1788918579,1355808,14,29,0,0,1757,0,1518194,2024024,6ede00d0-baf4-573f-a0dd-4a503bf7f766,6ede00d0-baf4-573f-a0dd-4a503bf7f766
1758,1788918607,1355808,14,29,0,0,1758,0,1519059,2025175,4fa33dcb-5f76-5f76-aea8-330df7ada03e,4fa33dcb-5f76-5f76-aea8-330df7ada03e
1759,1788918636,1355808,14,29,0,0,1759,0,1519923,2026328,6ede00d0-baf4-573f-a0dd-4a503bf7f766,6ede00d0-baf4-573f-a0dd-4a503bf7f766
1760,1788918665,1355808,14,29,0,0,1760,0,1520790,2027482,4fa33dcb-5f76-5f76-aea8-330df7ada03e,4fa33dcb-5f76-5f76-aea8-330df7ada03e
1761,1788918694,1355808,14,29,0,0,1761,0,1521653,2028635,6ede00d0-baf4-573f-a0dd-4a503bf7f766,6ede00d0-baf4-573f-a0dd-4a503bf7f766
1762,1788918723,1355808,14,29,0,0,1762,0,1522517,2029786,4fa33dcb-5f76-5f76-aea8-330df7ada03e,4fa33dcb-5f76-5f76-aea8-330df7ada03e
1763,1788918751,1355808,14,29,0,0,1763,0,1523381,2030939,6ede00d0-baf4-573f-a0dd-4a503bf7f766,6ede00d0-baf4-573f-a0dd-4a503bf7f766
1764,1788918780,1355808,14,29,0,0,1764,0,1524245,2032089,4fa33dcb-5f76-5f76-aea8-330df7ada03e,4fa33dcb-5f76-5f76-aea8-330df7ada03e
1765,1788918809,1355808,14,29,0,0,1765,0,1525112,2033246,6ede00d0-baf4-573f-a0dd-4a503bf7f766,6ede00d0-baf4-573f-a0dd-4a503bf7f766
1766,1788918838,1355808,14,29,0,0,1766,0,1525976,2034396,4fa33dcb-5f76-5f76-aea8-330df7ada03e,4fa33dcb-5f76-5f76-aea8-330df7ada03e
1767,1788918867,1355808,14,29,0,0,1767,0,1526840,2035549,6ede00d0-baf4-573f-a0dd-4a503bf7f766,6ede00d0-baf4-573f-a0dd-4a503bf7f766
1768,1788918895,1355808,14,29,0,0,1768,0,1527704,2036700,4fa33dcb-5f76-5f76-aea8-330df7ada03e,4fa33dcb-5f76-5f76-aea8-330df7ada03e
1769,1788918924,1355808,14,29,0,0,1769,0,1528569,2037854,6ede00d0-baf4-573f-a0dd-4a503bf7f766,6ede00d0-baf4-573f-a0dd-4a503bf7f766
1770,1788918953,1355808,14,29,0,0,1770,0,1529437,2039011,4fa33dcb-5f76-5f76-aea8-330df7ada03e,4fa33dcb-5f76-5f76-aea8-330df7ada03e
1771,1788918982,1355808,14,29,0,0,1771,0,1530301,2040163,6ede00d0-baf4-573f-a0dd-4a503bf7f766,6ede00d0-baf4-573f-a0dd-4a503bf7f766
1772,1788919011,1355808,14,29,0,0,1772,0,1531165,2041314,4fa33dcb-5f76-5f76-aea8-330df7ada03e,4fa33dcb-5f76-5f76-aea8-330df7ada03e
1773,1788919040,1355808,14,29,0,0,1773,0,1532029,2042467,6ede00d0-baf4-573f-a0dd-4a503bf7f766,6ede00d0-baf4-573f-a0dd-4a503bf7f766
1774,1788919068,1355808,14,29,0,0,1774,0,1532893,2043618,4fa33dcb-5f76-5f76-aea8-330df7ada03e,4fa33dcb-5f76-5f76-aea8-330df7ada03e
1775,1788919097,1355808,14,29,0,0,1775,0,1533759,2044774,6ede00d0-baf4-573f-a0dd-4a503bf7f766,6ede00d0-baf4-573f-a0dd-4a503bf7f766
1776,1788919126,1355808,14,29,0,0,1776,0,1534623,2045925,4fa33dcb-5f76-5f76-aea8-330df7ada03e,4fa33dcb-5f76-5f76-aea8-330df7ada03e
1777,1788919155,1355808,14,29,0,0,1777,0,1535487,2047078,6ede00d0-baf4-573f-a0dd-4a503bf7f766,6ede00d0-baf4-573f-a0dd-4a503bf7f766
1778,1788919184,1355808,14,29,0,0,1778,0,1536352,2048229,4fa33dcb-5f76-5f76-aea8-330df7ada03e,4fa33dcb-5f76-5f76-aea8-330df7ada03e
1779,1788919212,1355808,14,29,0,0,1779,0,1537215,2049381,6ede00d0-baf4-573f-a0dd-4a503bf7f766,6ede00d0-baf4-573f-a0dd-4a503bf7f766
1780,1788919241,1355808,14,29,0,0,1780,0,1538082,2050536,4fa33dcb-5f76-5f76-aea8-330df7ada03e,4fa33dcb-5f76-5f76-aea8-330df7ada03e
1781,1788919270,1355808,14,29,0,0,1781,0,1538946,2051689,6ede00d0-baf4-573f-a0dd-4a503bf7f766,6ede00d0-baf4-573f-a0dd-4a503bf7f766
1782,1788919299,1355808,14,29,0,0,1782,0,1539810,2052840,4fa33dcb-5f76-5f76-aea8-330df7ada03e,4fa33dcb-5f76-5f76-aea8-330df7ada03e
1783,1788919328,1355808,14,29,0,0,1783,0,1540675,2053993,6ede00d0-baf4-573f-a0dd-4a503bf7f766,6ede00d0-baf4-573f-a0dd-4a503bf7f766
1784,1788919356,1355808,14,29,0,0,1784,0,1541538,2055143,4fa33dcb-5f76-5f76-aea8-330df7ada03e,4fa33dcb-5f76-5f76-aea8-330df7ada03e
1785,1788919385,1355808,14,29,0,0,1785,0,1542405,2056300,6ede00d0-baf4-573f-a0dd-4a503bf7f766,6ede00d0-baf4-573f-a0dd-4a503bf7f766
1786,1788919414,1355808,14,29,0,0,1786,0,1543269,2057451,4fa33dcb-5f76-5f76-aea8-330df7ada03e,4fa33dcb-5f76-5f76-aea8-330df7ada03e
1787,1788919443,1355808,14,29,0,0,1787,0,1544133,2058604,6ede00d0-baf4-573f-a0dd-4a503bf7f766,6ede00d0-baf4-573f-a0dd-4a503bf7f766
1788,1788919472,1355808,14,29,0,0,1788,0,1544997,2059754,4fa33dcb-5f76-5f76-aea8-330df7ada03e,4fa33dcb-5f76-5f76-aea8-330df7ada03e
1789,1788919500,1355808,14,29,0,0,1789,0,1545861,2060907,6ede00d0-baf4-573f-a0dd-4a503bf7f766,6ede00d0-baf4-573f-a0dd-4a503bf7f766
1790,1788919529,1355808,14,29,0,0,1790,0,1546728,2062061,4fa33dcb-5f76-5f76-aea8-330df7ada03e,4fa33dcb-5f76-5f76-aea8-330df7ada03e
1791,1788919558,1355808,14,29,0,0,1791,0,1547592,2063215,6ede00d0-baf4-573f-a0dd-4a503bf7f766,6ede00d0-baf4-573f-a0dd-4a503bf7f766
1792,1788919587,1355808,14,29,0,0,1792,0,1548456,2064365,4fa33dcb-5f76-5f76-aea8-330df7ada03e,4fa33dcb-5f76-5f76-aea8-330df7ada03e
1793,1788919616,1356152,14,29,0,0,1793,0,1549320,2065519,6ede00d0-baf4-573f-a0dd-4a503bf7f766,6ede00d0-baf4-573f-a0dd-4a503bf7f766
1794,1788919644,1356152,14,29,0,0,1794,0,1550184,2066669,4fa33dcb-5f76-5f76-aea8-330df7ada03e,4fa33dcb-5f76-5f76-aea8-330df7ada03e
1795,1788919673,1356152,14,29,0,0,1795,0,1551051,2067826,6ede00d0-baf4-573f-a0dd-4a503bf7f766,6ede00d0-baf4-573f-a0dd-4a503bf7f766
1796,1788919702,1356152,14,29,0,0,1796,0,1551915,2068976,4fa33dcb-5f76-5f76-aea8-330df7ada03e,4fa33dcb-5f76-5f76-aea8-330df7ada03e
1797,1788919731,1356152,14,29,0,0,1797,0,1552778,2070129,6ede00d0-baf4-573f-a0dd-4a503bf7f766,6ede00d0-baf4-573f-a0dd-4a503bf7f766
1798,1788919760,1356152,14,29,0,0,1798,0,1553643,2071280,4fa33dcb-5f76-5f76-aea8-330df7ada03e,4fa33dcb-5f76-5f76-aea8-330df7ada03e
1799,1788919788,1356152,14,29,0,0,1799,0,1554506,2072433,6ede00d0-baf4-573f-a0dd-4a503bf7f766,6ede00d0-baf4-573f-a0dd-4a503bf7f766
1800,1788919817,1356152,14,29,0,0,1800,0,1555373,2073587,4fa33dcb-5f76-5f76-aea8-330df7ada03e,4fa33dcb-5f76-5f76-aea8-330df7ada03e
1801,1788919846,1356152,14,29,0,0,1801,0,1556237,2074740,6ede00d0-baf4-573f-a0dd-4a503bf7f766,6ede00d0-baf4-573f-a0dd-4a503bf7f766
1802,1788919875,1356152,14,29,0,0,1802,0,1557101,2075890,4fa33dcb-5f76-5f76-aea8-330df7ada03e,4fa33dcb-5f76-5f76-aea8-330df7ada03e
1803,1788919904,1356152,14,29,0,0,1803,0,1557965,2077044,6ede00d0-baf4-573f-a0dd-4a503bf7f766,6ede00d0-baf4-573f-a0dd-4a503bf7f766
1804,1788919932,1356152,14,29,0,0,1804,0,1558829,2078195,4fa33dcb-5f76-5f76-aea8-330df7ada03e,4fa33dcb-5f76-5f76-aea8-330df7ada03e
1805,1788919961,1356152,14,29,0,0,1805,0,1559696,2079351,6ede00d0-baf4-573f-a0dd-4a503bf7f766,6ede00d0-baf4-573f-a0dd-4a503bf7f766
1806,1788919990,1356152,14,29,0,0,1806,0,1560560,2080502,4fa33dcb-5f76-5f76-aea8-330df7ada03e,4fa33dcb-5f76-5f76-aea8-330df7ada03e
1807,1788920019,1356152,14,29,0,0,1807,0,1561424,2081654,6ede00d0-baf4-573f-a0dd-4a503bf7f766,6ede00d0-baf4-573f-a0dd-4a503bf7f766
1808,1788920048,1356152,14,29,0,0,1808,0,1562288,2082805,4fa33dcb-5f76-5f76-aea8-330df7ada03e,4fa33dcb-5f76-5f76-aea8-330df7ada03e
1809,1788920076,1356152,14,29,0,0,1809,0,1563151,2083958,6ede00d0-baf4-573f-a0dd-4a503bf7f766,6ede00d0-baf4-573f-a0dd-4a503bf7f766
1810,1788920105,1356152,14,29,0,0,1810,0,1564018,2085112,4fa33dcb-5f76-5f76-aea8-330df7ada03e,4fa33dcb-5f76-5f76-aea8-330df7ada03e
1811,1788920134,1356152,14,29,0,0,1811,0,1564881,2086265,6ede00d0-baf4-573f-a0dd-4a503bf7f766,6ede00d0-baf4-573f-a0dd-4a503bf7f766
1812,1788920163,1356152,14,29,0,0,1812,0,1565745,2087415,4fa33dcb-5f76-5f76-aea8-330df7ada03e,4fa33dcb-5f76-5f76-aea8-330df7ada03e
1813,1788920192,1356152,14,29,0,0,1813,0,1566609,2088569,6ede00d0-baf4-573f-a0dd-4a503bf7f766,6ede00d0-baf4-573f-a0dd-4a503bf7f766
1814,1788920220,1356152,14,29,0,0,1814,0,1567473,2089719,4fa33dcb-5f76-5f76-aea8-330df7ada03e,4fa33dcb-5f76-5f76-aea8-330df7ada03e
1815,1788920249,1356152,14,29,0,0,1815,0,1568339,2090875,6ede00d0-baf4-573f-a0dd-4a503bf7f766,6ede00d0-baf4-573f-a0dd-4a503bf7f766
1816,1788920278,1356152,14,29,0,0,1816,0,1569203,2092026,4fa33dcb-5f76-5f76-aea8-330df7ada03e,4fa33dcb-5f76-5f76-aea8-330df7ada03e
1817,1788920307,1356152,14,29,0,0,1817,0,1570067,2093179,6ede00d0-baf4-573f-a0dd-4a503bf7f766,6ede00d0-baf4-573f-a0dd-4a503bf7f766
1818,1788920336,1356152,14,29,0,0,1818,0,1570931,2094330,4fa33dcb-5f76-5f76-aea8-330df7ada03e,4fa33dcb-5f76-5f76-aea8-330df7ada03e
1819,1788920364,1356152,14,29,0,0,1819,0,1571795,2095483,6ede00d0-baf4-573f-a0dd-4a503bf7f766,6ede00d0-baf4-573f-a0dd-4a503bf7f766
1820,1788920393,1356152,14,29,0,0,1820,0,1572661,2096636,4fa33dcb-5f76-5f76-aea8-330df7ada03e,4fa33dcb-5f76-5f76-aea8-330df7ada03e
1821,1788920422,1356152,14,29,0,0,1821,0,1573526,2097790,6ede00d0-baf4-573f-a0dd-4a503bf7f766,6ede00d0-baf4-573f-a0dd-4a503bf7f766
1822,1788920451,1356152,14,29,0,0,1822,0,1574390,2098941,4fa33dcb-5f76-5f76-aea8-330df7ada03e,4fa33dcb-5f76-5f76-aea8-330df7ada03e
1823,1788920480,1356152,14,29,0,0,1823,0,1575254,2100094,6ede00d0-baf4-573f-a0dd-4a503bf7f766,6ede00d0-baf4-573f-a0dd-4a503bf7f766
1824,1788920508,1356152,14,29,0,0,1824,0,1576118,2101244,4fa33dcb-5f76-5f76-aea8-330df7ada03e,4fa33dcb-5f76-5f76-aea8-330df7ada03e
1825,1788920537,1356152,14,29,0,0,1825,0,1576984,2102400,6ede00d0-baf4-573f-a0dd-4a503bf7f766,6ede00d0-baf4-573f-a0dd-4a503bf7f766
1826,1788920566,1356160,14,29,0,0,1826,0,1577848,2103550,4fa33dcb-5f76-5f76-aea8-330df7ada03e,4fa33dcb-5f76-5f76-aea8-330df7ada03e
1827,1788920595,1356160,14,29,0,0,1827,0,1578711,2104703,6ede00d0-baf4-573f-a0dd-4a503bf7f766,6ede00d0-baf4-573f-a0dd-4a503bf7f766
1828,1788920624,1356160,14,29,0,0,1828,0,1579575,2105853,4fa33dcb-5f76-5f76-aea8-330df7ada03e,4fa33dcb-5f76-5f76-aea8-330df7ada03e
1829,1788920652,1356160,14,29,0,0,1829,0,1580439,2107006,6ede00d0-baf4-573f-a0dd-4a503bf7f766,6ede00d0-baf4-573f-a0dd-4a503bf7f766
1830,1788920681,1356160,14,29,0,0,1830,0,1581307,2108162,4fa33dcb-5f76-5f76-aea8-330df7ada03e,4fa33dcb-5f76-5f76-aea8-330df7ada03e
1831,1788920710,1356160,14,29,0,0,1831,0,1582172,2109316,6ede00d0-baf4-573f-a0dd-4a503bf7f766,6ede00d0-baf4-573f-a0dd-4a503bf7f766
1832,1788920739,1356160,14,29,0,0,1832,0,1583036,2110467,4fa33dcb-5f76-5f76-aea8-330df7ada03e,4fa33dcb-5f76-5f76-aea8-330df7ada03e
1833,1788920768,1356160,14,29,0,0,1833,0,1583900,2111620,6ede00d0-baf4-573f-a0dd-4a503bf7f766,6ede00d0-baf4-573f-a0dd-4a503bf7f766
1834,1788920796,1356160,14,29,0,0,1834,0,1584764,2112770,4fa33dcb-5f76-5f76-aea8-330df7ada03e,4fa33dcb-5f76-5f76-aea8-330df7ada03e
1835,1788920825,1356160,14,29,0,0,1835,0,1585630,2113927,6ede00d0-baf4-573f-a0dd-4a503bf7f766,6ede00d0-baf4-573f-a0dd-4a503bf7f766
1836,1788920854,1356160,14,29,0,0,1836,0,1586494,2115077,4fa33dcb-5f76-5f76-aea8-330df7ada03e,4fa33dcb-5f76-5f76-aea8-330df7ada03e
1837,1788920883,1356160,14,29,0,0,1837,0,1587358,2116230,6ede00d0-baf4-573f-a0dd-4a503bf7f766,6ede00d0-baf4-573f-a0dd-4a503bf7f766
1838,1788920912,1356160,14,29,0,0,1838,0,1588222,2117381,4fa33dcb-5f76-5f76-aea8-330df7ada03e,4fa33dcb-5f76-5f76-aea8-330df7ada03e
1839,1788920940,1356160,14,29,0,0,1839,0,1589086,2118533,6ede00d0-baf4-573f-a0dd-4a503bf7f766,6ede00d0-baf4-573f-a0dd-4a503bf7f766
1840,1788920969,1356160,14,29,0,0,1840,0,1589952,2119687,4fa33dcb-5f76-5f76-aea8-330df7ada03e,4fa33dcb-5f76-5f76-aea8-330df7ada03e
1841,1788920998,1356160,14,29,0,0,1841,0,1590817,2120841,6ede00d0-baf4-573f-a0dd-4a503bf7f766,6ede00d0-baf4-573f-a0dd-4a503bf7f766
1842,1788921027,1356160,14,29,0,0,1842,0,1591680,2121991,4fa33dcb-5f76-5f76-aea8-330df7ada03e,4fa33dcb-5f76-5f76-aea8-330df7ada03e
1843,1788921056,1356160,14,29,0,0,1843,0,1592544,2123144,6ede00d0-baf4-573f-a0dd-4a503bf7f766,6ede00d0-baf4-573f-a0dd-4a503bf7f766
1844,1788921084,1356160,14,29,0,0,1844,0,1593408,2124294,4fa33dcb-5f76-5f76-aea8-330df7ada03e,4fa33dcb-5f76-5f76-aea8-330df7ada03e
1845,1788921113,1356160,14,29,0,0,1845,0,1594275,2125451,6ede00d0-baf4-573f-a0dd-4a503bf7f766,6ede00d0-baf4-573f-a0dd-4a503bf7f766
1846,1788921142,1356160,14,29,0,0,1846,0,1595138,2126601,4fa33dcb-5f76-5f76-aea8-330df7ada03e,4fa33dcb-5f76-5f76-aea8-330df7ada03e
1847,1788921171,1356160,14,29,0,0,1847,0,1596002,2127754,6ede00d0-baf4-573f-a0dd-4a503bf7f766,6ede00d0-baf4-573f-a0dd-4a503bf7f766
1848,1788921200,1356160,14,29,0,0,1848,0,1596866,2128904,4fa33dcb-5f76-5f76-aea8-330df7ada03e,4fa33dcb-5f76-5f76-aea8-330df7ada03e
1849,1788921228,1356160,14,29,0,0,1849,0,1597730,2130057,6ede00d0-baf4-573f-a0dd-4a503bf7f766,6ede00d0-baf4-573f-a0dd-4a503bf7f766
1850,1788921257,1356160,14,29,0,0,1850,0,1598596,2131211,4fa33dcb-5f76-5f76-aea8-330df7ada03e,4fa33dcb-5f76-5f76-aea8-330df7ada03e
1851,1788921286,1356160,14,29,0,0,1851,0,1599460,2132364,6ede00d0-baf4-573f-a0dd-4a503bf7f766,6ede00d0-baf4-573f-a0dd-4a503bf7f766
1852,1788921315,1356160,14,29,0,0,1852,0,1600324,2133514,4fa33dcb-5f76-5f76-aea8-330df7ada03e,4fa33dcb-5f76-5f76-aea8-330df7ada03e
1853,1788921344,1356160,14,29,0,0,1853,0,1601188,2134668,6ede00d0-baf4-573f-a0dd-4a503bf7f766,6ede00d0-baf4-573f-a0dd-4a503bf7f766
1854,1788921372,1356160,14,29,0,0,1854,0,1602052,2135818,4fa33dcb-5f76-5f76-aea8-330df7ada03e,4fa33dcb-5f76-5f76-aea8-330df7ada03e
1855,1788921401,1356160,14,29,0,0,1855,0,1602919,2136974,6ede00d0-baf4-573f-a0dd-4a503bf7f766,6ede00d0-baf4-573f-a0dd-4a503bf7f766
1856,1788921430,1356160,14,29,0,0,1856,0,1603783,2138126,4fa33dcb-5f76-5f76-aea8-330df7ada03e,4fa33dcb-5f76-5f76-aea8-330df7ada03e
1857,1788921459,1356160,14,29,0,0,1857,0,1604647,2139279,6ede00d0-baf4-573f-a0dd-4a503bf7f766,6ede00d0-baf4-573f-a0dd-4a503bf7f766
1858,1788921488,1356160,14,29,0,0,1858,0,1605511,2140430,4fa33dcb-5f76-5f76-aea8-330df7ada03e,4fa33dcb-5f76-5f76-aea8-330df7ada03e
1859,1788921516,1356160,14,29,0,0,1859,0,1606375,2141582,6ede00d0-baf4-573f-a0dd-4a503bf7f766,6ede00d0-baf4-573f-a0dd-4a503bf7f766
1860,1788921545,1356160,14,29,0,0,1860,0,1607242,2142736,4fa33dcb-5f76-5f76-aea8-330df7ada03e,4fa33dcb-5f76-5f76-aea8-330df7ada03e
1861,1788921574,1356160,14,29,0,0,1861,0,1608106,2143889,6ede00d0-baf4-573f-a0dd-4a503bf7f766,6ede00d0-baf4-573f-a0dd-4a503bf7f766
1862,1788921603,1356160,14,29,0,0,1862,0,1608969,2145040,4fa33dcb-5f76-5f76-aea8-330df7ada03e,4fa33dcb-5f76-5f76-aea8-330df7ada03e
1863,1788921632,1356160,14,29,0,0,1863,0,1609834,2146193,6ede00d0-baf4-573f-a0dd-4a503bf7f766,6ede00d0-baf4-573f-a0dd-4a503bf7f766
1864,1788921660,1356160,14,29,0,0,1864,0,1610697,2147343,4fa33dcb-5f76-5f76-aea8-330df7ada03e,4fa33dcb-5f76-5f76-aea8-330df7ada03e
1865,1788921689,1356160,14,29,0,0,1865,0,1611563,2148499,6ede00d0-baf4-573f-a0dd-4a503bf7f766,6ede00d0-baf4-573f-a0dd-4a503bf7f766
1866,1788921718,1356160,14,29,0,0,1866,0,1612426,2149649,4fa33dcb-5f76-5f76-aea8-330df7ada03e,4fa33dcb-5f76-5f76-aea8-330df7ada03e
1867,1788921747,1356160,14,29,0,0,1867,0,1613290,2150802,6ede00d0-baf4-573f-a0dd-4a503bf7f766,6ede00d0-baf4-573f-a0dd-4a503bf7f766
1868,1788921776,1356160,14,29,0,0,1868,0,1614154,2151953,4fa33dcb-5f76-5f76-aea8-330df7ada03e,4fa33dcb-5f76-5f76-aea8-330df7ada03e
1869,1788921804,1356160,14,29,0,0,1869,0,1615018,2153106,6ede00d0-baf4-573f-a0dd-4a503bf7f766,6ede00d0-baf4-573f-a0dd-4a503bf7f766
1870,1788921833,1356160,14,29,0,0,1870,0,1615885,2154260,4fa33dcb-5f76-5f76-aea8-330df7ada03e,4fa33dcb-5f76-5f76-aea8-330df7ada03e
1871,1788921862,1356160,14,29,0,0,1871,0,1616748,2155413,6ede00d0-baf4-573f-a0dd-4a503bf7f766,6ede00d0-baf4-573f-a0dd-4a503bf7f766
1872,1788921891,1356160,14,29,0,0,1872,0,1617612,2156563,4fa33dcb-5f76-5f76-aea8-330df7ada03e,4fa33dcb-5f76-5f76-aea8-330df7ada03e
1873,1788921920,1356160,14,29,0,0,1873,0,1618477,2157717,6ede00d0-baf4-573f-a0dd-4a503bf7f766,6ede00d0-baf4-573f-a0dd-4a503bf7f766
1874,1788921948,1356160,14,29,0,0,1874,0,1619341,2158868,4fa33dcb-5f76-5f76-aea8-330df7ada03e,4fa33dcb-5f76-5f76-aea8-330df7ada03e
1875,1788921977,1356160,14,29,0,0,1875,0,1620208,2160023,6ede00d0-baf4-573f-a0dd-4a503bf7f766,6ede00d0-baf4-573f-a0dd-4a503bf7f766
1876,1788922006,1356160,14,29,0,0,1876,0,1621072,2161174,4fa33dcb-5f76-5f76-aea8-330df7ada03e,4fa33dcb-5f76-5f76-aea8-330df7ada03e
1877,1788922035,1356160,14,29,0,0,1877,0,1621936,2162327,6ede00d0-baf4-573f-a0dd-4a503bf7f766,6ede00d0-baf4-573f-a0dd-4a503bf7f766
1878,1788922064,1356160,14,29,0,0,1878,0,1622799,2163477,4fa33dcb-5f76-5f76-aea8-330df7ada03e,4fa33dcb-5f76-5f76-aea8-330df7ada03e
1879,1788922092,1356160,14,29,0,0,1879,0,1623663,2164630,6ede00d0-baf4-573f-a0dd-4a503bf7f766,6ede00d0-baf4-573f-a0dd-4a503bf7f766
1880,1788922121,1356160,14,29,0,0,1880,0,1624529,2165783,4fa33dcb-5f76-5f76-aea8-330df7ada03e,4fa33dcb-5f76-5f76-aea8-330df7ada03e
1881,1788922150,1356160,14,29,0,0,1881,0,1625393,2166936,6ede00d0-baf4-573f-a0dd-4a503bf7f766,6ede00d0-baf4-573f-a0dd-4a503bf7f766
1882,1788922179,1356160,14,29,0,0,1882,0,1626257,2168087,4fa33dcb-5f76-5f76-aea8-330df7ada03e,4fa33dcb-5f76-5f76-aea8-330df7ada03e
1883,1788922208,1356160,14,29,0,0,1883,0,1627121,2169239,6ede00d0-baf4-573f-a0dd-4a503bf7f766,6ede00d0-baf4-573f-a0dd-4a503bf7f766
1884,1788922236,1356160,14,29,0,0,1884,0,1627985,2170390,4fa33dcb-5f76-5f76-aea8-330df7ada03e,4fa33dcb-5f76-5f76-aea8-330df7ada03e
1885,1788922265,1356160,14,29,0,0,1885,0,1628852,2171546,6ede00d0-baf4-573f-a0dd-4a503bf7f766,6ede00d0-baf4-573f-a0dd-4a503bf7f766
1886,1788922294,1356160,14,29,0,0,1886,0,1629716,2172697,4fa33dcb-5f76-5f76-aea8-330df7ada03e,4fa33dcb-5f76-5f76-aea8-330df7ada03e
1887,1788922323,1356160,14,29,0,0,1887,0,1630579,2173849,6ede00d0-baf4-573f-a0dd-4a503bf7f766,6ede00d0-baf4-573f-a0dd-4a503bf7f766
1888,1788922351,1356160,14,29,0,0,1888,0,1631443,2175000,4fa33dcb-5f76-5f76-aea8-330df7ada03e,4fa33dcb-5f76-5f76-aea8-330df7ada03e
1889,1788922380,1356160,14,29,0,0,1889,0,1632307,2176152,6ede00d0-baf4-573f-a0dd-4a503bf7f766,6ede00d0-baf4-573f-a0dd-4a503bf7f766
1890,1788922409,1356160,14,29,0,0,1890,0,1633174,2177307,4fa33dcb-5f76-5f76-aea8-330df7ada03e,4fa33dcb-5f76-5f76-aea8-330df7ada03e
1891,1788922438,1356160,14,29,0,0,1891,0,1634039,2178462,6ede00d0-baf4-573f-a0dd-4a503bf7f766,6ede00d0-baf4-573f-a0dd-4a503bf7f766
1892,1788922467,1356160,14,29,0,0,1892,0,1634903,2179612,4fa33dcb-5f76-5f76-aea8-330df7ada03e,4fa33dcb-5f76-5f76-aea8-330df7ada03e
1893,1788922496,1356160,14,29,0,0,1893,0,1635767,2180766,6ede00d0-baf4-573f-a0dd-4a503bf7f766,6ede00d0-baf4-573f-a0dd-4a503bf7f766
1894,1788922524,1356160,14,29,0,0,1894,0,1636631,2181916,4fa33dcb-5f76-5f76-aea8-330df7ada03e,4fa33dcb-5f76-5f76-aea8-330df7ada03e
1895,1788922553,1356160,14,29,0,0,1895,0,1637498,2183073,6ede00d0-baf4-573f-a0dd-4a503bf7f766,6ede00d0-baf4-573f-a0dd-4a503bf7f766
1896,1788922582,1356160,14,29,0,0,1896,0,1638362,2184223,4fa33dcb-5f76-5f76-aea8-330df7ada03e,4fa33dcb-5f76-5f76-aea8-330df7ada03e
1897,1788922611,1356160,14,29,0,0,1897,0,1639226,2185376,6ede00d0-baf4-573f-a0dd-4a503bf7f766,6ede00d0-baf4-573f-a0dd-4a503bf7f766
1898,1788922640,1356160,14,29,0,0,1898,0,1640090,2186527,4fa33dcb-5f76-5f76-aea8-330df7ada03e,4fa33dcb-5f76-5f76-aea8-330df7ada03e
1899,1788922668,1356164,14,29,0,0,1899,0,1640953,2187679,6ede00d0-baf4-573f-a0dd-4a503bf7f766,6ede00d0-baf4-573f-a0dd-4a503bf7f766
1900,1788922697,1356168,14,29,0,0,1900,0,1641820,2188833,4fa33dcb-5f76-5f76-aea8-330df7ada03e,4fa33dcb-5f76-5f76-aea8-330df7ada03e
1901,1788922726,1356168,14,29,0,0,1901,0,1642683,2189987,6ede00d0-baf4-573f-a0dd-4a503bf7f766,6ede00d0-baf4-573f-a0dd-4a503bf7f766
1902,1788922755,1356168,14,29,0,0,1902,0,1643548,2191138,4fa33dcb-5f76-5f76-aea8-330df7ada03e,4fa33dcb-5f76-5f76-aea8-330df7ada03e
1903,1788922784,1356168,14,29,0,0,1903,0,1644413,2192293,6ede00d0-baf4-573f-a0dd-4a503bf7f766,6ede00d0-baf4-573f-a0dd-4a503bf7f766
1904,1788922812,1356168,14,29,0,0,1904,0,1645277,2193444,4fa33dcb-5f76-5f76-aea8-330df7ada03e,4fa33dcb-5f76-5f76-aea8-330df7ada03e
1905,1788922841,1356168,14,29,0,0,1905,0,1646144,2194601,6ede00d0-baf4-573f-a0dd-4a503bf7f766,6ede00d0-baf4-573f-a0dd-4a503bf7f766
1906,1788922870,1356168,14,29,0,0,1906,0,1647009,2195752,4fa33dcb-5f76-5f76-aea8-330df7ada03e,4fa33dcb-5f76-5f76-aea8-330df7ada03e
1907,1788922899,1356168,14,29,0,0,1907,0,1647873,2196906,6ede00d0-baf4-573f-a0dd-4a503bf7f766,6ede00d0-baf4-573f-a0dd-4a503bf7f766
1908,1788922928,1356168,14,29,0,0,1908,0,1648737,2198056,4fa33dcb-5f76-5f76-aea8-330df7ada03e,4fa33dcb-5f76-5f76-aea8-330df7ada03e
1909,1788922956,1356168,14,29,0,0,1909,0,1649602,2199210,6ede00d0-baf4-573f-a0dd-4a503bf7f766,6ede00d0-baf4-573f-a0dd-4a503bf7f766
1910,1788922985,1356168,14,29,0,0,1910,0,1650468,2200364,4fa33dcb-5f76-5f76-aea8-330df7ada03e,4fa33dcb-5f76-5f76-aea8-330df7ada03e
1911,1788923014,1356168,14,29,0,0,1911,0,1651332,2201517,6ede00d0-baf4-573f-a0dd-4a503bf7f766,6ede00d0-baf4-573f-a0dd-4a503bf7f766
1912,1788923043,1356168,14,29,0,0,1912,0,1652197,2202668,4fa33dcb-5f76-5f76-aea8-330df7ada03e,4fa33dcb-5f76-5f76-aea8-330df7ada03e
1913,1788923072,1356168,14,29,0,0,1913,0,1653061,2203821,6ede00d0-baf4-573f-a0dd-4a503bf7f766,6ede00d0-baf4-573f-a0dd-4a503bf7f766
1914,1788923100,1356168,14,29,0,0,1914,0,1653924,2204972,4fa33dcb-5f76-5f76-aea8-330df7ada03e,4fa33dcb-5f76-5f76-aea8-330df7ada03e
1915,1788923129,1356168,14,29,0,0,1915,0,1654791,2206128,6ede00d0-baf4-573f-a0dd-4a503bf7f766,6ede00d0-baf4-573f-a0dd-4a503bf7f766
1916,1788923158,1356168,14,29,0,0,1916,0,1655655,2207280,4fa33dcb-5f76-5f76-aea8-330df7ada03e,4fa33dcb-5f76-5f76-aea8-330df7ada03e
1917,1788923187,1356168,14,29,0,0,1917,0,1656519,2208432,6ede00d0-baf4-573f-a0dd-4a503bf7f766,6ede00d0-baf4-573f-a0dd-4a503bf7f766
1918,1788923216,1356168,14,29,0,0,1918,0,1657383,2209583,4fa33dcb-5f76-5f76-aea8-330df7ada03e,4fa33dcb-5f76-5f76-aea8-330df7ada03e
1919,1788923245,1356168,14,29,0,0,1919,0,1658247,2210736,6ede00d0-baf4-573f-a0dd-4a503bf7f766,6ede00d0-baf4-573f-a0dd-4a503bf7f766
1920,1788923273,1356168,14,29,0,0,1920,0,1659114,2211890,4fa33dcb-5f76-5f76-aea8-330df7ada03e,4fa33dcb-5f76-5f76-aea8-330df7ada03e
1921,1788923302,1356168,14,29,0,0,1921,0,1659977,2213042,6ede00d0-baf4-573f-a0dd-4a503bf7f766,6ede00d0-baf4-573f-a0dd-4a503bf7f766
1922,1788923331,1356168,14,29,0,0,1922,0,1660841,2214193,4fa33dcb-5f76-5f76-aea8-330df7ada03e,4fa33dcb-5f76-5f76-aea8-330df7ada03e
1923,1788923360,1356168,14,29,0,0,1923,0,1661705,2215346,6ede00d0-baf4-573f-a0dd-4a503bf7f766,6ede00d0-baf4-573f-a0dd-4a503bf7f766
1924,1788923388,1356168,14,29,0,0,1924,0,1662569,2216496,4fa33dcb-5f76-5f76-aea8-330df7ada03e,4fa33dcb-5f76-5f76-aea8-330df7ada03e
1925,1788923417,1356168,14,29,0,0,1925,0,1663436,2217653,6ede00d0-baf4-573f-a0dd-4a503bf7f766,6ede00d0-baf4-573f-a0dd-4a503bf7f766
1926,1788923446,1356168,14,29,0,0,1926,0,1664299,2218803,4fa33dcb-5f76-5f76-aea8-330df7ada03e,4fa33dcb-5f76-5f76-aea8-330df7ada03e
1927,1788923475,1356172,14,29,0,0,1927,0,1665163,2219956,6ede00d0-baf4-573f-a0dd-4a503bf7f766,6ede00d0-baf4-573f-a0dd-4a503bf7f766
1928,1788923504,1356172,14,29,0,0,1928,0,1666027,2221107,4fa33dcb-5f76-5f76-aea8-330df7ada03e,4fa33dcb-5f76-5f76-aea8-330df7ada03e
1929,1788923532,1356172,14,29,0,0,1929,0,1666891,2222259,6ede00d0-baf4-573f-a0dd-4a503bf7f766,6ede00d0-baf4-573f-a0dd-4a503bf7f766
1930,1788923561,1356172,14,29,0,0,1930,0,1667758,2223413,4fa33dcb-5f76-5f76-aea8-330df7ada03e,4fa33dcb-5f76-5f76-aea8-330df7ada03e
1931,1788923590,1356172,14,29,0,0,1931,0,1668622,2224567,6ede00d0-baf4-573f-a0dd-4a503bf7f766,6ede00d0-baf4-573f-a0dd-4a503bf7f766
1932,1788923619,1356172,14,29,0,0,1932,0,1669486,2225717,4fa33dcb-5f76-5f76-aea8-330df7ada03e,4fa33dcb-5f76-5f76-aea8-330df7ada03e
1933,1788923648,1356172,14,29,0,0,1933,0,1670350,2226871,6ede00d0-baf4-573f-a0dd-4a503bf7f766,6ede00d0-baf4-573f-a0dd-4a503bf7f766
1934,1788923676,1356172,14,29,0,0,1934,0,1671214,2228022,4fa33dcb-5f76-5f76-aea8-330df7ada03e,4fa33dcb-5f76-5f76-aea8-330df7ada03e
1935,1788923705,1356172,14,29,0,0,1935,0,1672081,2229178,6ede00d0-baf4-573f-a0dd-4a503bf7f766,6ede00d0-baf4-573f-a0dd-4a503bf7f766
1936,1788923734,1356172,14,29,0,0,1936,0,1672945,2230328,4fa33dcb-5f76-5f76-aea8-330df7ada03e,4fa33dcb-5f76-5f76-aea8-330df7ada03e
1937,1788923763,1356172,14,29,0,0,1937,0,1673809,2231481,6ede00d0-baf4-573f-a0dd-4a503bf7f766,6ede00d0-baf4-573f-a0dd-4a503bf7f766
1938,1788923792,1356172,14,29,0,0,1938,0,1674672,2232632,4fa33dcb-5f76-5f76-aea8-330df7ada03e,4fa33dcb-5f76-5f76-aea8-330df7ada03e
1939,1788923820,1356172,14,29,0,0,1939,0,1675537,2233785,6ede00d0-baf4-573f-a0dd-4a503bf7f766,6ede00d0-baf4-573f-a0dd-4a503bf7f766
1940,1788923849,1356172,14,29,0,0,1940,0,1676403,2234938,4fa33dcb-5f76-5f76-aea8-330df7ada03e,4fa33dcb-5f76-5f76-aea8-330df7ada03e
1941,1788923878,1356172,14,29,0,0,1941,0,1677266,2236091,6ede00d0-baf4-573f-a0dd-4a503bf7f766,6ede00d0-baf4-573f-a0dd-4a503bf7f766
1942,1788923907,1356172,14,29,0,0,1942,0,1678130,2237242,4fa33dcb-5f76-5f76-aea8-330df7ada03e,4fa33dcb-5f76-5f76-aea8-330df7ada03e
1943,1788923936,1356172,14,29,0,0,1943,0,1678995,2238395,6ede00d0-baf4-573f-a0dd-4a503bf7f766,6ede00d0-baf4-573f-a0dd-4a503bf7f766
1944,1788923964,1356176,14,29,0,0,1944,0,1679859,2239546,4fa33dcb-5f76-5f76-aea8-330df7ada03e,4fa33dcb-5f76-5f76-aea8-330df7ada03e
1945,1788923993,1356176,14,29,0,0,1945,0,1680725,2240702,6ede00d0-baf4-573f-a0dd-4a503bf7f766,6ede00d0-baf4-573f-a0dd-4a503bf7f766
1946,1788924022,1356176,14,29,0,0,1946,0,1681589,2241852,4fa33dcb-5f76-5f76-aea8-330df7ada03e,4fa33dcb-5f76-5f76-aea8-330df7ada03e
1947,1788924051,1356176,14,29,0,0,1947,0,1682453,2243005,6ede00d0-baf4-573f-a0dd-4a503bf7f766,6ede00d0-baf4-573f-a0dd-4a503bf7f766
1948,1788924080,1356176,14,29,0,0,1948,0,1683317,2244156,4fa33dcb-5f76-5f76-aea8-330df7ada03e,4fa33dcb-5f76-5f76-aea8-330df7ada03e
1949,1788924108,1356176,14,29,0,0,1949,0,1684181,2245309,6ede00d0-baf4-573f-a0dd-4a503bf7f766,6ede00d0-baf4-573f-a0dd-4a503bf7f766
1950,1788924137,1356176,14,29,0,0,1950,0,1685048,2246463,4fa33dcb-5f76-5f76-aea8-330df7ada03e,4fa33dcb-5f76-5f76-aea8-330df7ada03e
1951,1788924166,1356176,14,29,0,0,1951,0,1685912,2247616,6ede00d0-baf4-573f-a0dd-4a503bf7f766,6ede00d0-baf4-573f-a0dd-4a503bf7f766
1952,1788924195,1356176,14,29,0,0,1952,0,1686776,2248767,4fa33dcb-5f76-5f76-aea8-330df7ada03e,4fa33dcb-5f76-5f76-aea8-330df7ada03e
1953,1788924224,1356176,14,29,0,0,1953,0,1687639,2249920,6ede00d0-baf4-573f-a0dd-4a503bf7f766,6ede00d0-baf4-573f-a0dd-4a503bf7f766
1954,1788924252,1356176,14,29,0,0,1954,0,1688503,2251071,4fa33dcb-5f76-5f76-aea8-330df7ada03e,4fa33dcb-5f76-5f76-aea8-330df7ada03e
1955,1788924281,1356176,14,29,0,0,1955,0,1689370,2252227,6ede00d0-baf4-573f-a0dd-4a503bf7f766,6ede00d0-baf4-573f-a0dd-4a503bf7f766
1956,1788924310,1356176,14,29,0,0,1956,0,1690234,2253377,4fa33dcb-5f76-5f76-aea8-330df7ada03e,4fa33dcb-5f76-5f76-aea8-330df7ada03e
1957,1788924339,1356176,14,29,0,0,1957,0,1691098,2254530,6ede00d0-baf4-573f-a0dd-4a503bf7f766,6ede00d0-baf4-573f-a0dd-4a503bf7f766
1958,1788924368,1356176,14,29,0,0,1958,0,1691962,2255681,4fa33dcb-5f76-5f76-aea8-330df7ada03e,4fa33dcb-5f76-5f76-aea8-330df7ada03e
1959,1788924396,1356176,14,29,0,0,1959,0,1692827,2256836,6ede00d0-baf4-573f-a0dd-4a503bf7f766,6ede00d0-baf4-573f-a0dd-4a503bf7f766
1960,1788924425,1356180,14,29,0,0,1960,0,1693693,2257989,4fa33dcb-5f76-5f76-aea8-330df7ada03e,4fa33dcb-5f76-5f76-aea8-330df7ada03e
1961,1788924454,1356180,14,29,0,0,1961,0,1694557,2259142,6ede00d0-baf4-573f-a0dd-4a503bf7f766,6ede00d0-baf4-573f-a0dd-4a503bf7f766
1962,1788924483,1356180,14,29,0,0,1962,0,1695421,2260292,4fa33dcb-5f76-5f76-aea8-330df7ada03e,4fa33dcb-5f76-5f76-aea8-330df7ada03e
1963,1788924512,1356180,14,29,0,0,1963,0,1696284,2261445,6ede00d0-baf4-573f-a0dd-4a503bf7f766,6ede00d0-baf4-573f-a0dd-4a503bf7f766
1964,1788924540,1356180,14,29,0,0,1964,0,1697148,2262597,4fa33dcb-5f76-5f76-aea8-330df7ada03e,4fa33dcb-5f76-5f76-aea8-330df7ada03e
1965,1788924569,1356180,14,29,0,0,1965,0,1698015,2263753,6ede00d0-baf4-573f-a0dd-4a503bf7f766,6ede00d0-baf4-573f-a0dd-4a503bf7f766
1966,1788924598,1356180,14,29,0,0,1966,0,1698879,2264904,4fa33dcb-5f76-5f76-aea8-330df7ada03e,4fa33dcb-5f76-5f76-aea8-330df7ada03e
1967,1788924627,1356216,14,29,0,0,1967,0,1699743,2266057,6ede00d0-baf4-573f-a0dd-4a503bf7f766,6ede00d0-baf4-573f-a0dd-4a503bf7f766
1968,1788924656,1356216,14,29,0,0,1968,0,1700607,2267208,4fa33dcb-5f76-5f76-aea8-330df7ada03e,4fa33dcb-5f76-5f76-aea8-330df7ada03e
1969,1788924685,1356232,14,29,0,0,1969,0,1701471,2268361,6ede00d0-baf4-573f-a0dd-4a503bf7f766,6ede00d0-baf4-573f-a0dd-4a503bf7f766
1970,1788924713,1361860,14,29,0,0,1970,0,1702338,2269515,4fa33dcb-5f76-5f76-aea8-330df7ada03e,4fa33dcb-5f76-5f76-aea8-330df7ada03e
1971,1788924742,1361860,14,29,0,0,1971,0,1703202,2270668,6ede00d0-baf4-573f-a0dd-4a503bf7f766,6ede00d0-baf4-573f-a0dd-4a503bf7f766
1972,1788924771,1361864,14,29,0,0,1972,0,1704066,2271819,4fa33dcb-5f76-5f76-aea8-330df7ada03e,4fa33dcb-5f76-5f76-aea8-330df7ada03e
1973,1788924800,1361868,14,29,0,0,1973,0,1704930,2272971,6ede00d0-baf4-573f-a0dd-4a503bf7f766,6ede00d0-baf4-573f-a0dd-4a503bf7f766
1974,1788924828,1361868,14,29,0,0,1974,0,1705793,2274122,4fa33dcb-5f76-5f76-aea8-330df7ada03e,4fa33dcb-5f76-5f76-aea8-330df7ada03e
1975,1788924857,1361868,14,29,0,0,1975,0,1706660,2275278,6ede00d0-baf4-573f-a0dd-4a503bf7f766,6ede00d0-baf4-573f-a0dd-4a503bf7f766
1976,1788924886,1361868,14,29,0,0,1976,0,1707524,2276429,4fa33dcb-5f76-5f76-aea8-330df7ada03e,4fa33dcb-5f76-5f76-aea8-330df7ada03e
1977,1788924915,1361868,14,29,0,0,1977,0,1708388,2277582,6ede00d0-baf4-573f-a0dd-4a503bf7f766,6ede00d0-baf4-573f-a0dd-4a503bf7f766
1978,1788924944,1361868,14,29,0,0,1978,0,1709252,2278732,4fa33dcb-5f76-5f76-aea8-330df7ada03e,4fa33dcb-5f76-5f76-aea8-330df7ada03e
1979,1788924973,1361872,14,29,0,0,1979,0,1710117,2279887,6ede00d0-baf4-573f-a0dd-4a503bf7f766,6ede00d0-baf4-573f-a0dd-4a503bf7f766
1980,1788925001,1361872,14,29,0,0,1980,0,1710985,2281043,4fa33dcb-5f76-5f76-aea8-330df7ada03e,4fa33dcb-5f76-5f76-aea8-330df7ada03e
1981,1788925030,1361872,14,29,0,0,1981,0,1711849,2282195,6ede00d0-baf4-573f-a0dd-4a503bf7f766,6ede00d0-baf4-573f-a0dd-4a503bf7f766
1982,1788925059,1361872,14,29,0,0,1982,0,1712713,2283347,4fa33dcb-5f76-5f76-aea8-330df7ada03e,4fa33dcb-5f76-5f76-aea8-330df7ada03e
1983,1788925088,1361872,14,29,0,0,1983,0,1713577,2284499,6ede00d0-baf4-573f-a0dd-4a503bf7f766,6ede00d0-baf4-573f-a0dd-4a503bf7f766
1984,1788925117,1361912,14,29,0,0,1984,0,1714441,2285650,4fa33dcb-5f76-5f76-aea8-330df7ada03e,4fa33dcb-5f76-5f76-aea8-330df7ada03e
1985,1788925146,1361912,14,29,0,0,1985,0,1715311,2286811,6ede00d0-baf4-573f-a0dd-4a503bf7f766,6ede00d0-baf4-573f-a0dd-4a503bf7f766
1986,1788925174,1361952,14,29,0,0,1986,0,1716175,2287962,4fa33dcb-5f76-5f76-aea8-330df7ada03e,4fa33dcb-5f76-5f76-aea8-330df7ada03e
1987,1788925203,1367576,14,29,0,0,1987,0,1717038,2289114,6ede00d0-baf4-573f-a0dd-4a503bf7f766,6ede00d0-baf4-573f-a0dd-4a503bf7f766
1988,1788925232,1367576,14,29,0,0,1988,0,1717902,2290265,4fa33dcb-5f76-5f76-aea8-330df7ada03e,4fa33dcb-5f76-5f76-aea8-330df7ada03e
1989,1788925261,1367576,14,29,0,0,1989,0,1718766,2291417,6ede00d0-baf4-573f-a0dd-4a503bf7f766,6ede00d0-baf4-573f-a0dd-4a503bf7f766
1990,1788925290,1367576,14,29,0,0,1990,0,1719634,2292573,4fa33dcb-5f76-5f76-aea8-330df7ada03e,4fa33dcb-5f76-5f76-aea8-330df7ada03e
1991,1788925318,1367576,14,29,0,0,1991,0,1720498,2293726,6ede00d0-baf4-573f-a0dd-4a503bf7f766,6ede00d0-baf4-573f-a0dd-4a503bf7f766
1992,1788925347,1367576,14,29,0,0,1992,0,1721361,2294876,4fa33dcb-5f76-5f76-aea8-330df7ada03e,4fa33dcb-5f76-5f76-aea8-330df7ada03e
1993,1788925376,1367576,14,29,0,0,1993,0,1722226,2296029,6ede00d0-baf4-573f-a0dd-4a503bf7f766,6ede00d0-baf4-573f-a0dd-4a503bf7f766
1994,1788925405,1367576,14,29,0,0,1994,0,1723090,2297180,4fa33dcb-5f76-5f76-aea8-330df7ada03e,4fa33dcb-5f76-5f76-aea8-330df7ada03e
1995,1788925434,1367576,14,29,0,0,1995,0,1723956,2298337,6ede00d0-baf4-573f-a0dd-4a503bf7f766,6ede00d0-baf4-573f-a0dd-4a503bf7f766
1996,1788925462,1367580,14,29,0,0,1996,0,1724820,2299487,4fa33dcb-5f76-5f76-aea8-330df7ada03e,4fa33dcb-5f76-5f76-aea8-330df7ada03e
1997,1788925491,1367580,14,29,0,0,1997,0,1725684,2300640,6ede00d0-baf4-573f-a0dd-4a503bf7f766,6ede00d0-baf4-573f-a0dd-4a503bf7f766
1998,1788925520,1367580,14,29,0,0,1998,0,1726548,2301791,4fa33dcb-5f76-5f76-aea8-330df7ada03e,4fa33dcb-5f76-5f76-aea8-330df7ada03e
1999,1788925549,1367580,14,29,0,0,1999,0,1727412,2302944,6ede00d0-baf4-573f-a0dd-4a503bf7f766,6ede00d0-baf4-573f-a0dd-4a503bf7f766
2000,1788925578,1367580,14,29,0,0,2000,0,1728282,2304103,4fa33dcb-5f76-5f76-aea8-330df7ada03e,4fa33dcb-5f76-5f76-aea8-330df7ada03e
2001,1788925606,1367580,14,29,0,0,2001,0,1729147,2305256,6ede00d0-baf4-573f-a0dd-4a503bf7f766,6ede00d0-baf4-573f-a0dd-4a503bf7f766
2002,1788925635,1367580,14,29,0,0,2002,0,1730010,2306407,4fa33dcb-5f76-5f76-aea8-330df7ada03e,4fa33dcb-5f76-5f76-aea8-330df7ada03e
2003,1788925664,1367580,14,29,0,0,2003,0,1730875,2307560,6ede00d0-baf4-573f-a0dd-4a503bf7f766,6ede00d0-baf4-573f-a0dd-4a503bf7f766
2004,1788925693,1367580,14,29,0,0,2004,0,1731739,2308711,4fa33dcb-5f76-5f76-aea8-330df7ada03e,4fa33dcb-5f76-5f76-aea8-330df7ada03e
2005,1788925722,1367580,14,29,0,0,2005,0,1732605,2309867,6ede00d0-baf4-573f-a0dd-4a503bf7f766,6ede00d0-baf4-573f-a0dd-4a503bf7f766
2006,1788925750,1367580,14,29,0,0,2006,0,1733470,2311018,4fa33dcb-5f76-5f76-aea8-330df7ada03e,4fa33dcb-5f76-5f76-aea8-330df7ada03e
2007,1788925779,1367580,14,29,0,0,2007,0,1734334,2312172,6ede00d0-baf4-573f-a0dd-4a503bf7f766,6ede00d0-baf4-573f-a0dd-4a503bf7f766
2008,1788925808,1367580,14,29,0,0,2008,0,1735198,2313322,4fa33dcb-5f76-5f76-aea8-330df7ada03e,4fa33dcb-5f76-5f76-aea8-330df7ada03e
2009,1788925837,1367580,14,29,0,0,2009,0,1736062,2314475,6ede00d0-baf4-573f-a0dd-4a503bf7f766,6ede00d0-baf4-573f-a0dd-4a503bf7f766
2010,1788925866,1367580,14,29,0,0,2010,0,1736929,2315629,4fa33dcb-5f76-5f76-aea8-330df7ada03e,4fa33dcb-5f76-5f76-aea8-330df7ada03e
2011,1788925895,1367580,14,29,0,0,2011,0,1737793,2316783,6ede00d0-baf4-573f-a0dd-4a503bf7f766,6ede00d0-baf4-573f-a0dd-4a503bf7f766
2012,1788925923,1367580,14,29,0,0,2012,0,1738657,2317934,4fa33dcb-5f76-5f76-aea8-330df7ada03e,4fa33dcb-5f76-5f76-aea8-330df7ada03e
2013,1788925952,1367580,14,29,0,0,2013,0,1739521,2319087,6ede00d0-baf4-573f-a0dd-4a503bf7f766,6ede00d0-baf4-573f-a0dd-4a503bf7f766
2014,1788925981,1361960,14,29,0,0,2014,0,1740385,2320237,4fa33dcb-5f76-5f76-aea8-330df7ada03e,4fa33dcb-5f76-5f76-aea8-330df7ada03e
2015,1788926010,1367580,14,29,0,0,2015,0,1741252,2321394,6ede00d0-baf4-573f-a0dd-4a503bf7f766,6ede00d0-baf4-573f-a0dd-4a503bf7f766
2016,1788926039,1367580,14,29,0,0,2016,0,1742115,2322544,4fa33dcb-5f76-5f76-aea8-330df7ada03e,4fa33dcb-5f76-5f76-aea8-330df7ada03e
2017,1788926067,1361952,14,29,0,0,2017,0,1742979,2323697,6ede00d0-baf4-573f-a0dd-4a503bf7f766,6ede00d0-baf4-573f-a0dd-4a503bf7f766
2018,1788926096,1367580,14,29,0,0,2018,0,1743843,2324848,4fa33dcb-5f76-5f76-aea8-330df7ada03e,4fa33dcb-5f76-5f76-aea8-330df7ada03e
2019,1788926125,1367580,14,29,0,0,2019,0,1744708,2326001,6ede00d0-baf4-573f-a0dd-4a503bf7f766,6ede00d0-baf4-573f-a0dd-4a503bf7f766
2020,1788926154,1367580,14,29,0,0,2020,0,1745574,2327155,4fa33dcb-5f76-5f76-aea8-330df7ada03e,4fa33dcb-5f76-5f76-aea8-330df7ada03e
2021,1788926183,1367580,14,29,0,0,2021,0,1746438,2328308,6ede00d0-baf4-573f-a0dd-4a503bf7f766,6ede00d0-baf4-573f-a0dd-4a503bf7f766
2022,1788926211,1367580,14,29,0,0,2022,0,1747302,2329458,4fa33dcb-5f76-5f76-aea8-330df7ada03e,4fa33dcb-5f76-5f76-aea8-330df7ada03e
2023,1788926240,1367580,14,29,0,0,2023,0,1748166,2330611,6ede00d0-baf4-573f-a0dd-4a503bf7f766,6ede00d0-baf4-573f-a0dd-4a503bf7f766
2024,1788926269,1367580,14,29,0,0,2024,0,1749030,2331762,4fa33dcb-5f76-5f76-aea8-330df7ada03e,4fa33dcb-5f76-5f76-aea8-330df7ada03e
2025,1788926298,1367580,14,29,0,0,2025,0,1749896,2332918,6ede00d0-baf4-573f-a0dd-4a503bf7f766,6ede00d0-baf4-573f-a0dd-4a503bf7f766
2026,1788926327,1367580,14,29,0,0,2026,0,1750760,2334069,4fa33dcb-5f76-5f76-aea8-330df7ada03e,4fa33dcb-5f76-5f76-aea8-330df7ada03e
2027,1788926355,1367580,14,29,0,0,2027,0,1751624,2335222,6ede00d0-baf4-573f-a0dd-4a503bf7f766,6ede00d0-baf4-573f-a0dd-4a503bf7f766
2028,1788926384,1367580,14,29,0,0,2028,0,1752488,2336373,4fa33dcb-5f76-5f76-aea8-330df7ada03e,4fa33dcb-5f76-5f76-aea8-330df7ada03e
2029,1788926413,1367580,14,29,0,0,2029,0,1753352,2337526,6ede00d0-baf4-573f-a0dd-4a503bf7f766,6ede00d0-baf4-573f-a0dd-4a503bf7f766
2030,1788926442,1367580,14,29,0,0,2030,0,1754219,2338680,4fa33dcb-5f76-5f76-aea8-330df7ada03e,4fa33dcb-5f76-5f76-aea8-330df7ada03e
2031,1788926471,1367580,14,29,0,0,2031,0,1755084,2339834,6ede00d0-baf4-573f-a0dd-4a503bf7f766,6ede00d0-baf4-573f-a0dd-4a503bf7f766
2032,1788926499,1367580,14,29,0,0,2032,0,1755948,2340985,4fa33dcb-5f76-5f76-aea8-330df7ada03e,4fa33dcb-5f76-5f76-aea8-330df7ada03e
2033,1788926528,1367580,14,29,0,0,2033,0,1756811,2342137,6ede00d0-baf4-573f-a0dd-4a503bf7f766,6ede00d0-baf4-573f-a0dd-4a503bf7f766
2034,1788926557,1367580,14,29,0,0,2034,0,1757675,2343288,4fa33dcb-5f76-5f76-aea8-330df7ada03e,4fa33dcb-5f76-5f76-aea8-330df7ada03e
2035,1788926586,1367580,14,29,0,0,2035,0,1758542,2344444,6ede00d0-baf4-573f-a0dd-4a503bf7f766,6ede00d0-baf4-573f-a0dd-4a503bf7f766
2036,1788926615,1367580,14,29,0,0,2036,0,1759407,2345596,4fa33dcb-5f76-5f76-aea8-330df7ada03e,4fa33dcb-5f76-5f76-aea8-330df7ada03e
2037,1788926643,1367580,14,29,0,0,2037,0,1760271,2346749,6ede00d0-baf4-573f-a0dd-4a503bf7f766,6ede00d0-baf4-573f-a0dd-4a503bf7f766
2038,1788926672,1367580,14,29,0,0,2038,0,1761134,2347899,4fa33dcb-5f76-5f76-aea8-330df7ada03e,4fa33dcb-5f76-5f76-aea8-330df7ada03e
2039,1788926701,1367580,14,29,0,0,2039,0,1761999,2349052,6ede00d0-baf4-573f-a0dd-4a503bf7f766,6ede00d0-baf4-573f-a0dd-4a503bf7f766
2040,1788926730,1367580,14,29,0,0,2040,0,1762865,2350206,4fa33dcb-5f76-5f76-aea8-330df7ada03e,4fa33dcb-5f76-5f76-aea8-330df7ada03e
2041,1788926759,1367580,14,29,0,0,2041,0,1763729,2351359,6ede00d0-baf4-573f-a0dd-4a503bf7f766,6ede00d0-baf4-573f-a0dd-4a503bf7f766
2042,1788926787,1367580,14,29,0,0,2042,0,1764593,2352509,4fa33dcb-5f76-5f76-aea8-330df7ada03e,4fa33dcb-5f76-5f76-aea8-330df7ada03e
2043,1788926816,1367580,14,29,0,0,2043,0,1765457,2353663,6ede00d0-baf4-573f-a0dd-4a503bf7f766,6ede00d0-baf4-573f-a0dd-4a503bf7f766
2044,1788926845,1367580,14,29,0,0,2044,0,1766321,2354814,4fa33dcb-5f76-5f76-aea8-330df7ada03e,4fa33dcb-5f76-5f76-aea8-330df7ada03e
2045,1788926874,1367580,14,29,0,0,2045,0,1767188,2355971,6ede00d0-baf4-573f-a0dd-4a503bf7f766,6ede00d0-baf4-573f-a0dd-4a503bf7f766
2046,1788926903,1367580,14,29,0,0,2046,0,1768053,2357122,4fa33dcb-5f76-5f76-aea8-330df7ada03e,4fa33dcb-5f76-5f76-aea8-330df7ada03e
2047,1788926931,1367580,14,29,0,0,2047,0,1768917,2358275,6ede00d0-baf4-573f-a0dd-4a503bf7f766,6ede00d0-baf4-573f-a0dd-4a503bf7f766
2048,1788926960,1367812,14,29,0,0,2048,0,1769781,2359426,4fa33dcb-5f76-5f76-aea8-330df7ada03e,4fa33dcb-5f76-5f76-aea8-330df7ada03e
2049,1788926989,1367812,14,29,0,0,2049,0,1770645,2360579,6ede00d0-baf4-573f-a0dd-4a503bf7f766,6ede00d0-baf4-573f-a0dd-4a503bf7f766
2050,1788927018,1367812,14,29,0,0,2050,0,1771511,2361733,4fa33dcb-5f76-5f76-aea8-330df7ada03e,4fa33dcb-5f76-5f76-aea8-330df7ada03e
2051,1788927047,1367812,14,29,0,0,2051,0,1772375,2362885,6ede00d0-baf4-573f-a0dd-4a503bf7f766,6ede00d0-baf4-573f-a0dd-4a503bf7f766
2052,1788927075,1367812,14,29,0,0,2052,0,1773239,2364036,4fa33dcb-5f76-5f76-aea8-330df7ada03e,4fa33dcb-5f76-5f76-aea8-330df7ada03e
2053,1788927104,1367812,14,29,0,0,2053,0,1774102,2365189,6ede00d0-baf4-573f-a0dd-4a503bf7f766,6ede00d0-baf4-573f-a0dd-4a503bf7f766
2054,1788927133,1367812,14,29,0,0,2054,0,1774967,2366340,4fa33dcb-5f76-5f76-aea8-330df7ada03e,4fa33dcb-5f76-5f76-aea8-330df7ada03e
2055,1788927162,1367812,14,29,0,0,2055,0,1775833,2367496,6ede00d0-baf4-573f-a0dd-4a503bf7f766,6ede00d0-baf4-573f-a0dd-4a503bf7f766
2056,1788927191,1367812,14,29,0,0,2056,0,1776698,2368647,4fa33dcb-5f76-5f76-aea8-330df7ada03e,4fa33dcb-5f76-5f76-aea8-330df7ada03e
2057,1788927219,1367812,14,29,0,0,2057,0,1777561,2369800,6ede00d0-baf4-573f-a0dd-4a503bf7f766,6ede00d0-baf4-573f-a0dd-4a503bf7f766
2058,1788927248,1362192,14,29,0,0,2058,0,1778425,2370951,4fa33dcb-5f76-5f76-aea8-330df7ada03e,4fa33dcb-5f76-5f76-aea8-330df7ada03e
2059,1788927277,1367812,14,29,0,0,2059,0,1779290,2372104,6ede00d0-baf4-573f-a0dd-4a503bf7f766,6ede00d0-baf4-573f-a0dd-4a503bf7f766
2060,1788927306,1367812,14,29,0,0,2060,0,1780156,2373258,4fa33dcb-5f76-5f76-aea8-330df7ada03e,4fa33dcb-5f76-5f76-aea8-330df7ada03e
2061,1788927335,1367812,14,29,0,0,2061,0,1781020,2374411,6ede00d0-baf4-573f-a0dd-4a503bf7f766,6ede00d0-baf4-573f-a0dd-4a503bf7f766
2062,1788927363,1367812,14,29,0,0,2062,0,1781883,2375561,4fa33dcb-5f76-5f76-aea8-330df7ada03e,4fa33dcb-5f76-5f76-aea8-330df7ada03e
2063,1788927392,1367812,14,29,0,0,2063,0,1782747,2376714,6ede00d0-baf4-573f-a0dd-4a503bf7f766,6ede00d0-baf4-573f-a0dd-4a503bf7f766
2064,1788927421,1367812,14,29,0,0,2064,0,1783611,2377865,4fa33dcb-5f76-5f76-aea8-330df7ada03e,4fa33dcb-5f76-5f76-aea8-330df7ada03e
2065,1788927450,1367812,14,29,0,0,2065,0,1784478,2379021,6ede00d0-baf4-573f-a0dd-4a503bf7f766,6ede00d0-baf4-573f-a0dd-4a503bf7f766
2066,1788927479,1367812,14,29,0,0,2066,0,1785341,2380172,4fa33dcb-5f76-5f76-aea8-330df7ada03e,4fa33dcb-5f76-5f76-aea8-330df7ada03e
2067,1788927507,1367812,14,29,0,0,2067,0,1786205,2381324,6ede00d0-baf4-573f-a0dd-4a503bf7f766,6ede00d0-baf4-573f-a0dd-4a503bf7f766
2068,1788927536,1367812,14,29,0,0,2068,0,1787069,2382475,4fa33dcb-5f76-5f76-aea8-330df7ada03e,4fa33dcb-5f76-5f76-aea8-330df7ada03e
2069,1788927565,1362184,14,29,0,0,2069,0,1787933,2383628,6ede00d0-baf4-573f-a0dd-4a503bf7f766,6ede00d0-baf4-573f-a0dd-4a503bf7f766
2070,1788927594,1367812,14,29,0,0,2070,0,1788799,2384782,4fa33dcb-5f76-5f76-aea8-330df7ada03e,4fa33dcb-5f76-5f76-aea8-330df7ada03e
2071,1788927623,1367812,14,29,0,0,2071,0,1789663,2385935,6ede00d0-baf4-573f-a0dd-4a503bf7f766,6ede00d0-baf4-573f-a0dd-4a503bf7f766
2072,1788927651,1367812,14,29,0,0,2072,0,1790527,2387085,4fa33dcb-5f76-5f76-aea8-330df7ada03e,4fa33dcb-5f76-5f76-aea8-330df7ada03e
2073,1788927680,1367812,14,29,0,0,2073,0,1791392,2388239,6ede00d0-baf4-573f-a0dd-4a503bf7f766,6ede00d0-baf4-573f-a0dd-4a503bf7f766
2074,1788927709,1367812,14,29,0,0,2074,0,1792256,2389390,4fa33dcb-5f76-5f76-aea8-330df7ada03e,4fa33dcb-5f76-5f76-aea8-330df7ada03e
2075,1788927738,1367812,14,29,0,0,2075,0,1793124,2390548,6ede00d0-baf4-573f-a0dd-4a503bf7f766,6ede00d0-baf4-573f-a0dd-4a503bf7f766
2076,1788927767,1367812,14,29,0,0,2076,0,1793988,2391698,4fa33dcb-5f76-5f76-aea8-330df7ada03e,4fa33dcb-5f76-5f76-aea8-330df7ada03e
2077,1788927795,1367812,14,29,0,0,2077,0,1794851,2392851,6ede00d0-baf4-573f-a0dd-4a503bf7f766,6ede00d0-baf4-573f-a0dd-4a503bf7f766
2078,1788927824,1367812,14,29,0,0,2078,0,1795715,2394002,4fa33dcb-5f76-5f76-aea8-330df7ada03e,4fa33dcb-5f76-5f76-aea8-330df7ada03e
2079,1788927853,1367812,14,29,0,0,2079,0,1796580,2395156,6ede00d0-baf4-573f-a0dd-4a503bf7f766,6ede00d0-baf4-573f-a0dd-4a503bf7f766
2080,1788927882,1367812,14,29,0,0,2080,0,1797448,2396311,4fa33dcb-5f76-5f76-aea8-330df7ada03e,4fa33dcb-5f76-5f76-aea8-330df7ada03e
2081,1788927911,1367812,14,29,0,0,2081,0,1798312,2397464,6ede00d0-baf4-573f-a0dd-4a503bf7f766,6ede00d0-baf4-573f-a0dd-4a503bf7f766
2082,1788927939,1367812,14,29,0,0,2082,0,1799172,2398609,4fa33dcb-5f76-5f76-aea8-330df7ada03e,4fa33dcb-5f76-5f76-aea8-330df7ada03e
2083,1788927968,1367812,14,29,0,0,2083,0,1800040,2399768,6ede00d0-baf4-573f-a0dd-4a503bf7f766,6ede00d0-baf4-573f-a0dd-4a503bf7f766
2084,1788927997,1367812,14,29,0,0,2084,0,1800903,2400918,4fa33dcb-5f76-5f76-aea8-330df7ada03e,4fa33dcb-5f76-5f76-aea8-330df7ada03e
2085,1788928026,1367812,14,29,0,0,2085,0,1801770,2402075,6ede00d0-baf4-573f-a0dd-4a503bf7f766,6ede00d0-baf4-573f-a0dd-4a503bf7f766
2086,1788928055,1367812,14,29,0,0,2086,0,1802634,2403225,4fa33dcb-5f76-5f76-aea8-330df7ada03e,4fa33dcb-5f76-5f76-aea8-330df7ada03e
2087,1788928083,1367812,14,29,0,0,2087,0,1803498,2404378,6ede00d0-baf4-573f-a0dd-4a503bf7f766,6ede00d0-baf4-573f-a0dd-4a503bf7f766
2088,1788928112,1367812,14,29,0,0,2088,0,1804362,2405529,4fa33dcb-5f76-5f76-aea8-330df7ada03e,4fa33dcb-5f76-5f76-aea8-330df7ada03e
2089,1788928141,1367812,14,29,0,0,2089,0,1805226,2406682,6ede00d0-baf4-573f-a0dd-4a503bf7f766,6ede00d0-baf4-573f-a0dd-4a503bf7f766
2090,1788928170,1367812,14,29,0,0,2090,0,1806093,2407836,4fa33dcb-5f76-5f76-aea8-330df7ada03e,4fa33dcb-5f76-5f76-aea8-330df7ada03e
2091,1788928199,1367812,14,29,0,0,2091,0,1806957,2408989,6ede00d0-baf4-573f-a0dd-4a503bf7f766,6ede00d0-baf4-573f-a0dd-4a503bf7f766
2092,1788928227,1367812,14,29,0,0,2092,0,1807821,2410141,4fa33dcb-5f76-5f76-aea8-330df7ada03e,4fa33dcb-5f76-5f76-aea8-330df7ada03e
2093,1788928256,1367812,14,29,0,0,2093,0,1808685,2411294,6ede00d0-baf4-573f-a0dd-4a503bf7f766,6ede00d0-baf4-573f-a0dd-4a503bf7f766
2094,1788928285,1367812,14,29,0,0,2094,0,1809550,2412445,4fa33dcb-5f76-5f76-aea8-330df7ada03e,4fa33dcb-5f76-5f76-aea8-330df7ada03e
2095,1788928314,1367812,14,29,0,0,2095,0,1810417,2413602,6ede00d0-baf4-573f-a0dd-4a503bf7f766,6ede00d0-baf4-573f-a0dd-4a503bf7f766
2096,1788928343,1367812,14,29,0,0,2096,0,1811281,2414753,4fa33dcb-5f76-5f76-aea8-330df7ada03e,4fa33dcb-5f76-5f76-aea8-330df7ada03e
2097,1788928372,1367816,14,29,0,0,2097,0,1812145,2415906,6ede00d0-baf4-573f-a0dd-4a503bf7f766,6ede00d0-baf4-573f-a0dd-4a503bf7f766
2098,1788928400,1367820,14,29,0,0,2098,0,1813009,2417057,4fa33dcb-5f76-5f76-aea8-330df7ada03e,4fa33dcb-5f76-5f76-aea8-330df7ada03e
2099,1788928429,1367820,14,29,0,0,2099,0,1813873,2418210,6ede00d0-baf4-573f-a0dd-4a503bf7f766,6ede00d0-baf4-573f-a0dd-4a503bf7f766
2100,1788928458,1367820,14,29,0,0,2100,0,1814740,2419365,4fa33dcb-5f76-5f76-aea8-330df7ada03e,4fa33dcb-5f76-5f76-aea8-330df7ada03e
2101,1788928487,1367820,14,29,0,0,2101,0,1815605,2420518,6ede00d0-baf4-573f-a0dd-4a503bf7f766,6ede00d0-baf4-573f-a0dd-4a503bf7f766
2102,1788928516,1367820,14,29,0,0,2102,0,1816469,2421670,4fa33dcb-5f76-5f76-aea8-330df7ada03e,4fa33dcb-5f76-5f76-aea8-330df7ada03e
2103,1788928544,1367820,14,29,0,0,2103,0,1817334,2422823,6ede00d0-baf4-573f-a0dd-4a503bf7f766,6ede00d0-baf4-573f-a0dd-4a503bf7f766
2104,1788928573,1367820,14,29,0,0,2104,0,1818196,2423973,4fa33dcb-5f76-5f76-aea8-330df7ada03e,4fa33dcb-5f76-5f76-aea8-330df7ada03e
2105,1788928602,1367820,14,29,0,0,2105,0,1819063,2425130,6ede00d0-baf4-573f-a0dd-4a503bf7f766,6ede00d0-baf4-573f-a0dd-4a503bf7f766
2106,1788928631,1367820,14,29,0,0,2106,0,1819927,2426280,4fa33dcb-5f76-5f76-aea8-330df7ada03e,4fa33dcb-5f76-5f76-aea8-330df7ada03e
2107,1788928660,1367820,14,29,0,0,2107,0,1820790,2427433,6ede00d0-baf4-573f-a0dd-4a503bf7f766,6ede00d0-baf4-573f-a0dd-4a503bf7f766
2108,1788928688,1367820,14,29,0,0,2108,0,1821654,2428584,4fa33dcb-5f76-5f76-aea8-330df7ada03e,4fa33dcb-5f76-5f76-aea8-330df7ada03e
2109,1788928717,1362192,14,29,0,0,2109,0,1822518,2429736,6ede00d0-baf4-573f-a0dd-4a503bf7f766,6ede00d0-baf4-573f-a0dd-4a503bf7f766
2110,1788928746,1367820,14,29,0,0,2110,0,1823385,2430891,4fa33dcb-5f76-5f76-aea8-330df7ada03e,4fa33dcb-5f76-5f76-aea8-330df7ada03e
2111,1788928775,1367820,14,29,0,0,2111,0,1824250,2432044,6ede00d0-baf4-573f-a0dd-4a503bf7f766,6ede00d0-baf4-573f-a0dd-4a503bf7f766
2112,1788928804,1367820,14,29,0,0,2112,0,1825114,2433195,4fa33dcb-5f76-5f76-aea8-330df7ada03e,4fa33dcb-5f76-5f76-aea8-330df7ada03e
2113,1788928832,1367820,14,29,0,0,2113,0,1825978,2434348,6ede00d0-baf4-573f-a0dd-4a503bf7f766,6ede00d0-baf4-573f-a0dd-4a503bf7f766
2114,1788928861,1367820,14,29,0,0,2114,0,1826842,2435499,4fa33dcb-5f76-5f76-aea8-330df7ada03e,4fa33dcb-5f76-5f76-aea8-330df7ada03e
2115,1788928890,1367820,14,29,0,0,2115,0,1827708,2436655,6ede00d0-baf4-573f-a0dd-4a503bf7f766,6ede00d0-baf4-573f-a0dd-4a503bf7f766
2116,1788928919,1367820,14,29,0,0,2116,0,1828572,2437805,4fa33dcb-5f76-5f76-aea8-330df7ada03e,4fa33dcb-5f76-5f76-aea8-330df7ada03e
2117,1788928948,1367820,14,29,0,0,2117,0,1829436,2438958,6ede00d0-baf4-573f-a0dd-4a503bf7f766,6ede00d0-baf4-573f-a0dd-4a503bf7f766
2118,1788928976,1367820,14,29,0,0,2118,0,1830300,2440109,4fa33dcb-5f76-5f76-aea8-330df7ada03e,4fa33dcb-5f76-5f76-aea8-330df7ada03e
2119,1788929005,1367820,14,29,0,0,2119,0,1831164,2441262,6ede00d0-baf4-573f-a0dd-4a503bf7f766,6ede00d0-baf4-573f-a0dd-4a503bf7f766
2120,1788929034,1367820,14,29,0,0,2120,0,1832031,2442417,4fa33dcb-5f76-5f76-aea8-330df7ada03e,4fa33dcb-5f76-5f76-aea8-330df7ada03e
2121,1788929063,1367820,14,29,0,0,2121,0,1832895,2443570,6ede00d0-baf4-573f-a0dd-4a503bf7f766,6ede00d0-baf4-573f-a0dd-4a503bf7f766
2122,1788929092,1367820,14,29,0,0,2122,0,1833759,2444721,4fa33dcb-5f76-5f76-aea8-330df7ada03e,4fa33dcb-5f76-5f76-aea8-330df7ada03e
2123,1788929120,1367820,14,29,0,0,2123,0,1834623,2445873,6ede00d0-baf4-573f-a0dd-4a503bf7f766,6ede00d0-baf4-573f-a0dd-4a503bf7f766
2124,1788929149,1367820,14,29,0,0,2124,0,1835487,2447024,4fa33dcb-5f76-5f76-aea8-330df7ada03e,4fa33dcb-5f76-5f76-aea8-330df7ada03e
2125,1788929178,1367820,14,29,0,0,2125,0,1836353,2448180,6ede00d0-baf4-573f-a0dd-4a503bf7f766,6ede00d0-baf4-573f-a0dd-4a503bf7f766
2126,1788929207,1367820,14,29,0,0,2126,0,1837217,2449330,4fa33dcb-5f76-5f76-aea8-330df7ada03e,4fa33dcb-5f76-5f76-aea8-330df7ada03e
2127,1788929236,1367820,14,29,0,0,2127,0,1838081,2450483,6ede00d0-baf4-573f-a0dd-4a503bf7f766,6ede00d0-baf4-573f-a0dd-4a503bf7f766
2128,1788929264,1367820,14,29,0,0,2128,0,1838945,2451634,4fa33dcb-5f76-5f76-aea8-330df7ada03e,4fa33dcb-5f76-5f76-aea8-330df7ada03e
2129,1788929293,1367820,14,29,0,0,2129,0,1839808,2452786,6ede00d0-baf4-573f-a0dd-4a503bf7f766,6ede00d0-baf4-573f-a0dd-4a503bf7f766
2130,1788929322,1367820,14,29,0,0,2130,0,1840675,2453941,4fa33dcb-5f76-5f76-aea8-330df7ada03e,4fa33dcb-5f76-5f76-aea8-330df7ada03e
2131,1788929351,1367820,14,29,0,0,2131,0,1841539,2455093,6ede00d0-baf4-573f-a0dd-4a503bf7f766,6ede00d0-baf4-573f-a0dd-4a503bf7f766
2132,1788929380,1367820,14,29,0,0,2132,0,1842403,2456244,4fa33dcb-5f76-5f76-aea8-330df7ada03e,4fa33dcb-5f76-5f76-aea8-330df7ada03e
2133,1788929408,1367820,14,29,0,0,2133,0,1843266,2457396,6ede00d0-baf4-573f-a0dd-4a503bf7f766,6ede00d0-baf4-573f-a0dd-4a503bf7f766
2134,1788929437,1367820,14,29,0,0,2134,0,1844130,2458547,4fa33dcb-5f76-5f76-aea8-330df7ada03e,4fa33dcb-5f76-5f76-aea8-330df7ada03e
2135,1788929466,1367820,14,29,0,0,2135,0,1844997,2459704,6ede00d0-baf4-573f-a0dd-4a503bf7f766,6ede00d0-baf4-573f-a0dd-4a503bf7f766
2136,1788929495,1367820,14,29,0,0,2136,0,1845861,2460854,4fa33dcb-5f76-5f76-aea8-330df7ada03e,4fa33dcb-5f76-5f76-aea8-330df7ada03e
2137,1788929524,1367820,14,29,0,0,2137,0,1846724,2462006,6ede00d0-baf4-573f-a0dd-4a503bf7f766,6ede00d0-baf4-573f-a0dd-4a503bf7f766
2138,1788929552,1367820,14,29,0,0,2138,0,1847587,2463156,4fa33dcb-5f76-5f76-aea8-330df7ada03e,4fa33dcb-5f76-5f76-aea8-330df7ada03e
2139,1788929581,1367820,14,29,0,0,2139,0,1848452,2464309,6ede00d0-baf4-573f-a0dd-4a503bf7f766,6ede00d0-baf4-573f-a0dd-4a503bf7f766
2140,1788929610,1367820,14,29,0,0,2140,0,1849318,2465463,4fa33dcb-5f76-5f76-aea8-330df7ada03e,4fa33dcb-5f76-5f76-aea8-330df7ada03e
2141,1788929639,1362200,14,29,0,0,2141,0,1850182,2466616,6ede00d0-baf4-573f-a0dd-4a503bf7f766,6ede00d0-baf4-573f-a0dd-4a503bf7f766
2142,1788929668,1367820,14,29,0,0,2142,0,1851047,2467767,4fa33dcb-5f76-5f76-aea8-330df7ada03e,4fa33dcb-5f76-5f76-aea8-330df7ada03e
2143,1788929696,1367820,14,29,0,0,2143,0,1851911,2468921,6ede00d0-baf4-573f-a0dd-4a503bf7f766,6ede00d0-baf4-573f-a0dd-4a503bf7f766
2144,1788929725,1367820,14,29,0,0,2144,0,1852775,2470071,4fa33dcb-5f76-5f76-aea8-330df7ada03e,4fa33dcb-5f76-5f76-aea8-330df7ada03e
2145,1788929754,1367820,14,29,0,0,2145,0,1853641,2471227,6ede00d0-baf4-573f-a0dd-4a503bf7f766,6ede00d0-baf4-573f-a0dd-4a503bf7f766
2146,1788929783,1367820,14,29,0,0,2146,0,1854505,2472378,4fa33dcb-5f76-5f76-aea8-330df7ada03e,4fa33dcb-5f76-5f76-aea8-330df7ada03e
2147,1788929812,1367820,14,29,0,0,2147,0,1855369,2473531,6ede00d0-baf4-573f-a0dd-4a503bf7f766,6ede00d0-baf4-573f-a0dd-4a503bf7f766
2148,1788929840,1367820,14,29,0,0,2148,0,1856233,2474681,4fa33dcb-5f76-5f76-aea8-330df7ada03e,4fa33dcb-5f76-5f76-aea8-330df7ada03e
2149,1788929869,1367820,14,29,0,0,2149,0,1857097,2475834,6ede00d0-baf4-573f-a0dd-4a503bf7f766,6ede00d0-baf4-573f-a0dd-4a503bf7f766
2150,1788929898,1367820,14,29,0,0,2150,0,1857964,2476989,4fa33dcb-5f76-5f76-aea8-330df7ada03e,4fa33dcb-5f76-5f76-aea8-330df7ada03e
2151,1788929927,1367820,14,29,0,0,2151,0,1858828,2478142,6ede00d0-baf4-573f-a0dd-4a503bf7f766,6ede00d0-baf4-573f-a0dd-4a503bf7f766
2152,1788929956,1367820,14,29,0,0,2152,0,1859692,2479293,4fa33dcb-5f76-5f76-aea8-330df7ada03e,4fa33dcb-5f76-5f76-aea8-330df7ada03e
2153,1788929984,1367820,14,29,0,0,2153,0,1860556,2480445,6ede00d0-baf4-573f-a0dd-4a503bf7f766,6ede00d0-baf4-573f-a0dd-4a503bf7f766
2154,1788930013,1367820,14,29,0,0,2154,0,1861419,2481596,4fa33dcb-5f76-5f76-aea8-330df7ada03e,4fa33dcb-5f76-5f76-aea8-330df7ada03e
2155,1788930042,1367820,14,29,0,0,2155,0,1862286,2482752,6ede00d0-baf4-573f-a0dd-4a503bf7f766,6ede00d0-baf4-573f-a0dd-4a503bf7f766
2156,1788930071,1367820,14,29,0,0,2156,0,1863150,2483903,4fa33dcb-5f76-5f76-aea8-330df7ada03e,4fa33dcb-5f76-5f76-aea8-330df7ada03e
2157,1788930100,1367820,14,29,0,0,2157,0,1864014,2485055,6ede00d0-baf4-573f-a0dd-4a503bf7f766,6ede00d0-baf4-573f-a0dd-4a503bf7f766
2158,1788930128,1367820,14,29,0,0,2158,0,1864877,2486206,4fa33dcb-5f76-5f76-aea8-330df7ada03e,4fa33dcb-5f76-5f76-aea8-330df7ada03e
2159,1788930157,1367820,14,29,0,0,2159,0,1865741,2487359,6ede00d0-baf4-573f-a0dd-4a503bf7f766,6ede00d0-baf4-573f-a0dd-4a503bf7f766
2160,1788930186,1367820,14,29,0,0,2160,0,1866608,2488513,4fa33dcb-5f76-5f76-aea8-330df7ada03e,4fa33dcb-5f76-5f76-aea8-330df7ada03e
2161,1788930215,1367820,14,29,0,0,2161,0,1867472,2489666,6ede00d0-baf4-573f-a0dd-4a503bf7f766,6ede00d0-baf4-573f-a0dd-4a503bf7f766
2162,1788930244,1367820,14,29,0,0,2162,0,1868338,2490819,4fa33dcb-5f76-5f76-aea8-330df7ada03e,4fa33dcb-5f76-5f76-aea8-330df7ada03e
2163,1788930272,1367820,14,29,0,0,2163,0,1869201,2491971,6ede00d0-baf4-573f-a0dd-4a503bf7f766,6ede00d0-baf4-573f-a0dd-4a503bf7f766
2164,1788930301,1367820,14,29,0,0,2164,0,1870065,2493121,4fa33dcb-5f76-5f76-aea8-330df7ada03e,4fa33dcb-5f76-5f76-aea8-330df7ada03e
2165,1788930330,1367820,14,29,0,0,2165,0,1870932,2494278,6ede00d0-baf4-573f-a0dd-4a503bf7f766,6ede00d0-baf4-573f-a0dd-4a503bf7f766
2166,1788930359,1367820,14,29,0,0,2166,0,1871795,2495428,4fa33dcb-5f76-5f76-aea8-330df7ada03e,4fa33dcb-5f76-5f76-aea8-330df7ada03e
2167,1788930388,1367820,14,29,0,0,2167,0,1872659,2496581,6ede00d0-baf4-573f-a0dd-4a503bf7f766,6ede00d0-baf4-573f-a0dd-4a503bf7f766
2168,1788930416,1367820,14,29,0,0,2168,0,1873523,2497732,4fa33dcb-5f76-5f76-aea8-330df7ada03e,4fa33dcb-5f76-5f76-aea8-330df7ada03e
2169,1788930445,1367820,14,29,0,0,2169,0,1874387,2498884,6ede00d0-baf4-573f-a0dd-4a503bf7f766,6ede00d0-baf4-573f-a0dd-4a503bf7f766
2170,1788930474,1367824,14,29,0,0,2170,0,1875254,2500039,4fa33dcb-5f76-5f76-aea8-330df7ada03e,4fa33dcb-5f76-5f76-aea8-330df7ada03e
2171,1788930503,1367828,14,29,0,0,2171,0,1876117,2501191,6ede00d0-baf4-573f-a0dd-4a503bf7f766,6ede00d0-baf4-573f-a0dd-4a503bf7f766
2172,1788930531,1367828,14,29,0,0,2172,0,1876981,2502341,4fa33dcb-5f76-5f76-aea8-330df7ada03e,4fa33dcb-5f76-5f76-aea8-330df7ada03e
2173,1788930560,1362200,14,29,0,0,2173,0,1877845,2503495,6ede00d0-baf4-573f-a0dd-4a503bf7f766,6ede00d0-baf4-573f-a0dd-4a503bf7f766
2174,1788930589,1367828,14,29,0,0,2174,0,1878709,2504645,4fa33dcb-5f76-5f76-aea8-330df7ada03e,4fa33dcb-5f76-5f76-aea8-330df7ada03e
2175,1788930618,1367828,14,29,0,0,2175,0,1879576,2505802,6ede00d0-baf4-573f-a0dd-4a503bf7f766,6ede00d0-baf4-573f-a0dd-4a503bf7f766
2176,1788930647,1367828,14,29,0,0,2176,0,1880440,2506952,4fa33dcb-5f76-5f76-aea8-330df7ada03e,4fa33dcb-5f76-5f76-aea8-330df7ada03e
2177,1788930676,1367828,14,29,0,0,2177,0,1881304,2508105,6ede00d0-baf4-573f-a0dd-4a503bf7f766,6ede00d0-baf4-573f-a0dd-4a503bf7f766
2178,1788930704,1367828,14,29,0,0,2178,0,1882168,2509256,4fa33dcb-5f76-5f76-aea8-330df7ada03e,4fa33dcb-5f76-5f76-aea8-330df7ada03e
2179,1788930733,1367828,14,29,0,0,2179,0,1883032,2510409,6ede00d0-baf4-573f-a0dd-4a503bf7f766,6ede00d0-baf4-573f-a0dd-4a503bf7f766
2180,1788930762,1367828,14,29,0,0,2180,0,1883898,2511563,4fa33dcb-5f76-5f76-aea8-330df7ada03e,4fa33dcb-5f76-5f76-aea8-330df7ada03e
2181,1788930791,1367828,14,29,0,0,2181,0,1884762,2512716,6ede00d0-baf4-573f-a0dd-4a503bf7f766,6ede00d0-baf4-573f-a0dd-4a503bf7f766
2182,1788930819,1367828,14,29,0,0,2182,0,1885626,2513866,4fa33dcb-5f76-5f76-aea8-330df7ada03e,4fa33dcb-5f76-5f76-aea8-330df7ada03e
2183,1788930848,1367828,14,29,0,0,2183,0,1886490,2515020,6ede00d0-baf4-573f-a0dd-4a503bf7f766,6ede00d0-baf4-573f-a0dd-4a503bf7f766
2184,1788930877,1367828,14,29,0,0,2184,0,1887354,2516170,4fa33dcb-5f76-5f76-aea8-330df7ada03e,4fa33dcb-5f76-5f76-aea8-330df7ada03e
2185,1788930906,1367828,14,29,0,0,2185,0,1888221,2517327,6ede00d0-baf4-573f-a0dd-4a503bf7f766,6ede00d0-baf4-573f-a0dd-4a503bf7f766
2186,1788930935,1367828,14,29,0,0,2186,0,1889085,2518477,4fa33dcb-5f76-5f76-aea8-330df7ada03e,4fa33dcb-5f76-5f76-aea8-330df7ada03e
2187,1788930964,1367828,14,29,0,0,2187,0,1889949,2519631,6ede00d0-baf4-573f-a0dd-4a503bf7f766,6ede00d0-baf4-573f-a0dd-4a503bf7f766
2188,1788930992,1367828,14,29,0,0,2188,0,1890813,2520782,4fa33dcb-5f76-5f76-aea8-330df7ada03e,4fa33dcb-5f76-5f76-aea8-330df7ada03e
2189,1788931021,1367828,14,29,0,0,2189,0,1891677,2521935,6ede00d0-baf4-573f-a0dd-4a503bf7f766,6ede00d0-baf4-573f-a0dd-4a503bf7f766
2190,1788931050,1367828,14,29,0,0,2190,0,1892544,2523089,4fa33dcb-5f76-5f76-aea8-330df7ada03e,4fa33dcb-5f76-5f76-aea8-330df7ada03e
2191,1788931079,1367828,14,29,0,0,2191,0,1893408,2524242,6ede00d0-baf4-573f-a0dd-4a503bf7f766,6ede00d0-baf4-573f-a0dd-4a503bf7f766
2192,1788931108,1367828,14,29,0,0,2192,0,1894271,2525392,4fa33dcb-5f76-5f76-aea8-330df7ada03e,4fa33dcb-5f76-5f76-aea8-330df7ada03e
2193,1788931136,1362200,14,29,0,0,2193,0,1895135,2526545,6ede00d0-baf4-573f-a0dd-4a503bf7f766,6ede00d0-baf4-573f-a0dd-4a503bf7f766
2194,1788931165,1367828,14,29,0,0,2194,0,1895999,2527695,4fa33dcb-5f76-5f76-aea8-330df7ada03e,4fa33dcb-5f76-5f76-aea8-330df7ada03e
2195,1788931194,1367828,14,29,0,0,2195,0,1896866,2528852,6ede00d0-baf4-573f-a0dd-4a503bf7f766,6ede00d0-baf4-573f-a0dd-4a503bf7f766
2196,1788931223,1367828,14,29,0,0,2196,0,1897729,2530002,4fa33dcb-5f76-5f76-aea8-330df7ada03e,4fa33dcb-5f76-5f76-aea8-330df7ada03e
2197,1788931252,1367828,14,29,0,0,2197,0,1898593,2531155,6ede00d0-baf4-573f-a0dd-4a503bf7f766,6ede00d0-baf4-573f-a0dd-4a503bf7f766
2198,1788931280,1367828,14,29,0,0,2198,0,1899457,2532305,4fa33dcb-5f76-5f76-aea8-330df7ada03e,4fa33dcb-5f76-5f76-aea8-330df7ada03e
2199,1788931309,1367828,14,29,0,0,2199,0,1900321,2533459,6ede00d0-baf4-573f-a0dd-4a503bf7f766,6ede00d0-baf4-573f-a0dd-4a503bf7f766
2200,1788931338,1367828,14,29,0,0,2200,0,1901188,2534614,4fa33dcb-5f76-5f76-aea8-330df7ada03e,4fa33dcb-5f76-5f76-aea8-330df7ada03e
2201,1788931367,1367828,14,29,0,0,2201,0,1902052,2535766,6ede00d0-baf4-573f-a0dd-4a503bf7f766,6ede00d0-baf4-573f-a0dd-4a503bf7f766
2202,1788931395,1367828,14,29,0,0,2202,0,1902916,2536917,4fa33dcb-5f76-5f76-aea8-330df7ada03e,4fa33dcb-5f76-5f76-aea8-330df7ada03e
2203,1788931424,1367828,14,29,0,0,2203,0,1903780,2538070,6ede00d0-baf4-573f-a0dd-4a503bf7f766,6ede00d0-baf4-573f-a0dd-4a503bf7f766
2204,1788931453,1367828,14,29,0,0,2204,0,1904644,2539220,4fa33dcb-5f76-5f76-aea8-330df7ada03e,4fa33dcb-5f76-5f76-aea8-330df7ada03e
2205,1788931482,1367828,14,29,0,0,2205,0,1905511,2540377,6ede00d0-baf4-573f-a0dd-4a503bf7f766,6ede00d0-baf4-573f-a0dd-4a503bf7f766
2206,1788931511,1367828,14,29,0,0,2206,0,1906375,2541527,4fa33dcb-5f76-5f76-aea8-330df7ada03e,4fa33dcb-5f76-5f76-aea8-330df7ada03e
2207,1788931540,1367828,14,29,0,0,2207,0,1907239,2542681,6ede00d0-baf4-573f-a0dd-4a503bf7f766,6ede00d0-baf4-573f-a0dd-4a503bf7f766
2208,1788931568,1367828,14,29,0,0,2208,0,1908102,2543831,4fa33dcb-5f76-5f76-aea8-330df7ada03e,4fa33dcb-5f76-5f76-aea8-330df7ada03e
2209,1788931597,1367828,14,29,0,0,2209,0,1908966,2544984,6ede00d0-baf4-573f-a0dd-4a503bf7f766,6ede00d0-baf4-573f-a0dd-4a503bf7f766
2210,1788931626,1367828,14,29,0,0,2210,0,1909832,2546139,4fa33dcb-5f76-5f76-aea8-330df7ada03e,4fa33dcb-5f76-5f76-aea8-330df7ada03e
2211,1788931655,1367828,14,29,0,0,2211,0,1910696,2547292,6ede00d0-baf4-573f-a0dd-4a503bf7f766,6ede00d0-baf4-573f-a0dd-4a503bf7f766
2212,1788931683,1367828,14,29,0,0,2212,0,1911559,2548442,4fa33dcb-5f76-5f76-aea8-330df7ada03e,4fa33dcb-5f76-5f76-aea8-330df7ada03e
2213,1788931712,1367828,14,29,0,0,2213,0,1912423,2549595,6ede00d0-baf4-573f-a0dd-4a503bf7f766,6ede00d0-baf4-573f-a0dd-4a503bf7f766
2214,1788931741,1367828,14,29,0,0,2214,0,1913287,2550746,4fa33dcb-5f76-5f76-aea8-330df7ada03e,4fa33dcb-5f76-5f76-aea8-330df7ada03e
2215,1788931770,1367828,14,29,0,0,2215,0,1914154,2551901,6ede00d0-baf4-573f-a0dd-4a503bf7f766,6ede00d0-baf4-573f-a0dd-4a503bf7f766
2216,1788931799,1367828,14,29,0,0,2216,0,1915018,2553051,4fa33dcb-5f76-5f76-aea8-330df7ada03e,4fa33dcb-5f76-5f76-aea8-330df7ada03e
2217,1788931828,1367828,14,29,0,0,2217,0,1915881,2554204,6ede00d0-baf4-573f-a0dd-4a503bf7f766,6ede00d0-baf4-573f-a0dd-4a503bf7f766
2218,1788931856,1367828,14,29,0,0,2218,0,1916745,2555355,4fa33dcb-5f76-5f76-aea8-330df7ada03e,4fa33dcb-5f76-5f76-aea8-330df7ada03e
2219,1788931885,1367868,14,29,0,0,2219,0,1917609,2556508,6ede00d0-baf4-573f-a0dd-4a503bf7f766,6ede00d0-baf4-573f-a0dd-4a503bf7f766
2220,1788931914,1373452,14,29,0,0,2220,0,1918476,2557662,4fa33dcb-5f76-5f76-aea8-330df7ada03e,4fa33dcb-5f76-5f76-aea8-330df7ada03e
2221,1788931943,1373452,14,29,0,0,2221,0,1919340,2558815,6ede00d0-baf4-573f-a0dd-4a503bf7f766,6ede00d0-baf4-573f-a0dd-4a503bf7f766
2222,1788931972,1373452,14,29,0,0,2222,0,1920205,2559966,4fa33dcb-5f76-5f76-aea8-330df7ada03e,4fa33dcb-5f76-5f76-aea8-330df7ada03e
2223,1788932000,1373452,14,29,0,0,2223,0,1921068,2561119,6ede00d0-baf4-573f-a0dd-4a503bf7f766,6ede00d0-baf4-573f-a0dd-4a503bf7f766
2224,1788932029,1373452,14,29,0,0,2224,0,1921932,2562270,4fa33dcb-5f76-5f76-aea8-330df7ada03e,4fa33dcb-5f76-5f76-aea8-330df7ada03e
2225,1788932058,1373452,14,29,0,0,2225,0,1922802,2563431,6ede00d0-baf4-573f-a0dd-4a503bf7f766,6ede00d0-baf4-573f-a0dd-4a503bf7f766
2226,1788932087,1373452,14,29,0,0,2226,0,1923666,2564581,4fa33dcb-5f76-5f76-aea8-330df7ada03e,4fa33dcb-5f76-5f76-aea8-330df7ada03e
2227,1788932116,1373452,14,29,0,0,2227,0,1924530,2565734,6ede00d0-baf4-573f-a0dd-4a503bf7f766,6ede00d0-baf4-573f-a0dd-4a503bf7f766
2228,1788932144,1373452,14,29,0,0,2228,0,1925394,2566884,4fa33dcb-5f76-5f76-aea8-330df7ada03e,4fa33dcb-5f76-5f76-aea8-330df7ada03e
2229,1788932173,1373452,14,29,0,0,2229,0,1926258,2568037,6ede00d0-baf4-573f-a0dd-4a503bf7f766,6ede00d0-baf4-573f-a0dd-4a503bf7f766
2230,1788932202,1373452,14,29,0,0,2230,0,1927126,2569193,4fa33dcb-5f76-5f76-aea8-330df7ada03e,4fa33dcb-5f76-5f76-aea8-330df7ada03e
2231,1788932231,1373452,14,29,0,0,2231,0,1927989,2570346,6ede00d0-baf4-573f-a0dd-4a503bf7f766,6ede00d0-baf4-573f-a0dd-4a503bf7f766
2232,1788932260,1373452,14,29,0,0,2232,0,1928853,2571496,4fa33dcb-5f76-5f76-aea8-330df7ada03e,4fa33dcb-5f76-5f76-aea8-330df7ada03e
2233,1788932288,1373452,14,29,0,0,2233,0,1929717,2572649,6ede00d0-baf4-573f-a0dd-4a503bf7f766,6ede00d0-baf4-573f-a0dd-4a503bf7f766
2234,1788932317,1379076,14,29,0,0,2234,0,1930580,2573799,4fa33dcb-5f76-5f76-aea8-330df7ada03e,4fa33dcb-5f76-5f76-aea8-330df7ada03e
2235,1788932346,1379076,14,29,0,0,2235,0,1931447,2574956,6ede00d0-baf4-573f-a0dd-4a503bf7f766,6ede00d0-baf4-573f-a0dd-4a503bf7f766
2236,1788932375,1379076,14,29,0,0,2236,0,1932311,2576106,4fa33dcb-5f76-5f76-aea8-330df7ada03e,4fa33dcb-5f76-5f76-aea8-330df7ada03e
2237,1788932404,1379076,14,29,0,0,2237,0,1933175,2577260,6ede00d0-baf4-573f-a0dd-4a503bf7f766,6ede00d0-baf4-573f-a0dd-4a503bf7f766
2238,1788932432,1379076,14,29,0,0,2238,0,1934040,2578411,4fa33dcb-5f76-5f76-aea8-330df7ada03e,4fa33dcb-5f76-5f76-aea8-330df7ada03e
2239,1788932461,1379076,14,29,0,0,2239,0,1934904,2579564,6ede00d0-baf4-573f-a0dd-4a503bf7f766,6ede00d0-baf4-573f-a0dd-4a503bf7f766
2240,1788932490,1379076,14,29,0,0,2240,0,1935768,2580717,4fa33dcb-5f76-5f76-aea8-330df7ada03e,4fa33dcb-5f76-5f76-aea8-330df7ada03e
2241,1788932519,1379076,14,29,0,0,2241,0,1936632,2581869,6ede00d0-baf4-573f-a0dd-4a503bf7f766,6ede00d0-baf4-573f-a0dd-4a503bf7f766
2242,1788932548,1379076,14,29,0,0,2242,0,1937496,2583020,4fa33dcb-5f76-5f76-aea8-330df7ada03e,4fa33dcb-5f76-5f76-aea8-330df7ada03e
2243,1788932576,1379076,14,29,0,0,2243,0,1938359,2584172,6ede00d0-baf4-573f-a0dd-4a503bf7f766,6ede00d0-baf4-573f-a0dd-4a503bf7f766
2244,1788932605,1379084,14,29,0,0,2244,0,1939223,2585323,4fa33dcb-5f76-5f76-aea8-330df7ada03e,4fa33dcb-5f76-5f76-aea8-330df7ada03e
2245,1788932634,1379084,14,29,0,0,2245,0,1940091,2586481,6ede00d0-baf4-573f-a0dd-4a503bf7f766,6ede00d0-baf4-573f-a0dd-4a503bf7f766
2246,1788932663,1379084,14,29,0,0,2246,0,1940954,2587631,4fa33dcb-5f76-5f76-aea8-330df7ada03e,4fa33dcb-5f76-5f76-aea8-330df7ada03e
2247,1788932692,1379084,14,29,0,0,2247,0,1941818,2588784,6ede00d0-baf4-573f-a0dd-4a503bf7f766,6ede00d0-baf4-573f-a0dd-4a503bf7f766
2248,1788932720,1379084,14,29,0,0,2248,0,1942683,2589936,4fa33dcb-5f76-5f76-aea8-330df7ada03e,4fa33dcb-5f76-5f76-aea8-330df7ada03e
2249,1788932749,1379084,14,29,0,0,2249,0,1943546,2591089,6ede00d0-baf4-573f-a0dd-4a503bf7f766,6ede00d0-baf4-573f-a0dd-4a503bf7f766
2250,1788932778,1379084,14,29,0,0,2250,0,1944413,2592243,4fa33dcb-5f76-5f76-aea8-330df7ada03e,4fa33dcb-5f76-5f76-aea8-330df7ada03e
2251,1788932807,1379084,14,29,0,0,2251,0,1945277,2593396,6ede00d0-baf4-573f-a0dd-4a503bf7f766,6ede00d0-baf4-573f-a0dd-4a503bf7f766
2252,1788932836,1379084,14,29,0,0,2252,0,1946141,2594546,4fa33dcb-5f76-5f76-aea8-330df7ada03e,4fa33dcb-5f76-5f76-aea8-330df7ada03e
2253,1788932864,1379084,14,29,0,0,2253,0,1947005,2595699,6ede00d0-baf4-573f-a0dd-4a503bf7f766,6ede00d0-baf4-573f-a0dd-4a503bf7f766
2254,1788932893,1379084,14,29,0,0,2254,0,1947868,2596850,4fa33dcb-5f76-5f76-aea8-330df7ada03e,4fa33dcb-5f76-5f76-aea8-330df7ada03e
2255,1788932922,1379084,14,29,0,0,2255,0,1948735,2598006,6ede00d0-baf4-573f-a0dd-4a503bf7f766,6ede00d0-baf4-573f-a0dd-4a503bf7f766
2256,1788932951,1379084,14,29,0,0,2256,0,1949599,2599157,4fa33dcb-5f76-5f76-aea8-330df7ada03e,4fa33dcb-5f76-5f76-aea8-330df7ada03e
2257,1788932980,1379084,14,29,0,0,2257,0,1950463,2600309,6ede00d0-baf4-573f-a0dd-4a503bf7f766,6ede00d0-baf4-573f-a0dd-4a503bf7f766
2258,1788933008,1379084,14,29,0,0,2258,0,1951327,2601460,4fa33dcb-5f76-5f76-aea8-330df7ada03e,4fa33dcb-5f76-5f76-aea8-330df7ada03e
2259,1788933037,1379084,14,29,0,0,2259,0,1952191,2602614,6ede00d0-baf4-573f-a0dd-4a503bf7f766,6ede00d0-baf4-573f-a0dd-4a503bf7f766
2260,1788933066,1379084,14,29,0,0,2260,0,1953058,2603768,4fa33dcb-5f76-5f76-aea8-330df7ada03e,4fa33dcb-5f76-5f76-aea8-330df7ada03e
2261,1788933095,1379084,14,29,0,0,2261,0,1953923,2604922,6ede00d0-baf4-573f-a0dd-4a503bf7f766,6ede00d0-baf4-573f-a0dd-4a503bf7f766
2262,1788933124,1379084,14,29,0,0,2262,0,1954786,2606072,4fa33dcb-5f76-5f76-aea8-330df7ada03e,4fa33dcb-5f76-5f76-aea8-330df7ada03e
2263,1788933153,1379084,14,29,0,0,2263,0,1955650,2607225,6ede00d0-baf4-573f-a0dd-4a503bf7f766,6ede00d0-baf4-573f-a0dd-4a503bf7f766
2264,1788933181,1379084,14,29,0,0,2264,0,1956514,2608375,4fa33dcb-5f76-5f76-aea8-330df7ada03e,4fa33dcb-5f76-5f76-aea8-330df7ada03e
2265,1788933210,1379084,14,29,0,0,2265,0,1957380,2609531,6ede00d0-baf4-573f-a0dd-4a503bf7f766,6ede00d0-baf4-573f-a0dd-4a503bf7f766
2266,1788933239,1379084,14,29,0,0,2266,0,1958244,2610682,4fa33dcb-5f76-5f76-aea8-330df7ada03e,4fa33dcb-5f76-5f76-aea8-330df7ada03e
2267,1788933268,1379084,14,29,0,0,2267,0,1959108,2611834,6ede00d0-baf4-573f-a0dd-4a503bf7f766,6ede00d0-baf4-573f-a0dd-4a503bf7f766
2268,1788933296,1379084,14,29,0,0,2268,0,1959972,2612985,4fa33dcb-5f76-5f76-aea8-330df7ada03e,4fa33dcb-5f76-5f76-aea8-330df7ada03e
2269,1788933325,1379084,14,29,0,0,2269,0,1960836,2614138,6ede00d0-baf4-573f-a0dd-4a503bf7f766,6ede00d0-baf4-573f-a0dd-4a503bf7f766
2270,1788933354,1379084,14,29,0,0,2270,0,1961702,2615292,4fa33dcb-5f76-5f76-aea8-330df7ada03e,4fa33dcb-5f76-5f76-aea8-330df7ada03e
2271,1788933383,1379084,14,29,0,0,2271,0,1962567,2616446,6ede00d0-baf4-573f-a0dd-4a503bf7f766,6ede00d0-baf4-573f-a0dd-4a503bf7f766
2272,1788933412,1379084,14,29,0,0,2272,0,1963430,2617596,4fa33dcb-5f76-5f76-aea8-330df7ada03e,4fa33dcb-5f76-5f76-aea8-330df7ada03e
2273,1788933440,1379084,14,29,0,0,2273,0,1964294,2618748,6ede00d0-baf4-573f-a0dd-4a503bf7f766,6ede00d0-baf4-573f-a0dd-4a503bf7f766
2274,1788933469,1379084,14,29,0,0,2274,0,1965157,2619898,4fa33dcb-5f76-5f76-aea8-330df7ada03e,4fa33dcb-5f76-5f76-aea8-330df7ada03e
2275,1788933498,1379084,14,29,0,0,2275,0,1966024,2621055,6ede00d0-baf4-573f-a0dd-4a503bf7f766,6ede00d0-baf4-573f-a0dd-4a503bf7f766
2276,1788933527,1379084,14,29,0,0,2276,0,1966889,2622206,4fa33dcb-5f76-5f76-aea8-330df7ada03e,4fa33dcb-5f76-5f76-aea8-330df7ada03e
2277,1788933556,1379084,14,29,0,0,2277,0,1967752,2623359,6ede00d0-baf4-573f-a0dd-4a503bf7f766,6ede00d0-baf4-573f-a0dd-4a503bf7f766
2278,1788933584,1379084,14,29,0,0,2278,0,1968618,2624511,4fa33dcb-5f76-5f76-aea8-330df7ada03e,4fa33dcb-5f76-5f76-aea8-330df7ada03e
2279,1788933613,1379084,14,29,0,0,2279,0,1969481,2625664,6ede00d0-baf4-573f-a0dd-4a503bf7f766,6ede00d0-baf4-573f-a0dd-4a503bf7f766
2280,1788933642,1379084,14,29,0,0,2280,0,1970348,2626818,4fa33dcb-5f76-5f76-aea8-330df7ada03e,4fa33dcb-5f76-5f76-aea8-330df7ada03e
2281,1788933671,1379084,14,29,0,0,2281,0,1971213,2627973,6ede00d0-baf4-573f-a0dd-4a503bf7f766,6ede00d0-baf4-573f-a0dd-4a503bf7f766
2282,1788933700,1379084,14,29,0,0,2282,0,1972077,2629123,4fa33dcb-5f76-5f76-aea8-330df7ada03e,4fa33dcb-5f76-5f76-aea8-330df7ada03e
2283,1788933729,1379084,14,29,0,0,2283,0,1972941,2630276,6ede00d0-baf4-573f-a0dd-4a503bf7f766,6ede00d0-baf4-573f-a0dd-4a503bf7f766
2284,1788933757,1379084,14,29,0,0,2284,0,1973805,2631427,4fa33dcb-5f76-5f76-aea8-330df7ada03e,4fa33dcb-5f76-5f76-aea8-330df7ada03e
2285,1788933786,1379084,14,29,0,0,2285,0,1974672,2632583,6ede00d0-baf4-573f-a0dd-4a503bf7f766,6ede00d0-baf4-573f-a0dd-4a503bf7f766
2286,1788933815,1379084,14,29,0,0,2286,0,1975535,2633733,4fa33dcb-5f76-5f76-aea8-330df7ada03e,4fa33dcb-5f76-5f76-aea8-330df7ada03e
2287,1788933844,1379084,14,29,0,0,2287,0,1976399,2634886,6ede00d0-baf4-573f-a0dd-4a503bf7f766,6ede00d0-baf4-573f-a0dd-4a503bf7f766
2288,1788933872,1379084,14,29,0,0,2288,0,1977263,2636036,4fa33dcb-5f76-5f76-aea8-330df7ada03e,4fa33dcb-5f76-5f76-aea8-330df7ada03e
2289,1788933901,1379084,14,29,0,0,2289,0,1978127,2637190,6ede00d0-baf4-573f-a0dd-4a503bf7f766,6ede00d0-baf4-573f-a0dd-4a503bf7f766
2290,1788933930,1379084,14,29,0,0,2290,0,1978994,2638344,4fa33dcb-5f76-5f76-aea8-330df7ada03e,4fa33dcb-5f76-5f76-aea8-330df7ada03e
2291,1788933959,1379084,14,29,0,0,2291,0,1979858,2639497,6ede00d0-baf4-573f-a0dd-4a503bf7f766,6ede00d0-baf4-573f-a0dd-4a503bf7f766
2292,1788933988,1379084,14,29,0,0,2292,0,1980721,2640647,4fa33dcb-5f76-5f76-aea8-330df7ada03e,4fa33dcb-5f76-5f76-aea8-330df7ada03e
2293,1788934016,1379084,14,29,0,0,2293,0,1981585,2641800,6ede00d0-baf4-573f-a0dd-4a503bf7f766,6ede00d0-baf4-573f-a0dd-4a503bf7f766
2294,1788934045,1379084,14,29,0,0,2294,0,1982449,2642950,4fa33dcb-5f76-5f76-aea8-330df7ada03e,4fa33dcb-5f76-5f76-aea8-330df7ada03e
2295,1788934074,1379084,14,29,0,0,2295,0,1983316,2644107,6ede00d0-baf4-573f-a0dd-4a503bf7f766,6ede00d0-baf4-573f-a0dd-4a503bf7f766
2296,1788934103,1379084,14,29,0,0,2296,0,1984180,2645257,4fa33dcb-5f76-5f76-aea8-330df7ada03e,4fa33dcb-5f76-5f76-aea8-330df7ada03e
2297,1788934132,1379084,14,29,0,0,2297,0,1985043,2646409,6ede00d0-baf4-573f-a0dd-4a503bf7f766,6ede00d0-baf4-573f-a0dd-4a503bf7f766
2298,1788934160,1379084,14,29,0,0,2298,0,1985906,2647560,4fa33dcb-5f76-5f76-aea8-330df7ada03e,4fa33dcb-5f76-5f76-aea8-330df7ada03e
2299,1788934189,1379084,14,29,0,0,2299,0,1986770,2648712,6ede00d0-baf4-573f-a0dd-4a503bf7f766,6ede00d0-baf4-573f-a0dd-4a503bf7f766
2300,1788934218,1379084,14,29,0,0,2300,0,1987636,2649866,4fa33dcb-5f76-5f76-aea8-330df7ada03e,4fa33dcb-5f76-5f76-aea8-330df7ada03e
2301,1788934247,1379084,14,29,0,0,2301,0,1988501,2651019,6ede00d0-baf4-573f-a0dd-4a503bf7f766,6ede00d0-baf4-573f-a0dd-4a503bf7f766
2302,1788934276,1379084,14,29,0,0,2302,0,1989364,2652170,4fa33dcb-5f76-5f76-aea8-330df7ada03e,4fa33dcb-5f76-5f76-aea8-330df7ada03e
2303,1788934304,1379084,14,29,0,0,2303,0,1990228,2653323,6ede00d0-baf4-573f-a0dd-4a503bf7f766,6ede00d0-baf4-573f-a0dd-4a503bf7f766
2304,1788934333,1379084,14,29,0,0,2304,0,1991091,2654473,4fa33dcb-5f76-5f76-aea8-330df7ada03e,4fa33dcb-5f76-5f76-aea8-330df7ada03e
2305,1788934362,1379084,14,29,0,0,2305,0,1991957,2655628,6ede00d0-baf4-573f-a0dd-4a503bf7f766,6ede00d0-baf4-573f-a0dd-4a503bf7f766
2306,1788934391,1379084,14,29,0,0,2306,0,1992821,2656779,4fa33dcb-5f76-5f76-aea8-330df7ada03e,4fa33dcb-5f76-5f76-aea8-330df7ada03e
2307,1788934420,1379084,14,29,0,0,2307,0,1993685,2657932,6ede00d0-baf4-573f-a0dd-4a503bf7f766,6ede00d0-baf4-573f-a0dd-4a503bf7f766
2308,1788934448,1379084,14,29,0,0,2308,0,1994550,2659084,4fa33dcb-5f76-5f76-aea8-330df7ada03e,4fa33dcb-5f76-5f76-aea8-330df7ada03e
2309,1788934477,1379084,14,29,0,0,2309,0,1995414,2660237,6ede00d0-baf4-573f-a0dd-4a503bf7f766,6ede00d0-baf4-573f-a0dd-4a503bf7f766
2310,1788934506,1379084,14,29,0,0,2310,0,1996280,2661391,4fa33dcb-5f76-5f76-aea8-330df7ada03e,4fa33dcb-5f76-5f76-aea8-330df7ada03e
2311,1788934535,1379084,14,29,0,0,2311,0,1997144,2662544,6ede00d0-baf4-573f-a0dd-4a503bf7f766,6ede00d0-baf4-573f-a0dd-4a503bf7f766
2312,1788934564,1379084,14,29,0,0,2312,0,1998008,2663694,4fa33dcb-5f76-5f76-aea8-330df7ada03e,4fa33dcb-5f76-5f76-aea8-330df7ada03e
2313,1788934592,1379084,14,29,0,0,2313,0,1998872,2664847,6ede00d0-baf4-573f-a0dd-4a503bf7f766,6ede00d0-baf4-573f-a0dd-4a503bf7f766
2314,1788934621,1379084,14,29,0,0,2314,0,1999736,2665997,4fa33dcb-5f76-5f76-aea8-330df7ada03e,4fa33dcb-5f76-5f76-aea8-330df7ada03e
2315,1788934650,1379084,14,29,0,0,2315,0,2000602,2667153,6ede00d0-baf4-573f-a0dd-4a503bf7f766,6ede00d0-baf4-573f-a0dd-4a503bf7f766
2316,1788934679,1379084,14,29,0,0,2316,0,2001466,2668304,4fa33dcb-5f76-5f76-aea8-330df7ada03e,4fa33dcb-5f76-5f76-aea8-330df7ada03e
2317,1788934708,1379092,14,29,0,0,2317,0,2002330,2669457,6ede00d0-baf4-573f-a0dd-4a503bf7f766,6ede00d0-baf4-573f-a0dd-4a503bf7f766
2318,1788934736,1379092,14,29,0,0,2318,0,2003194,2670608,4fa33dcb-5f76-5f76-aea8-330df7ada03e,4fa33dcb-5f76-5f76-aea8-330df7ada03e
2319,1788934765,1379092,14,29,0,0,2319,0,2004058,2671760,6ede00d0-baf4-573f-a0dd-4a503bf7f766,6ede00d0-baf4-573f-a0dd-4a503bf7f766
2320,1788934794,1379092,14,29,0,0,2320,0,2004924,2672914,4fa33dcb-5f76-5f76-aea8-330df7ada03e,4fa33dcb-5f76-5f76-aea8-330df7ada03e
2321,1788934823,1379092,14,29,0,0,2321,0,2005788,2674067,6ede00d0-baf4-573f-a0dd-4a503bf7f766,6ede00d0-baf4-573f-a0dd-4a503bf7f766
2322,1788934852,1379092,14,29,0,0,2322,0,2006652,2675217,4fa33dcb-5f76-5f76-aea8-330df7ada03e,4fa33dcb-5f76-5f76-aea8-330df7ada03e
2323,1788934880,1379092,14,29,0,0,2323,0,2007515,2676370,6ede00d0-baf4-573f-a0dd-4a503bf7f766,6ede00d0-baf4-573f-a0dd-4a503bf7f766
2324,1788934909,1379092,14,29,0,0,2324,0,2008378,2677520,4fa33dcb-5f76-5f76-aea8-330df7ada03e,4fa33dcb-5f76-5f76-aea8-330df7ada03e
2325,1788934938,1379092,14,29,0,0,2325,0,2009244,2678676,6ede00d0-baf4-573f-a0dd-4a503bf7f766,6ede00d0-baf4-573f-a0dd-4a503bf7f766
2326,1788934967,1379092,14,29,0,0,2326,0,2010108,2679827,4fa33dcb-5f76-5f76-aea8-330df7ada03e,4fa33dcb-5f76-5f76-aea8-330df7ada03e
2327,1788934996,1379092,14,29,0,0,2327,0,2010972,2680980,6ede00d0-baf4-573f-a0dd-4a503bf7f766,6ede00d0-baf4-573f-a0dd-4a503bf7f766
2328,1788935024,1379092,14,29,0,0,2328,0,2011836,2682130,4fa33dcb-5f76-5f76-aea8-330df7ada03e,4fa33dcb-5f76-5f76-aea8-330df7ada03e
2329,1788935053,1379092,14,29,0,0,2329,0,2012700,2683283,6ede00d0-baf4-573f-a0dd-4a503bf7f766,6ede00d0-baf4-573f-a0dd-4a503bf7f766
2330,1788935082,1379092,14,29,0,0,2330,0,2013567,2684438,4fa33dcb-5f76-5f76-aea8-330df7ada03e,4fa33dcb-5f76-5f76-aea8-330df7ada03e
2331,1788935111,1379092,14,29,0,0,2331,0,2014432,2685592,6ede00d0-baf4-573f-a0dd-4a503bf7f766,6ede00d0-baf4-573f-a0dd-4a503bf7f766
2332,1788935140,1379092,14,29,0,0,2332,0,2015296,2686743,4fa33dcb-5f76-5f76-aea8-330df7ada03e,4fa33dcb-5f76-5f76-aea8-330df7ada03e
2333,1788935168,1379092,14,29,0,0,2333,0,2016161,2687897,6ede00d0-baf4-573f-a0dd-4a503bf7f766,6ede00d0-baf4-573f-a0dd-4a503bf7f766
2334,1788935197,1379092,14,29,0,0,2334,0,2017025,2689047,4fa33dcb-5f76-5f76-aea8-330df7ada03e,4fa33dcb-5f76-5f76-aea8-330df7ada03e
2335,1788935226,1379092,14,29,0,0,2335,0,2017892,2690204,6ede00d0-baf4-573f-a0dd-4a503bf7f766,6ede00d0-baf4-573f-a0dd-4a503bf7f766
2336,1788935255,1379092,14,29,0,0,2336,0,2018755,2691354,4fa33dcb-5f76-5f76-aea8-330df7ada03e,4fa33dcb-5f76-5f76-aea8-330df7ada03e
2337,1788935284,1379092,14,29,0,0,2337,0,2019619,2692506,6ede00d0-baf4-573f-a0dd-4a503bf7f766,6ede00d0-baf4-573f-a0dd-4a503bf7f766
2338,1788935312,1379092,14,29,0,0,2338,0,2020483,2693658,4fa33dcb-5f76-5f76-aea8-330df7ada03e,4fa33dcb-5f76-5f76-aea8-330df7ada03e
2339,1788935341,1379092,14,29,0,0,2339,0,2021347,2694811,6ede00d0-baf4-573f-a0dd-4a503bf7f766,6ede00d0-baf4-573f-a0dd-4a503bf7f766
2340,1788935370,1379092,14,29,0,0,2340,0,2022214,2695965,4fa33dcb-5f76-5f76-aea8-330df7ada03e,4fa33dcb-5f76-5f76-aea8-330df7ada03e
2341,1788935399,1379092,14,29,0,0,2341,0,2023078,2697118,6ede00d0-baf4-573f-a0dd-4a503bf7f766,6ede00d0-baf4-573f-a0dd-4a503bf7f766
2342,1788935428,1379092,14,29,0,0,2342,0,2023942,2698269,4fa33dcb-5f76-5f76-aea8-330df7ada03e,4fa33dcb-5f76-5f76-aea8-330df7ada03e
2343,1788935456,1379092,14,29,0,0,2343,0,2024806,2699422,6ede00d0-baf4-573f-a0dd-4a503bf7f766,6ede00d0-baf4-573f-a0dd-4a503bf7f766
2344,1788935485,1379092,14,29,0,0,2344,0,2025670,2700573,4fa33dcb-5f76-5f76-aea8-330df7ada03e,4fa33dcb-5f76-5f76-aea8-330df7ada03e
2345,1788935514,1379092,14,29,0,0,2345,0,2026537,2701729,6ede00d0-baf4-573f-a0dd-4a503bf7f766,6ede00d0-baf4-573f-a0dd-4a503bf7f766
2346,1788935543,1379092,14,29,0,0,2346,0,2027402,2702881,4fa33dcb-5f76-5f76-aea8-330df7ada03e,4fa33dcb-5f76-5f76-aea8-330df7ada03e
2347,1788935572,1379092,14,29,0,0,2347,0,2028265,2704034,6ede00d0-baf4-573f-a0dd-4a503bf7f766,6ede00d0-baf4-573f-a0dd-4a503bf7f766
2348,1788935600,1379092,14,29,0,0,2348,0,2029129,2705184,4fa33dcb-5f76-5f76-aea8-330df7ada03e,4fa33dcb-5f76-5f76-aea8-330df7ada03e
2349,1788935629,1379092,14,29,0,0,2349,0,2029993,2706337,6ede00d0-baf4-573f-a0dd-4a503bf7f766,6ede00d0-baf4-573f-a0dd-4a503bf7f766
2350,1788935658,1379092,14,29,0,0,2350,0,2030860,2707492,4fa33dcb-5f76-5f76-aea8-330df7ada03e,4fa33dcb-5f76-5f76-aea8-330df7ada03e
2351,1788935687,1379092,14,29,0,0,2351,0,2031724,2708645,6ede00d0-baf4-573f-a0dd-4a503bf7f766,6ede00d0-baf4-573f-a0dd-4a503bf7f766
2352,1788935716,1379092,14,29,0,0,2352,0,2032588,2709795,4fa33dcb-5f76-5f76-aea8-330df7ada03e,4fa33dcb-5f76-5f76-aea8-330df7ada03e
2353,1788935744,1379092,14,29,0,0,2353,0,2033452,2710948,6ede00d0-baf4-573f-a0dd-4a503bf7f766,6ede00d0-baf4-573f-a0dd-4a503bf7f766
2354,1788935773,1379092,14,29,0,0,2354,0,2034316,2712099,4fa33dcb-5f76-5f76-aea8-330df7ada03e,4fa33dcb-5f76-5f76-aea8-330df7ada03e
2355,1788935802,1379092,14,29,0,0,2355,0,2035182,2713255,6ede00d0-baf4-573f-a0dd-4a503bf7f766,6ede00d0-baf4-573f-a0dd-4a503bf7f766
2356,1788935831,1379092,14,29,0,0,2356,0,2036046,2714405,4fa33dcb-5f76-5f76-aea8-330df7ada03e,4fa33dcb-5f76-5f76-aea8-330df7ada03e
2357,1788935860,1379092,14,29,0,0,2357,0,2036910,2715558,6ede00d0-baf4-573f-a0dd-4a503bf7f766,6ede00d0-baf4-573f-a0dd-4a503bf7f766
2358,1788935888,1379092,14,29,0,0,2358,0,2037775,2716710,4fa33dcb-5f76-5f76-aea8-330df7ada03e,4fa33dcb-5f76-5f76-aea8-330df7ada03e
2359,1788935917,1379092,14,29,0,0,2359,0,2038638,2717862,6ede00d0-baf4-573f-a0dd-4a503bf7f766,6ede00d0-baf4-573f-a0dd-4a503bf7f766
2360,1788935946,1379092,14,29,0,0,2360,0,2039505,2719016,4fa33dcb-5f76-5f76-aea8-330df7ada03e,4fa33dcb-5f76-5f76-aea8-330df7ada03e
2361,1788935975,1379092,14,29,0,0,2361,0,2040369,2720170,6ede00d0-baf4-573f-a0dd-4a503bf7f766,6ede00d0-baf4-573f-a0dd-4a503bf7f766
2362,1788936004,1379092,14,29,0,0,2362,0,2041233,2721321,4fa33dcb-5f76-5f76-aea8-330df7ada03e,4fa33dcb-5f76-5f76-aea8-330df7ada03e
2363,1788936032,1379092,14,29,0,0,2363,0,2042098,2722473,6ede00d0-baf4-573f-a0dd-4a503bf7f766,6ede00d0-baf4-573f-a0dd-4a503bf7f766
2364,1788936061,1379092,14,29,0,0,2364,0,2042962,2723624,4fa33dcb-5f76-5f76-aea8-330df7ada03e,4fa33dcb-5f76-5f76-aea8-330df7ada03e
2365,1788936090,1379092,14,29,0,0,2365,0,2043828,2724780,6ede00d0-baf4-573f-a0dd-4a503bf7f766,6ede00d0-baf4-573f-a0dd-4a503bf7f766
2366,1788936119,1379092,14,29,0,0,2366,0,2044693,2725932,4fa33dcb-5f76-5f76-aea8-330df7ada03e,4fa33dcb-5f76-5f76-aea8-330df7ada03e
2367,1788936148,1379092,14,29,0,0,2367,0,2045556,2727084,6ede00d0-baf4-573f-a0dd-4a503bf7f766,6ede00d0-baf4-573f-a0dd-4a503bf7f766
2368,1788936176,1379096,14,29,0,0,2368,0,2046420,2728234,4fa33dcb-5f76-5f76-aea8-330df7ada03e,4fa33dcb-5f76-5f76-aea8-330df7ada03e
2369,1788936205,1379096,14,29,0,0,2369,0,2047284,2729387,6ede00d0-baf4-573f-a0dd-4a503bf7f766,6ede00d0-baf4-573f-a0dd-4a503bf7f766
2370,1788936234,1379096,14,29,0,0,2370,0,2048150,2730541,4fa33dcb-5f76-5f76-aea8-330df7ada03e,4fa33dcb-5f76-5f76-aea8-330df7ada03e
2371,1788936263,1379096,14,29,0,0,2371,0,2049015,2731694,6ede00d0-baf4-573f-a0dd-4a503bf7f766,6ede00d0-baf4-573f-a0dd-4a503bf7f766
2372,1788936292,1379096,14,29,0,0,2372,0,2049879,2732845,4fa33dcb-5f76-5f76-aea8-330df7ada03e,4fa33dcb-5f76-5f76-aea8-330df7ada03e
2373,1788936320,1379096,14,29,0,0,2373,0,2050742,2733999,6ede00d0-baf4-573f-a0dd-4a503bf7f766,6ede00d0-baf4-573f-a0dd-4a503bf7f766
2374,1788936349,1379096,14,29,0,0,2374,0,2051606,2735150,4fa33dcb-5f76-5f76-aea8-330df7ada03e,4fa33dcb-5f76-5f76-aea8-330df7ada03e
2375,1788936378,1379096,14,29,0,0,2375,0,2052474,2736307,6ede00d0-baf4-573f-a0dd-4a503bf7f766,6ede00d0-baf4-573f-a0dd-4a503bf7f766
2376,1788936407,1379096,14,29,0,0,2376,0,2053338,2737458,4fa33dcb-5f76-5f76-aea8-330df7ada03e,4fa33dcb-5f76-5f76-aea8-330df7ada03e
2377,1788936436,1379096,14,29,0,0,2377,0,2054202,2738611,6ede00d0-baf4-573f-a0dd-4a503bf7f766,6ede00d0-baf4-573f-a0dd-4a503bf7f766
2378,1788936465,1379096,14,29,0,0,2378,0,2055066,2739762,4fa33dcb-5f76-5f76-aea8-330df7ada03e,4fa33dcb-5f76-5f76-aea8-330df7ada03e
2379,1788936493,1379096,14,29,0,0,2379,0,2055930,2740915,6ede00d0-baf4-573f-a0dd-4a503bf7f766,6ede00d0-baf4-573f-a0dd-4a503bf7f766
2380,1788936522,1379096,14,29,0,0,2380,0,2056797,2742069,4fa33dcb-5f76-5f76-aea8-330df7ada03e,4fa33dcb-5f76-5f76-aea8-330df7ada03e
2381,1788936551,1379096,14,29,0,0,2381,0,2057661,2743222,6ede00d0-baf4-573f-a0dd-4a503bf7f766,6ede00d0-baf4-573f-a0dd-4a503bf7f766
2382,1788936580,1379096,14,29,0,0,2382,0,2058524,2744372,4fa33dcb-5f76-5f76-aea8-330df7ada03e,4fa33dcb-5f76-5f76-aea8-330df7ada03e
2383,1788936609,1379096,14,29,0,0,2383,0,2059388,2745525,6ede00d0-baf4-573f-a0dd-4a503bf7f766,6ede00d0-baf4-573f-a0dd-4a503bf7f766
2384,1788936637,1379096,14,29,0,0,2384,0,2060252,2746675,4fa33dcb-5f76-5f76-aea8-330df7ada03e,4fa33dcb-5f76-5f76-aea8-330df7ada03e
2385,1788936666,1379100,14,29,0,0,2385,0,2061118,2747831,6ede00d0-baf4-573f-a0dd-4a503bf7f766,6ede00d0-baf4-573f-a0dd-4a503bf7f766
2386,1788936695,1379100,14,29,0,0,2386,0,2061982,2748981,4fa33dcb-5f76-5f76-aea8-330df7ada03e,4fa33dcb-5f76-5f76-aea8-330df7ada03e
2387,1788936724,1379100,14,29,0,0,2387,0,2062845,2750134,6ede00d0-baf4-573f-a0dd-4a503bf7f766,6ede00d0-baf4-573f-a0dd-4a503bf7f766
2388,1788936752,1379100,14,29,0,0,2388,0,2063709,2751284,4fa33dcb-5f76-5f76-aea8-330df7ada03e,4fa33dcb-5f76-5f76-aea8-330df7ada03e
2389,1788936781,1379100,14,29,0,0,2389,0,2064572,2752437,6ede00d0-baf4-573f-a0dd-4a503bf7f766,6ede00d0-baf4-573f-a0dd-4a503bf7f766
2390,1788936810,1379108,14,29,0,0,2390,0,2065438,2753591,4fa33dcb-5f76-5f76-aea8-330df7ada03e,4fa33dcb-5f76-5f76-aea8-330df7ada03e
2391,1788936839,1379108,14,29,0,0,2391,0,2066304,2754746,6ede00d0-baf4-573f-a0dd-4a503bf7f766,6ede00d0-baf4-573f-a0dd-4a503bf7f766
2392,1788936868,1379108,14,29,0,0,2392,0,2067168,2755897,4fa33dcb-5f76-5f76-aea8-330df7ada03e,4fa33dcb-5f76-5f76-aea8-330df7ada03e
2393,1788936897,1379108,14,29,0,0,2393,0,2068032,2757050,6ede00d0-baf4-573f-a0dd-4a503bf7f766,6ede00d0-baf4-573f-a0dd-4a503bf7f766
2394,1788936925,1379108,14,29,0,0,2394,0,2068896,2758201,4fa33dcb-5f76-5f76-aea8-330df7ada03e,4fa33dcb-5f76-5f76-aea8-330df7ada03e
2395,1788936954,1379108,14,29,0,0,2395,0,2069763,2759357,6ede00d0-baf4-573f-a0dd-4a503bf7f766,6ede00d0-baf4-573f-a0dd-4a503bf7f766
2396,1788936983,1379108,14,29,0,0,2396,0,2070627,2760507,4fa33dcb-5f76-5f76-aea8-330df7ada03e,4fa33dcb-5f76-5f76-aea8-330df7ada03e
2397,1788937012,1379108,14,29,0,0,2397,0,2071491,2761660,6ede00d0-baf4-573f-a0dd-4a503bf7f766,6ede00d0-baf4-573f-a0dd-4a503bf7f766
2398,1788937041,1379108,14,29,0,0,2398,0,2072354,2762810,4fa33dcb-5f76-5f76-aea8-330df7ada03e,4fa33dcb-5f76-5f76-aea8-330df7ada03e
2399,1788937069,1379108,14,29,0,0,2399,0,2073219,2763963,6ede00d0-baf4-573f-a0dd-4a503bf7f766,6ede00d0-baf4-573f-a0dd-4a503bf7f766
2400,1788937098,1379108,14,29,0,0,2400,0,2074085,2765117,4fa33dcb-5f76-5f76-aea8-330df7ada03e,4fa33dcb-5f76-5f76-aea8-330df7ada03e
2401,1788937127,1379108,14,29,0,0,2401,0,2074949,2766271,6ede00d0-baf4-573f-a0dd-4a503bf7f766,6ede00d0-baf4-573f-a0dd-4a503bf7f766
2402,1788937156,1379112,14,29,0,0,2402,0,2075813,2767421,4fa33dcb-5f76-5f76-aea8-330df7ada03e,4fa33dcb-5f76-5f76-aea8-330df7ada03e
2403,1788937185,1379112,14,29,0,0,2403,0,2076677,2768574,6ede00d0-baf4-573f-a0dd-4a503bf7f766,6ede00d0-baf4-573f-a0dd-4a503bf7f766
2404,1788937213,1379112,14,29,0,0,2404,0,2077541,2769725,4fa33dcb-5f76-5f76-aea8-330df7ada03e,4fa33dcb-5f76-5f76-aea8-330df7ada03e
2405,1788937242,1379112,14,29,0,0,2405,0,2078407,2770881,6ede00d0-baf4-573f-a0dd-4a503bf7f766,6ede00d0-baf4-573f-a0dd-4a503bf7f766
2406,1788937271,1379112,14,29,0,0,2406,0,2079271,2772031,4fa33dcb-5f76-5f76-aea8-330df7ada03e,4fa33dcb-5f76-5f76-aea8-330df7ada03e
2407,1788937300,1379112,14,29,0,0,2407,0,2080136,2773185,6ede00d0-baf4-573f-a0dd-4a503bf7f766,6ede00d0-baf4-573f-a0dd-4a503bf7f766
2408,1788937328,1379112,14,29,0,0,2408,0,2080999,2774335,4fa33dcb-5f76-5f76-aea8-330df7ada03e,4fa33dcb-5f76-5f76-aea8-330df7ada03e
2409,1788937357,1379112,14,29,0,0,2409,0,2081863,2775487,6ede00d0-baf4-573f-a0dd-4a503bf7f766,6ede00d0-baf4-573f-a0dd-4a503bf7f766
2410,1788937386,1379112,14,29,0,0,2410,0,2082729,2776642,4fa33dcb-5f76-5f76-aea8-330df7ada03e,4fa33dcb-5f76-5f76-aea8-330df7ada03e
2411,1788937415,1379112,14,29,0,0,2411,0,2083593,2777795,6ede00d0-baf4-573f-a0dd-4a503bf7f766,6ede00d0-baf4-573f-a0dd-4a503bf7f766
2412,1788937444,1379112,14,29,0,0,2412,0,2084457,2778945,4fa33dcb-5f76-5f76-aea8-330df7ada03e,4fa33dcb-5f76-5f76-aea8-330df7ada03e
2413,1788937473,1379112,14,29,0,0,2413,0,2085321,2780098,6ede00d0-baf4-573f-a0dd-4a503bf7f766,6ede00d0-baf4-573f-a0dd-4a503bf7f766
2414,1788937501,1379112,14,29,0,0,2414,0,2086185,2781249,4fa33dcb-5f76-5f76-aea8-330df7ada03e,4fa33dcb-5f76-5f76-aea8-330df7ada03e
2415,1788937530,1379112,14,29,0,0,2415,0,2087051,2782405,6ede00d0-baf4-573f-a0dd-4a503bf7f766,6ede00d0-baf4-573f-a0dd-4a503bf7f766
2416,1788937559,1379112,14,29,0,0,2416,0,2087915,2783555,4fa33dcb-5f76-5f76-aea8-330df7ada03e,4fa33dcb-5f76-5f76-aea8-330df7ada03e
2417,1788937588,1379112,14,29,0,0,2417,0,2088778,2784708,6ede00d0-baf4-573f-a0dd-4a503bf7f766,6ede00d0-baf4-573f-a0dd-4a503bf7f766
2418,1788937616,1379112,14,29,0,0,2418,0,2089642,2785859,4fa33dcb-5f76-5f76-aea8-330df7ada03e,4fa33dcb-5f76-5f76-aea8-330df7ada03e
2419,1788937645,1379112,14,29,0,0,2419,0,2090506,2787012,6ede00d0-baf4-573f-a0dd-4a503bf7f766,6ede00d0-baf4-573f-a0dd-4a503bf7f766
2420,1788937674,1379116,14,29,0,0,2420,0,2091373,2788165,4fa33dcb-5f76-5f76-aea8-330df7ada03e,4fa33dcb-5f76-5f76-aea8-330df7ada03e
2421,1788937703,1379116,14,29,0,0,2421,0,2092237,2789318,6ede00d0-baf4-573f-a0dd-4a503bf7f766,6ede00d0-baf4-573f-a0dd-4a503bf7f766
2422,1788937732,1379116,14,29,0,0,2422,0,2093100,2790468,4fa33dcb-5f76-5f76-aea8-330df7ada03e,4fa33dcb-5f76-5f76-aea8-330df7ada03e
2423,1788937760,1379116,14,29,0,0,2423,0,2093964,2791621,6ede00d0-baf4-573f-a0dd-4a503bf7f766,6ede00d0-baf4-573f-a0dd-4a503bf7f766
2424,1788937789,1379116,14,29,0,0,2424,0,2094828,2792772,4fa33dcb-5f76-5f76-aea8-330df7ada03e,4fa33dcb-5f76-5f76-aea8-330df7ada03e
2425,1788937818,1379116,14,29,0,0,2425,0,2095694,2793928,6ede00d0-baf4-573f-a0dd-4a503bf7f766,6ede00d0-baf4-573f-a0dd-4a503bf7f766
2426,1788937847,1379116,14,29,0,0,2426,0,2096559,2795079,4fa33dcb-5f76-5f76-aea8-330df7ada03e,4fa33dcb-5f76-5f76-aea8-330df7ada03e
2427,1788937876,1379116,14,29,0,0,2427,0,2097422,2796232,6ede00d0-baf4-573f-a0dd-4a503bf7f766,6ede00d0-baf4-573f-a0dd-4a503bf7f766
2428,1788937904,1379116,14,29,0,0,2428,0,2098286,2797382,4fa33dcb-5f76-5f76-aea8-330df7ada03e,4fa33dcb-5f76-5f76-aea8-330df7ada03e
2429,1788937933,1379116,14,29,0,0,2429,0,2099150,2798535,6ede00d0-baf4-573f-a0dd-4a503bf7f766,6ede00d0-baf4-573f-a0dd-4a503bf7f766
2430,1788937962,1379116,14,29,0,0,2430,0,2100017,2799690,4fa33dcb-5f76-5f76-aea8-330df7ada03e,4fa33dcb-5f76-5f76-aea8-330df7ada03e
2431,1788937991,1379116,14,29,0,0,2431,0,2100881,2800843,6ede00d0-baf4-573f-a0dd-4a503bf7f766,6ede00d0-baf4-573f-a0dd-4a503bf7f766
2432,1788938020,1379116,14,29,0,0,2432,0,2101745,2801993,4fa33dcb-5f76-5f76-aea8-330df7ada03e,4fa33dcb-5f76-5f76-aea8-330df7ada03e
2433,1788938048,1379116,14,29,0,0,2433,0,2102608,2803145,6ede00d0-baf4-573f-a0dd-4a503bf7f766,6ede00d0-baf4-573f-a0dd-4a503bf7f766
2434,1788938077,1379116,14,29,0,0,2434,0,2103472,2804296,4fa33dcb-5f76-5f76-aea8-330df7ada03e,4fa33dcb-5f76-5f76-aea8-330df7ada03e
2435,1788938106,1379116,14,29,0,0,2435,0,2104339,2805453,6ede00d0-baf4-573f-a0dd-4a503bf7f766,6ede00d0-baf4-573f-a0dd-4a503bf7f766
2436,1788938135,1379116,14,29,0,0,2436,0,2105204,2806605,4fa33dcb-5f76-5f76-aea8-330df7ada03e,4fa33dcb-5f76-5f76-aea8-330df7ada03e
2437,1788938164,1379120,14,29,0,0,2437,0,2106068,2807757,6ede00d0-baf4-573f-a0dd-4a503bf7f766,6ede00d0-baf4-573f-a0dd-4a503bf7f766
2438,1788938192,1379120,14,29,0,0,2438,0,2106932,2808908,4fa33dcb-5f76-5f76-aea8-330df7ada03e,4fa33dcb-5f76-5f76-aea8-330df7ada03e
2439,1788938221,1379120,14,29,0,0,2439,0,2107796,2810061,6ede00d0-baf4-573f-a0dd-4a503bf7f766,6ede00d0-baf4-573f-a0dd-4a503bf7f766
2440,1788938250,1379120,14,29,0,0,2440,0,2108662,2811215,4fa33dcb-5f76-5f76-aea8-330df7ada03e,4fa33dcb-5f76-5f76-aea8-330df7ada03e
2441,1788938279,1379120,14,29,0,0,2441,0,2109526,2812368,6ede00d0-baf4-573f-a0dd-4a503bf7f766,6ede00d0-baf4-573f-a0dd-4a503bf7f766
2442,1788938308,1379120,14,29,0,0,2442,0,2110390,2813518,4fa33dcb-5f76-5f76-aea8-330df7ada03e,4fa33dcb-5f76-5f76-aea8-330df7ada03e
2443,1788938336,1379120,14,29,0,0,2443,0,2111254,2814671,6ede00d0-baf4-573f-a0dd-4a503bf7f766,6ede00d0-baf4-573f-a0dd-4a503bf7f766
2444,1788938365,1379120,14,29,0,0,2444,0,2112118,2815822,4fa33dcb-5f76-5f76-aea8-330df7ada03e,4fa33dcb-5f76-5f76-aea8-330df7ada03e
2445,1788938394,1379120,14,29,0,0,2445,0,2112985,2816978,6ede00d0-baf4-573f-a0dd-4a503bf7f766,6ede00d0-baf4-573f-a0dd-4a503bf7f766
2446,1788938423,1379120,14,29,0,0,2446,0,2113850,2818131,4fa33dcb-5f76-5f76-aea8-330df7ada03e,4fa33dcb-5f76-5f76-aea8-330df7ada03e
2447,1788938452,1379120,14,29,0,0,2447,0,2114714,2819284,6ede00d0-baf4-573f-a0dd-4a503bf7f766,6ede00d0-baf4-573f-a0dd-4a503bf7f766
2448,1788938480,1379120,14,29,0,0,2448,0,2115577,2820434,4fa33dcb-5f76-5f76-aea8-330df7ada03e,4fa33dcb-5f76-5f76-aea8-330df7ada03e
2449,1788938509,1379120,14,29,0,0,2449,0,2116441,2821586,6ede00d0-baf4-573f-a0dd-4a503bf7f766,6ede00d0-baf4-573f-a0dd-4a503bf7f766
2450,1788938538,1379120,14,29,0,0,2450,0,2117308,2822740,4fa33dcb-5f76-5f76-aea8-330df7ada03e,4fa33dcb-5f76-5f76-aea8-330df7ada03e
2451,1788938567,1379120,14,29,0,0,2451,0,2118172,2823893,6ede00d0-baf4-573f-a0dd-4a503bf7f766,6ede00d0-baf4-573f-a0dd-4a503bf7f766
2452,1788938596,1379120,14,29,0,0,2452,0,2119036,2825044,4fa33dcb-5f76-5f76-aea8-330df7ada03e,4fa33dcb-5f76-5f76-aea8-330df7ada03e
2453,1788938624,1379120,14,29,0,0,2453,0,2119900,2826197,6ede00d0-baf4-573f-a0dd-4a503bf7f766,6ede00d0-baf4-573f-a0dd-4a503bf7f766
2454,1788938653,1379124,14,29,0,0,2454,0,2120764,2827348,4fa33dcb-5f76-5f76-aea8-330df7ada03e,4fa33dcb-5f76-5f76-aea8-330df7ada03e
2455,1788938682,1379124,14,29,0,0,2455,0,2121630,2828504,6ede00d0-baf4-573f-a0dd-4a503bf7f766,6ede00d0-baf4-573f-a0dd-4a503bf7f766
2456,1788938711,1379124,14,29,0,0,2456,0,2122493,2829654,4fa33dcb-5f76-5f76-aea8-330df7ada03e,4fa33dcb-5f76-5f76-aea8-330df7ada03e
2457,1788938740,1379124,14,29,0,0,2457,0,2123357,2830807,6ede00d0-baf4-573f-a0dd-4a503bf7f766,6ede00d0-baf4-573f-a0dd-4a503bf7f766
2458,1788938768,1379124,14,29,0,0,2458,0,2124221,2831958,4fa33dcb-5f76-5f76-aea8-330df7ada03e,4fa33dcb-5f76-5f76-aea8-330df7ada03e
2459,1788938797,1379124,14,29,0,0,2459,0,2125085,2833111,6ede00d0-baf4-573f-a0dd-4a503bf7f766,6ede00d0-baf4-573f-a0dd-4a503bf7f766
2460,1788938826,1379124,14,29,0,0,2460,0,2125951,2834265,4fa33dcb-5f76-5f76-aea8-330df7ada03e,4fa33dcb-5f76-5f76-aea8-330df7ada03e
2461,1788938855,1379124,14,29,0,0,2461,0,2126815,2835417,6ede00d0-baf4-573f-a0dd-4a503bf7f766,6ede00d0-baf4-573f-a0dd-4a503bf7f766
2462,1788938884,1379124,14,29,0,0,2462,0,2127679,2836568,4fa33dcb-5f76-5f76-aea8-330df7ada03e,4fa33dcb-5f76-5f76-aea8-330df7ada03e
2463,1788938912,1379132,14,29,0,0,2463,0,2128542,2837720,6ede00d0-baf4-573f-a0dd-4a503bf7f766,6ede00d0-baf4-573f-a0dd-4a503bf7f766
2464,1788938941,1379132,14,29,0,0,2464,0,2129406,2838871,4fa33dcb-5f76-5f76-aea8-330df7ada03e,4fa33dcb-5f76-5f76-aea8-330df7ada03e
2465,1788938970,1379132,14,29,0,0,2465,0,2130272,2840027,6ede00d0-baf4-573f-a0dd-4a503bf7f766,6ede00d0-baf4-573f-a0dd-4a503bf7f766
2466,1788938999,1379132,14,29,0,0,2466,0,2131137,2841178,4fa33dcb-5f76-5f76-aea8-330df7ada03e,4fa33dcb-5f76-5f76-aea8-330df7ada03e
2467,1788939028,1379172,14,29,0,0,2467,0,2132000,2842330,6ede00d0-baf4-573f-a0dd-4a503bf7f766,6ede00d0-baf4-573f-a0dd-4a503bf7f766
2468,1788939056,1379172,14,29,0,0,2468,0,2132865,2843481,4fa33dcb-5f76-5f76-aea8-330df7ada03e,4fa33dcb-5f76-5f76-aea8-330df7ada03e
2469,1788939085,1384756,14,29,0,0,2469,0,2133729,2844635,6ede00d0-baf4-573f-a0dd-4a503bf7f766,6ede00d0-baf4-573f-a0dd-4a503bf7f766
2470,1788939114,1384756,14,29,0,0,2470,0,2134596,2845789,4fa33dcb-5f76-5f76-aea8-330df7ada03e,4fa33dcb-5f76-5f76-aea8-330df7ada03e
2471,1788939143,1384760,14,29,0,0,2471,0,2135460,2846942,6ede00d0-baf4-573f-a0dd-4a503bf7f766,6ede00d0-baf4-573f-a0dd-4a503bf7f766
2472,1788939172,1384760,14,29,0,0,2472,0,2136324,2848093,4fa33dcb-5f76-5f76-aea8-330df7ada03e,4fa33dcb-5f76-5f76-aea8-330df7ada03e
2473,1788939200,1384760,14,29,0,0,2473,0,2137188,2849246,6ede00d0-baf4-573f-a0dd-4a503bf7f766,6ede00d0-baf4-573f-a0dd-4a503bf7f766
2474,1788939229,1384760,14,29,0,0,2474,0,2138052,2850397,4fa33dcb-5f76-5f76-aea8-330df7ada03e,4fa33dcb-5f76-5f76-aea8-330df7ada03e
2475,1788939258,1384760,14,29,0,0,2475,0,2138919,2851553,6ede00d0-baf4-573f-a0dd-4a503bf7f766,6ede00d0-baf4-573f-a0dd-4a503bf7f766
2476,1788939287,1384760,14,29,0,0,2476,0,2139784,2852706,4fa33dcb-5f76-5f76-aea8-330df7ada03e,4fa33dcb-5f76-5f76-aea8-330df7ada03e
2477,1788939316,1384760,14,29,0,0,2477,0,2140648,2853858,6ede00d0-baf4-573f-a0dd-4a503bf7f766,6ede00d0-baf4-573f-a0dd-4a503bf7f766
2478,1788939344,1384760,14,29,0,0,2478,0,2141512,2855009,4fa33dcb-5f76-5f76-aea8-330df7ada03e,4fa33dcb-5f76-5f76-aea8-330df7ada03e
2479,1788939373,1384760,14,29,0,0,2479,0,2142376,2856162,6ede00d0-baf4-573f-a0dd-4a503bf7f766,6ede00d0-baf4-573f-a0dd-4a503bf7f766
2480,1788939402,1384760,14,29,0,0,2480,0,2143242,2857315,4fa33dcb-5f76-5f76-aea8-330df7ada03e,4fa33dcb-5f76-5f76-aea8-330df7ada03e
2481,1788939431,1384760,14,29,0,0,2481,0,2144106,2858468,6ede00d0-baf4-573f-a0dd-4a503bf7f766,6ede00d0-baf4-573f-a0dd-4a503bf7f766
2482,1788939460,1390384,14,29,0,0,2482,0,2144970,2859619,4fa33dcb-5f76-5f76-aea8-330df7ada03e,4fa33dcb-5f76-5f76-aea8-330df7ada03e
2483,1788939488,1390384,14,29,0,0,2483,0,2145834,2860771,6ede00d0-baf4-573f-a0dd-4a503bf7f766,6ede00d0-baf4-573f-a0dd-4a503bf7f766
2484,1788939517,1390384,14,29,0,0,2484,0,2146698,2861922,4fa33dcb-5f76-5f76-aea8-330df7ada03e,4fa33dcb-5f76-5f76-aea8-330df7ada03e
2485,1788939546,1390384,14,29,0,0,2485,0,2147564,2863078,6ede00d0-baf4-573f-a0dd-4a503bf7f766,6ede00d0-baf4-573f-a0dd-4a503bf7f766
2486,1788939575,1390384,14,29,0,0,2486,0,2148428,2864228,4fa33dcb-5f76-5f76-aea8-330df7ada03e,4fa33dcb-5f76-5f76-aea8-330df7ada03e
2487,1788939604,1390384,14,29,0,0,2487,0,2149291,2865381,6ede00d0-baf4-573f-a0dd-4a503bf7f766,6ede00d0-baf4-573f-a0dd-4a503bf7f766
2488,1788939632,1390388,14,29,0,0,2488,0,2150155,2866531,4fa33dcb-5f76-5f76-aea8-330df7ada03e,4fa33dcb-5f76-5f76-aea8-330df7ada03e
2489,1788939661,1390388,14,29,0,0,2489,0,2151019,2867684,6ede00d0-baf4-573f-a0dd-4a503bf7f766,6ede00d0-baf4-573f-a0dd-4a503bf7f766
2490,1788939690,1390388,14,29,0,0,2490,0,2151885,2868837,4fa33dcb-5f76-5f76-aea8-330df7ada03e,4fa33dcb-5f76-5f76-aea8-330df7ada03e
2491,1788939719,1390388,14,29,0,0,2491,0,2152750,2869990,6ede00d0-baf4-573f-a0dd-4a503bf7f766,6ede00d0-baf4-573f-a0dd-4a503bf7f766
2492,1788939748,1390388,14,29,0,0,2492,0,2153613,2871141,4fa33dcb-5f76-5f76-aea8-330df7ada03e,4fa33dcb-5f76-5f76-aea8-330df7ada03e
2493,1788939776,1390388,14,29,0,0,2493,0,2154477,2872294,6ede00d0-baf4-573f-a0dd-4a503bf7f766,6ede00d0-baf4-573f-a0dd-4a503bf7f766
2494,1788939805,1390388,14,29,0,0,2494,0,2155341,2873444,4fa33dcb-5f76-5f76-aea8-330df7ada03e,4fa33dcb-5f76-5f76-aea8-330df7ada03e
2495,1788939834,1390388,14,29,0,0,2495,0,2156207,2874600,6ede00d0-baf4-573f-a0dd-4a503bf7f766,6ede00d0-baf4-573f-a0dd-4a503bf7f766
2496,1788939863,1390388,14,29,0,0,2496,0,2157072,2875751,4fa33dcb-5f76-5f76-aea8-330df7ada03e,4fa33dcb-5f76-5f76-aea8-330df7ada03e
2497,1788939892,1390388,14,29,0,0,2497,0,2157936,2876904,6ede00d0-baf4-573f-a0dd-4a503bf7f766,6ede00d0-baf4-573f-a0dd-4a503bf7f766
2498,1788939920,1390388,14,29,0,0,2498,0,2158800,2878055,4fa33dcb-5f76-5f76-aea8-330df7ada03e,4fa33dcb-5f76-5f76-aea8-330df7ada03e
2499,1788939949,1390388,14,29,0,0,2499,0,2159664,2879208,6ede00d0-baf4-573f-a0dd-4a503bf7f766,6ede00d0-baf4-573f-a0dd-4a503bf7f766
2500,1788939978,1390388,14,29,0,0,2500,0,2160531,2880363,4fa33dcb-5f76-5f76-aea8-330df7ada03e,4fa33dcb-5f76-5f76-aea8-330df7ada03e
2501,1788940007,1390388,14,29,0,0,2501,0,2161395,2881516,6ede00d0-baf4-573f-a0dd-4a503bf7f766,6ede00d0-baf4-573f-a0dd-4a503bf7f766
2502,1788940036,1390388,14,29,0,0,2502,0,2162259,2882666,4fa33dcb-5f76-5f76-aea8-330df7ada03e,4fa33dcb-5f76-5f76-aea8-330df7ada03e
2503,1788940064,1390388,14,29,0,0,2503,0,2163123,2883819,6ede00d0-baf4-573f-a0dd-4a503bf7f766,6ede00d0-baf4-573f-a0dd-4a503bf7f766
2504,1788940093,1390388,14,29,0,0,2504,0,2163987,2884970,4fa33dcb-5f76-5f76-aea8-330df7ada03e,4fa33dcb-5f76-5f76-aea8-330df7ada03e
2505,1788940122,1390392,14,29,0,0,2505,0,2164855,2886128,6ede00d0-baf4-573f-a0dd-4a503bf7f766,6ede00d0-baf4-573f-a0dd-4a503bf7f766
2506,1788940151,1390392,14,29,0,0,2506,0,2165719,2887279,4fa33dcb-5f76-5f76-aea8-330df7ada03e,4fa33dcb-5f76-5f76-aea8-330df7ada03e
2507,1788940180,1390392,14,29,0,0,2507,0,2166583,2888432,6ede00d0-baf4-573f-a0dd-4a503bf7f766,6ede00d0-baf4-573f-a0dd-4a503bf7f766
2508,1788940208,1390392,14,29,0,0,2508,0,2167447,2889583,4fa33dcb-5f76-5f76-aea8-330df7ada03e,4fa33dcb-5f76-5f76-aea8-330df7ada03e
2509,1788940237,1390392,14,29,0,0,2509,0,2168311,2890735,6ede00d0-baf4-573f-a0dd-4a503bf7f766,6ede00d0-baf4-573f-a0dd-4a503bf7f766
2510,1788940266,1390392,14,29,0,0,2510,0,2169178,2891890,4fa33dcb-5f76-5f76-aea8-330df7ada03e,4fa33dcb-5f76-5f76-aea8-330df7ada03e
2511,1788940295,1390392,14,29,0,0,2511,0,2170041,2893042,6ede00d0-baf4-573f-a0dd-4a503bf7f766,6ede00d0-baf4-573f-a0dd-4a503bf7f766
2512,1788940324,1390392,14,29,0,0,2512,0,2170905,2894193,4fa33dcb-5f76-5f76-aea8-330df7ada03e,4fa33dcb-5f76-5f76-aea8-330df7ada03e
2513,1788940352,1390392,14,29,0,0,2513,0,2171769,2895345,6ede00d0-baf4-573f-a0dd-4a503bf7f766,6ede00d0-baf4-573f-a0dd-4a503bf7f766
2514,1788940381,1390392,14,29,0,0,2514,0,2172633,2896496,4fa33dcb-5f76-5f76-aea8-330df7ada03e,4fa33dcb-5f76-5f76-aea8-330df7ada03e
2515,1788940410,1390392,14,29,0,0,2515,0,2173499,2897652,6ede00d0-baf4-573f-a0dd-4a503bf7f766,6ede00d0-baf4-573f-a0dd-4a503bf7f766
2516,1788940439,1390392,14,29,0,0,2516,0,2174363,2898803,4fa33dcb-5f76-5f76-aea8-330df7ada03e,4fa33dcb-5f76-5f76-aea8-330df7ada03e
2517,1788940468,1390392,14,29,0,0,2517,0,2175227,2899955,6ede00d0-baf4-573f-a0dd-4a503bf7f766,6ede00d0-baf4-573f-a0dd-4a503bf7f766
2518,1788940496,1390392,14,29,0,0,2518,0,2176090,2901106,4fa33dcb-5f76-5f76-aea8-330df7ada03e,4fa33dcb-5f76-5f76-aea8-330df7ada03e
2519,1788940525,1390392,14,29,0,0,2519,0,2176954,2902259,6ede00d0-baf4-573f-a0dd-4a503bf7f766,6ede00d0-baf4-573f-a0dd-4a503bf7f766
2520,1788940554,1390392,14,29,0,0,2520,0,2177820,2903412,4fa33dcb-5f76-5f76-aea8-330df7ada03e,4fa33dcb-5f76-5f76-aea8-330df7ada03e
2521,1788940583,1390392,14,29,0,0,2521,0,2178684,2904566,6ede00d0-baf4-573f-a0dd-4a503bf7f766,6ede00d0-baf4-573f-a0dd-4a503bf7f766
2522,1788940612,1390396,14,29,0,0,2522,0,2179548,2905716,4fa33dcb-5f76-5f76-aea8-330df7ada03e,4fa33dcb-5f76-5f76-aea8-330df7ada03e
2523,1788940640,1390396,14,29,0,0,2523,0,2180412,2906870,6ede00d0-baf4-573f-a0dd-4a503bf7f766,6ede00d0-baf4-573f-a0dd-4a503bf7f766
2524,1788940669,1390396,14,29,0,0,2524,0,2181277,2908021,4fa33dcb-5f76-5f76-aea8-330df7ada03e,4fa33dcb-5f76-5f76-aea8-330df7ada03e
2525,1788940698,1390396,14,29,0,0,2525,0,2182142,2909175,6ede00d0-baf4-573f-a0dd-4a503bf7f766,6ede00d0-baf4-573f-a0dd-4a503bf7f766
2526,1788940727,1390396,14,29,0,0,2526,0,2183006,2910325,4fa33dcb-5f76-5f76-aea8-330df7ada03e,4fa33dcb-5f76-5f76-aea8-330df7ada03e
2527,1788940756,1390396,14,29,0,0,2527,0,2183869,2911477,6ede00d0-baf4-573f-a0dd-4a503bf7f766,6ede00d0-baf4-573f-a0dd-4a503bf7f766
2528,1788940784,1390396,14,29,0,0,2528,0,2184733,2912628,4fa33dcb-5f76-5f76-aea8-330df7ada03e,4fa33dcb-5f76-5f76-aea8-330df7ada03e
2529,1788940813,1390396,14,29,0,0,2529,0,2185597,2913780,6ede00d0-baf4-573f-a0dd-4a503bf7f766,6ede00d0-baf4-573f-a0dd-4a503bf7f766
2530,1788940842,1390396,14,29,0,0,2530,0,2186463,2914934,4fa33dcb-5f76-5f76-aea8-330df7ada03e,4fa33dcb-5f76-5f76-aea8-330df7ada03e
2531,1788940871,1390396,14,29,0,0,2531,0,2187328,2916088,6ede00d0-baf4-573f-a0dd-4a503bf7f766,6ede00d0-baf4-573f-a0dd-4a503bf7f766
2532,1788940900,1390396,14,29,0,0,2532,0,2188192,2917238,4fa33dcb-5f76-5f76-aea8-330df7ada03e,4fa33dcb-5f76-5f76-aea8-330df7ada03e
2533,1788940928,1390396,14,29,0,0,2533,0,2189056,2918391,6ede00d0-baf4-573f-a0dd-4a503bf7f766,6ede00d0-baf4-573f-a0dd-4a503bf7f766
2534,1788940957,1390396,14,29,0,0,2534,0,2189920,2919542,4fa33dcb-5f76-5f76-aea8-330df7ada03e,4fa33dcb-5f76-5f76-aea8-330df7ada03e
2535,1788940986,1390396,14,29,0,0,2535,0,2190786,2920699,6ede00d0-baf4-573f-a0dd-4a503bf7f766,6ede00d0-baf4-573f-a0dd-4a503bf7f766
2536,1788941015,1390404,14,29,0,0,2536,0,2191651,2921851,4fa33dcb-5f76-5f76-aea8-330df7ada03e,4fa33dcb-5f76-5f76-aea8-330df7ada03e
2537,1788941044,1390404,14,29,0,0,2537,0,2192516,2923004,6ede00d0-baf4-573f-a0dd-4a503bf7f766,6ede00d0-baf4-573f-a0dd-4a503bf7f766
2538,1788941072,1390404,14,29,0,0,2538,0,2193379,2924154,4fa33dcb-5f76-5f76-aea8-330df7ada03e,4fa33dcb-5f76-5f76-aea8-330df7ada03e
2539,1788941101,1390408,14,29,0,0,2539,0,2194244,2925308,6ede00d0-baf4-573f-a0dd-4a503bf7f766,6ede00d0-baf4-573f-a0dd-4a503bf7f766
2540,1788941130,1390408,14,29,0,0,2540,0,2195110,2926462,4fa33dcb-5f76-5f76-aea8-330df7ada03e,4fa33dcb-5f76-5f76-aea8-330df7ada03e
2541,1788941159,1390408,14,29,0,0,2541,0,2195974,2927615,6ede00d0-baf4-573f-a0dd-4a503bf7f766,6ede00d0-baf4-573f-a0dd-4a503bf7f766
2542,1788941188,1390408,14,29,0,0,2542,0,2196838,2928765,4fa33dcb-5f76-5f76-aea8-330df7ada03e,4fa33dcb-5f76-5f76-aea8-330df7ada03e
2543,1788941216,1390408,14,29,0,0,2543,0,2197702,2929918,6ede00d0-baf4-573f-a0dd-4a503bf7f766,6ede00d0-baf4-573f-a0dd-4a503bf7f766
2544,1788941245,1390408,14,29,0,0,2544,0,2198566,2931069,4fa33dcb-5f76-5f76-aea8-330df7ada03e,4fa33dcb-5f76-5f76-aea8-330df7ada03e
2545,1788941274,1390408,14,29,0,0,2545,0,2199433,2932226,6ede00d0-baf4-573f-a0dd-4a503bf7f766,6ede00d0-baf4-573f-a0dd-4a503bf7f766
2546,1788941303,1390408,14,29,0,0,2546,0,2200296,2933378,4fa33dcb-5f76-5f76-aea8-330df7ada03e,4fa33dcb-5f76-5f76-aea8-330df7ada03e
2547,1788941332,1390408,14,29,0,0,2547,0,2201160,2934531,6ede00d0-baf4-573f-a0dd-4a503bf7f766,6ede00d0-baf4-573f-a0dd-4a503bf7f766
2548,1788941361,1390408,14,29,0,0,2548,0,2202024,2935682,4fa33dcb-5f76-5f76-aea8-330df7ada03e,4fa33dcb-5f76-5f76-aea8-330df7ada03e
2549,1788941389,1390408,14,29,0,0,2549,0,2202888,2936835,6ede00d0-baf4-573f-a0dd-4a503bf7f766,6ede00d0-baf4-573f-a0dd-4a503bf7f766
2550,1788941418,1390408,14,29,0,0,2550,0,2203755,2937989,4fa33dcb-5f76-5f76-aea8-330df7ada03e,4fa33dcb-5f76-5f76-aea8-330df7ada03e
2551,1788941447,1390408,14,29,0,0,2551,0,2204618,2939141,6ede00d0-baf4-573f-a0dd-4a503bf7f766,6ede00d0-baf4-573f-a0dd-4a503bf7f766
2552,1788941476,1390408,14,29,0,0,2552,0,2205482,2940291,4fa33dcb-5f76-5f76-aea8-330df7ada03e,4fa33dcb-5f76-5f76-aea8-330df7ada03e
2553,1788941504,1390408,14,29,0,0,2553,0,2206346,2941444,6ede00d0-baf4-573f-a0dd-4a503bf7f766,6ede00d0-baf4-573f-a0dd-4a503bf7f766
2554,1788941533,1390408,14,29,0,0,2554,0,2207210,2942595,4fa33dcb-5f76-5f76-aea8-330df7ada03e,4fa33dcb-5f76-5f76-aea8-330df7ada03e
2555,1788941562,1390408,14,29,0,0,2555,0,2208077,2943753,6ede00d0-baf4-573f-a0dd-4a503bf7f766,6ede00d0-baf4-573f-a0dd-4a503bf7f766
2556,1788941591,1390412,14,29,0,0,2556,0,2208941,2944903,4fa33dcb-5f76-5f76-aea8-330df7ada03e,4fa33dcb-5f76-5f76-aea8-330df7ada03e
2557,1788941620,1390412,14,29,0,0,2557,0,2209805,2946056,6ede00d0-baf4-573f-a0dd-4a503bf7f766,6ede00d0-baf4-573f-a0dd-4a503bf7f766
2558,1788941648,1390412,14,29,0,0,2558,0,2210669,2947206,4fa33dcb-5f76-5f76-aea8-330df7ada03e,4fa33dcb-5f76-5f76-aea8-330df7ada03e
2559,1788941677,1390412,14,29,0,0,2559,0,2211533,2948359,6ede00d0-baf4-573f-a0dd-4a503bf7f766,6ede00d0-baf4-573f-a0dd-4a503bf7f766
2560,1788941706,1390412,14,29,0,0,2560,0,2212399,2949513,4fa33dcb-5f76-5f76-aea8-330df7ada03e,4fa33dcb-5f76-5f76-aea8-330df7ada03e
2561,1788941735,1390412,14,29,0,0,2561,0,2213263,2950666,6ede00d0-baf4-573f-a0dd-4a503bf7f766,6ede00d0-baf4-573f-a0dd-4a503bf7f766
2562,1788941764,1390412,14,29,0,0,2562,0,2214127,2951816,4fa33dcb-5f76-5f76-aea8-330df7ada03e,4fa33dcb-5f76-5f76-aea8-330df7ada03e
2563,1788941792,1390412,14,29,0,0,2563,0,2214991,2952969,6ede00d0-baf4-573f-a0dd-4a503bf7f766,6ede00d0-baf4-573f-a0dd-4a503bf7f766
2564,1788941821,1390412,14,29,0,0,2564,0,2215855,2954120,4fa33dcb-5f76-5f76-aea8-330df7ada03e,4fa33dcb-5f76-5f76-aea8-330df7ada03e
2565,1788941850,1390412,14,29,0,0,2565,0,2216720,2955277,6ede00d0-baf4-573f-a0dd-4a503bf7f766,6ede00d0-baf4-573f-a0dd-4a503bf7f766
2566,1788941879,1390412,14,29,0,0,2566,0,2217585,2956427,4fa33dcb-5f76-5f76-aea8-330df7ada03e,4fa33dcb-5f76-5f76-aea8-330df7ada03e
2567,1788941908,1390412,14,29,0,0,2567,0,2218449,2957580,6ede00d0-baf4-573f-a0dd-4a503bf7f766,6ede00d0-baf4-573f-a0dd-4a503bf7f766
2568,1788941936,1390412,14,29,0,0,2568,0,2219312,2958731,4fa33dcb-5f76-5f76-aea8-330df7ada03e,4fa33dcb-5f76-5f76-aea8-330df7ada03e
2569,1788941965,1390412,14,29,0,0,2569,0,2220177,2959884,6ede00d0-baf4-573f-a0dd-4a503bf7f766,6ede00d0-baf4-573f-a0dd-4a503bf7f766
2570,1788941994,1390412,14,29,0,0,2570,0,2221043,2961039,4fa33dcb-5f76-5f76-aea8-330df7ada03e,4fa33dcb-5f76-5f76-aea8-330df7ada03e
2571,1788942023,1390412,14,29,0,0,2571,0,2221907,2962192,6ede00d0-baf4-573f-a0dd-4a503bf7f766,6ede00d0-baf4-573f-a0dd-4a503bf7f766
2572,1788942052,1390412,14,29,0,0,2572,0,2222770,2963342,4fa33dcb-5f76-5f76-aea8-330df7ada03e,4fa33dcb-5f76-5f76-aea8-330df7ada03e
2573,1788942081,1390416,14,29,0,0,2573,0,2223634,2964495,6ede00d0-baf4-573f-a0dd-4a503bf7f766,6ede00d0-baf4-573f-a0dd-4a503bf7f766
2574,1788942109,1390416,14,29,0,0,2574,0,2224498,2965646,4fa33dcb-5f76-5f76-aea8-330df7ada03e,4fa33dcb-5f76-5f76-aea8-330df7ada03e
2575,1788942138,1390416,14,29,0,0,2575,0,2225365,2966804,6ede00d0-baf4-573f-a0dd-4a503bf7f766,6ede00d0-baf4-573f-a0dd-4a503bf7f766
2576,1788942167,1390416,14,29,0,0,2576,0,2226229,2967954,4fa33dcb-5f76-5f76-aea8-330df7ada03e,4fa33dcb-5f76-5f76-aea8-330df7ada03e
2577,1788942196,1390416,14,29,0,0,2577,0,2227093,2969107,6ede00d0-baf4-573f-a0dd-4a503bf7f766,6ede00d0-baf4-573f-a0dd-4a503bf7f766
2578,1788942225,1390416,14,29,0,0,2578,0,2227957,2970258,4fa33dcb-5f76-5f76-aea8-330df7ada03e,4fa33dcb-5f76-5f76-aea8-330df7ada03e
2579,1788942253,1390416,14,29,0,0,2579,0,2228822,2971412,6ede00d0-baf4-573f-a0dd-4a503bf7f766,6ede00d0-baf4-573f-a0dd-4a503bf7f766
2580,1788942282,1390416,14,29,0,0,2580,0,2229689,2972567,4fa33dcb-5f76-5f76-aea8-330df7ada03e,4fa33dcb-5f76-5f76-aea8-330df7ada03e
2581,1788942311,1390416,14,29,0,0,2581,0,2230553,2973720,6ede00d0-baf4-573f-a0dd-4a503bf7f766,6ede00d0-baf4-573f-a0dd-4a503bf7f766
2582,1788942340,1390416,14,29,0,0,2582,0,2231416,2974870,4fa33dcb-5f76-5f76-aea8-330df7ada03e,4fa33dcb-5f76-5f76-aea8-330df7ada03e
2583,1788942369,1390416,14,29,0,0,2583,0,2232280,2976023,6ede00d0-baf4-573f-a0dd-4a503bf7f766,6ede00d0-baf4-573f-a0dd-4a503bf7f766
2584,1788942397,1390416,14,29,0,0,2584,0,2233144,2977174,4fa33dcb-5f76-5f76-aea8-330df7ada03e,4fa33dcb-5f76-5f76-aea8-330df7ada03e
2585,1788942426,1390416,14,29,0,0,2585,0,2234011,2978330,6ede00d0-baf4-573f-a0dd-4a503bf7f766,6ede00d0-baf4-573f-a0dd-4a503bf7f766
2586,1788942455,1390416,14,29,0,0,2586,0,2234876,2979482,4fa33dcb-5f76-5f76-aea8-330df7ada03e,4fa33dcb-5f76-5f76-aea8-330df7ada03e
2587,1788942484,1390416,14,29,0,0,2587,0,2235741,2980637,6ede00d0-baf4-573f-a0dd-4a503bf7f766,6ede00d0-baf4-573f-a0dd-4a503bf7f766
2588,1788942513,1390416,14,29,0,0,2588,0,2236605,2981787,4fa33dcb-5f76-5f76-aea8-330df7ada03e,4fa33dcb-5f76-5f76-aea8-330df7ada03e
2589,1788942541,1390416,14,29,0,0,2589,0,2237469,2982940,6ede00d0-baf4-573f-a0dd-4a503bf7f766,6ede00d0-baf4-573f-a0dd-4a503bf7f766
2590,1788942570,1390420,14,29,0,0,2590,0,2238335,2984094,4fa33dcb-5f76-5f76-aea8-330df7ada03e,4fa33dcb-5f76-5f76-aea8-330df7ada03e
2591,1788942599,1390420,14,29,0,0,2591,0,2239199,2985246,6ede00d0-baf4-573f-a0dd-4a503bf7f766,6ede00d0-baf4-573f-a0dd-4a503bf7f766
2592,1788942628,1390420,14,29,0,0,2592,0,2240064,2986398,4fa33dcb-5f76-5f76-aea8-330df7ada03e,4fa33dcb-5f76-5f76-aea8-330df7ada03e
2593,1788942657,1390420,14,29,0,0,2593,0,2240928,2987552,6ede00d0-baf4-573f-a0dd-4a503bf7f766,6ede00d0-baf4-573f-a0dd-4a503bf7f766
2594,1788942685,1390420,14,29,0,0,2594,0,2241792,2988703,4fa33dcb-5f76-5f76-aea8-330df7ada03e,4fa33dcb-5f76-5f76-aea8-330df7ada03e
2595,1788942714,1390420,14,29,0,0,2595,0,2242658,2989859,6ede00d0-baf4-573f-a0dd-4a503bf7f766,6ede00d0-baf4-573f-a0dd-4a503bf7f766
2596,1788942743,1390420,14,29,0,0,2596,0,2243522,2991009,4fa33dcb-5f76-5f76-aea8-330df7ada03e,4fa33dcb-5f76-5f76-aea8-330df7ada03e
2597,1788942772,1390420,14,29,0,0,2597,0,2244386,2992162,6ede00d0-baf4-573f-a0dd-4a503bf7f766,6ede00d0-baf4-573f-a0dd-4a503bf7f766
2598,1788942801,1390420,14,29,0,0,2598,0,2245250,2993312,4fa33dcb-5f76-5f76-aea8-330df7ada03e,4fa33dcb-5f76-5f76-aea8-330df7ada03e
2599,1788942829,1390420,14,29,0,0,2599,0,2246113,2994465,6ede00d0-baf4-573f-a0dd-4a503bf7f766,6ede00d0-baf4-573f-a0dd-4a503bf7f766
2600,1788942858,1390420,14,29,0,0,2600,0,2246980,2995619,4fa33dcb-5f76-5f76-aea8-330df7ada03e,4fa33dcb-5f76-5f76-aea8-330df7ada03e
2601,1788942887,1390420,14,29,0,0,2601,0,2247844,2996772,6ede00d0-baf4-573f-a0dd-4a503bf7f766,6ede00d0-baf4-573f-a0dd-4a503bf7f766
2602,1788942916,1390420,14,29,0,0,2602,0,2248710,2997925,4fa33dcb-5f76-5f76-aea8-330df7ada03e,4fa33dcb-5f76-5f76-aea8-330df7ada03e
2603,1788942945,1390420,14,29,0,0,2603,0,2249574,2999078,6ede00d0-baf4-573f-a0dd-4a503bf7f766,6ede00d0-baf4-573f-a0dd-4a503bf7f766
2604,1788942973,1390420,14,29,0,0,2604,0,2250438,3000229,4fa33dcb-5f76-5f76-aea8-330df7ada03e,4fa33dcb-5f76-5f76-aea8-330df7ada03e
2605,1788943002,1390420,14,29,0,0,2605,0,2251304,3001385,6ede00d0-baf4-573f-a0dd-4a503bf7f766,6ede00d0-baf4-573f-a0dd-4a503bf7f766
2606,1788943031,1390420,14,29,0,0,2606,0,2252168,3002536,4fa33dcb-5f76-5f76-aea8-330df7ada03e,4fa33dcb-5f76-5f76-aea8-330df7ada03e
2607,1788943060,1390424,14,29,0,0,2607,0,2253032,3003689,6ede00d0-baf4-573f-a0dd-4a503bf7f766,6ede00d0-baf4-573f-a0dd-4a503bf7f766
2608,1788943089,1390424,14,29,0,0,2608,0,2253895,3004839,4fa33dcb-5f76-5f76-aea8-330df7ada03e,4fa33dcb-5f76-5f76-aea8-330df7ada03e
2609,1788943117,1390428,14,29,0,0,2609,0,2254759,3005992,6ede00d0-baf4-573f-a0dd-4a503bf7f766,6ede00d0-baf4-573f-a0dd-4a503bf7f766
2610,1788943146,1390432,14,29,0,0,2610,0,2255626,3007147,4fa33dcb-5f76-5f76-aea8-330df7ada03e,4fa33dcb-5f76-5f76-aea8-330df7ada03e
2611,1788943175,1390432,14,29,0,0,2611,0,2256490,3008300,6ede00d0-baf4-573f-a0dd-4a503bf7f766,6ede00d0-baf4-573f-a0dd-4a503bf7f766
2612,1788943204,1390432,14,29,0,0,2612,0,2257354,3009450,4fa33dcb-5f76-5f76-aea8-330df7ada03e,4fa33dcb-5f76-5f76-aea8-330df7ada03e
2613,1788943233,1390432,14,29,0,0,2613,0,2258218,3010604,6ede00d0-baf4-573f-a0dd-4a503bf7f766,6ede00d0-baf4-573f-a0dd-4a503bf7f766
2614,1788943261,1390432,14,29,0,0,2614,0,2259082,3011754,4fa33dcb-5f76-5f76-aea8-330df7ada03e,4fa33dcb-5f76-5f76-aea8-330df7ada03e
2615,1788943290,1390432,14,29,0,0,2615,0,2259949,3012911,6ede00d0-baf4-573f-a0dd-4a503bf7f766,6ede00d0-baf4-573f-a0dd-4a503bf7f766
2616,1788943319,1390432,14,29,0,0,2616,0,2260812,3014061,4fa33dcb-5f76-5f76-aea8-330df7ada03e,4fa33dcb-5f76-5f76-aea8-330df7ada03e
2617,1788943348,1390432,14,29,0,0,2617,0,2261676,3015214,6ede00d0-baf4-573f-a0dd-4a503bf7f766,6ede00d0-baf4-573f-a0dd-4a503bf7f766
2618,1788943377,1390432,14,29,0,0,2618,0,2262540,3016364,4fa33dcb-5f76-5f76-aea8-330df7ada03e,4fa33dcb-5f76-5f76-aea8-330df7ada03e
2619,1788943405,1390432,14,29,0,0,2619,0,2263404,3017517,6ede00d0-baf4-573f-a0dd-4a503bf7f766,6ede00d0-baf4-573f-a0dd-4a503bf7f766
2620,1788943434,1390432,14,29,0,0,2620,0,2264271,3018671,4fa33dcb-5f76-5f76-aea8-330df7ada03e,4fa33dcb-5f76-5f76-aea8-330df7ada03e
2621,1788943463,1390432,14,29,0,0,2621,0,2265135,3019824,6ede00d0-baf4-573f-a0dd-4a503bf7f766,6ede00d0-baf4-573f-a0dd-4a503bf7f766
2622,1788943492,1390432,14,29,0,0,2622,0,2265998,3020975,4fa33dcb-5f76-5f76-aea8-330df7ada03e,4fa33dcb-5f76-5f76-aea8-330df7ada03e
2623,1788943521,1390432,14,29,0,0,2623,0,2266862,3022127,6ede00d0-baf4-573f-a0dd-4a503bf7f766,6ede00d0-baf4-573f-a0dd-4a503bf7f766
2624,1788943549,1390436,14,29,0,0,2624,0,2267726,3023278,4fa33dcb-5f76-5f76-aea8-330df7ada03e,4fa33dcb-5f76-5f76-aea8-330df7ada03e
2625,1788943578,1390436,14,29,0,0,2625,0,2268592,3024434,6ede00d0-baf4-573f-a0dd-4a503bf7f766,6ede00d0-baf4-573f-a0dd-4a503bf7f766
2626,1788943607,1390436,14,29,0,0,2626,0,2269456,3025585,4fa33dcb-5f76-5f76-aea8-330df7ada03e,4fa33dcb-5f76-5f76-aea8-330df7ada03e
2627,1788943636,1390436,14,29,0,0,2627,0,2270320,3026738,6ede00d0-baf4-573f-a0dd-4a503bf7f766,6ede00d0-baf4-573f-a0dd-4a503bf7f766
2628,1788943665,1390436,14,29,0,0,2628,0,2271184,3027888,4fa33dcb-5f76-5f76-aea8-330df7ada03e,4fa33dcb-5f76-5f76-aea8-330df7ada03e
2629,1788943693,1390436,14,29,0,0,2629,0,2272048,3029041,6ede00d0-baf4-573f-a0dd-4a503bf7f766,6ede00d0-baf4-573f-a0dd-4a503bf7f766
2630,1788943722,1390436,14,29,0,0,2630,0,2272915,3030195,4fa33dcb-5f76-5f76-aea8-330df7ada03e,4fa33dcb-5f76-5f76-aea8-330df7ada03e
2631,1788943751,1390436,14,29,0,0,2631,0,2273779,3031349,6ede00d0-baf4-573f-a0dd-4a503bf7f766,6ede00d0-baf4-573f-a0dd-4a503bf7f766
2632,1788943780,1390436,14,29,0,0,2632,0,2274643,3032499,4fa33dcb-5f76-5f76-aea8-330df7ada03e,4fa33dcb-5f76-5f76-aea8-330df7ada03e
2633,1788943809,1390436,14,29,0,0,2633,0,2275507,3033652,6ede00d0-baf4-573f-a0dd-4a503bf7f766,6ede00d0-baf4-573f-a0dd-4a503bf7f766
2634,1788943837,1390436,14,29,0,0,2634,0,2276370,3034803,4fa33dcb-5f76-5f76-aea8-330df7ada03e,4fa33dcb-5f76-5f76-aea8-330df7ada03e
2635,1788943866,1390436,14,29,0,0,2635,0,2277237,3035959,6ede00d0-baf4-573f-a0dd-4a503bf7f766,6ede00d0-baf4-573f-a0dd-4a503bf7f766
2636,1788943895,1390436,14,29,0,0,2636,0,2278100,3037109,4fa33dcb-5f76-5f76-aea8-330df7ada03e,4fa33dcb-5f76-5f76-aea8-330df7ada03e
2637,1788943924,1390436,14,29,0,0,2637,0,2278964,3038262,6ede00d0-baf4-573f-a0dd-4a503bf7f766,6ede00d0-baf4-573f-a0dd-4a503bf7f766
2638,1788943953,1390436,14,29,0,0,2638,0,2279828,3039413,4fa33dcb-5f76-5f76-aea8-330df7ada03e,4fa33dcb-5f76-5f76-aea8-330df7ada03e
2639,1788943981,1390436,14,29,0,0,2639,0,2280692,3040566,6ede00d0-baf4-573f-a0dd-4a503bf7f766,6ede00d0-baf4-573f-a0dd-4a503bf7f766
2640,1788944010,1390436,14,29,0,0,2640,0,2281558,3041720,4fa33dcb-5f76-5f76-aea8-330df7ada03e,4fa33dcb-5f76-5f76-aea8-330df7ada03e
2641,1788944039,1390440,14,29,0,0,2641,0,2282423,3042873,6ede00d0-baf4-573f-a0dd-4a503bf7f766,6ede00d0-baf4-573f-a0dd-4a503bf7f766
2642,1788944068,1390440,14,29,0,0,2642,0,2283286,3044023,4fa33dcb-5f76-5f76-aea8-330df7ada03e,4fa33dcb-5f76-5f76-aea8-330df7ada03e
2643,1788944097,1390440,14,29,0,0,2643,0,2284150,3045176,6ede00d0-baf4-573f-a0dd-4a503bf7f766,6ede00d0-baf4-573f-a0dd-4a503bf7f766
2644,1788944125,1390440,14,29,0,0,2644,0,2285014,3046327,4fa33dcb-5f76-5f76-aea8-330df7ada03e,4fa33dcb-5f76-5f76-aea8-330df7ada03e
2645,1788944154,1390440,14,29,0,0,2645,0,2285884,3047488,6ede00d0-baf4-573f-a0dd-4a503bf7f766,6ede00d0-baf4-573f-a0dd-4a503bf7f766
2646,1788944183,1390440,14,29,0,0,2646,0,2286748,3048638,4fa33dcb-5f76-5f76-aea8-330df7ada03e,4fa33dcb-5f76-5f76-aea8-330df7ada03e
2647,1788944212,1390440,14,29,0,0,2647,0,2287612,3049791,6ede00d0-baf4-573f-a0dd-4a503bf7f766,6ede00d0-baf4-573f-a0dd-4a503bf7f766
2648,1788944241,1390440,14,29,0,0,2648,0,2288476,3050941,4fa33dcb-5f76-5f76-aea8-330df7ada03e,4fa33dcb-5f76-5f76-aea8-330df7ada03e
2649,1788944270,1390440,14,29,0,0,2649,0,2289339,3052094,6ede00d0-baf4-573f-a0dd-4a503bf7f766,6ede00d0-baf4-573f-a0dd-4a503bf7f766
2650,1788944298,1390440,14,29,0,0,2650,0,2290206,3053248,4fa33dcb-5f76-5f76-aea8-330df7ada03e,4fa33dcb-5f76-5f76-aea8-330df7ada03e
2651,1788944327,1390440,14,29,0,0,2651,0,2291071,3054402,6ede00d0-baf4-573f-a0dd-4a503bf7f766,6ede00d0-baf4-573f-a0dd-4a503bf7f766
2652,1788944356,1390440,14,29,0,0,2652,0,2291934,3055552,4fa33dcb-5f76-5f76-aea8-330df7ada03e,4fa33dcb-5f76-5f76-aea8-330df7ada03e
2653,1788944385,1390440,14,29,0,0,2653,0,2292798,3056705,6ede00d0-baf4-573f-a0dd-4a503bf7f766,6ede00d0-baf4-573f-a0dd-4a503bf7f766
2654,1788944413,1390440,14,29,0,0,2654,0,2293662,3057855,4fa33dcb-5f76-5f76-aea8-330df7ada03e,4fa33dcb-5f76-5f76-aea8-330df7ada03e
2655,1788944442,1390440,14,29,0,0,2655,0,2294528,3059011,6ede00d0-baf4-573f-a0dd-4a503bf7f766,6ede00d0-baf4-573f-a0dd-4a503bf7f766
2656,1788944471,1390440,14,29,0,0,2656,0,2295392,3060163,4fa33dcb-5f76-5f76-aea8-330df7ada03e,4fa33dcb-5f76-5f76-aea8-330df7ada03e
2657,1788944500,1390440,14,29,0,0,2657,0,2296256,3061315,6ede00d0-baf4-573f-a0dd-4a503bf7f766,6ede00d0-baf4-573f-a0dd-4a503bf7f766
2658,1788944529,1390444,14,29,0,0,2658,0,2297121,3062467,4fa33dcb-5f76-5f76-aea8-330df7ada03e,4fa33dcb-5f76-5f76-aea8-330df7ada03e
2659,1788944558,1390444,14,29,0,0,2659,0,2297985,3063620,6ede00d0-baf4-573f-a0dd-4a503bf7f766,6ede00d0-baf4-573f-a0dd-4a503bf7f766
2660,1788944586,1390444,14,29,0,0,2660,0,2298851,3064774,4fa33dcb-5f76-5f76-aea8-330df7ada03e,4fa33dcb-5f76-5f76-aea8-330df7ada03e
2661,1788944615,1390444,14,29,0,0,2661,0,2299715,3065927,6ede00d0-baf4-573f-a0dd-4a503bf7f766,6ede00d0-baf4-573f-a0dd-4a503bf7f766
2662,1788944644,1390444,14,29,0,0,2662,0,2300579,3067077,4fa33dcb-5f76-5f76-aea8-330df7ada03e,4fa33dcb-5f76-5f76-aea8-330df7ada03e
2663,1788944673,1390444,14,29,0,0,2663,0,2301443,3068230,6ede00d0-baf4-573f-a0dd-4a503bf7f766,6ede00d0-baf4-573f-a0dd-4a503bf7f766
2664,1788944701,1390444,14,29,0,0,2664,0,2302307,3069381,4fa33dcb-5f76-5f76-aea8-330df7ada03e,4fa33dcb-5f76-5f76-aea8-330df7ada03e
2665,1788944730,1390444,14,29,0,0,2665,0,2303174,3070537,6ede00d0-baf4-573f-a0dd-4a503bf7f766,6ede00d0-baf4-573f-a0dd-4a503bf7f766
2666,1788944759,1390444,14,29,0,0,2666,0,2304037,3071687,4fa33dcb-5f76-5f76-aea8-330df7ada03e,4fa33dcb-5f76-5f76-aea8-330df7ada03e
2667,1788944788,1390444,14,29,0,0,2667,0,2304901,3072840,6ede00d0-baf4-573f-a0dd-4a503bf7f766,6ede00d0-baf4-573f-a0dd-4a503bf7f766
2668,1788944817,1390444,14,29,0,0,2668,0,2305766,3073992,4fa33dcb-5f76-5f76-aea8-330df7ada03e,4fa33dcb-5f76-5f76-aea8-330df7ada03e
2669,1788944846,1390444,14,29,0,0,2669,0,2306630,3075145,6ede00d0-baf4-573f-a0dd-4a503bf7f766,6ede00d0-baf4-573f-a0dd-4a503bf7f766
2670,1788944874,1390444,14,29,0,0,2670,0,2307497,3076300,4fa33dcb-5f76-5f76-aea8-330df7ada03e,4fa33dcb-5f76-5f76-aea8-330df7ada03e
2671,1788944903,1390444,14,29,0,0,2671,0,2308362,3077454,6ede00d0-baf4-573f-a0dd-4a503bf7f766,6ede00d0-baf4-573f-a0dd-4a503bf7f766
2672,1788944932,1390444,14,29,0,0,2672,0,2309226,3078605,4fa33dcb-5f76-5f76-aea8-330df7ada03e,4fa33dcb-5f76-5f76-aea8-330df7ada03e
2673,1788944961,1390444,14,29,0,0,2673,0,2310091,3079759,6ede00d0-baf4-573f-a0dd-4a503bf7f766,6ede00d0-baf4-573f-a0dd-4a503bf7f766
2674,1788944990,1390444,14,29,0,0,2674,0,2310955,3080909,4fa33dcb-5f76-5f76-aea8-330df7ada03e,4fa33dcb-5f76-5f76-aea8-330df7ada03e
2675,1788945018,1390444,14,29,0,0,2675,0,2311821,3082066,6ede00d0-baf4-573f-a0dd-4a503bf7f766,6ede00d0-baf4-573f-a0dd-4a503bf7f766
2676,1788945047,1390448,14,29,0,0,2676,0,2312685,3083216,4fa33dcb-5f76-5f76-aea8-330df7ada03e,4fa33dcb-5f76-5f76-aea8-330df7ada03e
2677,1788945076,1390448,14,29,0,0,2677,0,2313549,3084369,6ede00d0-baf4-573f-a0dd-4a503bf7f766,6ede00d0-baf4-573f-a0dd-4a503bf7f766
2678,1788945105,1390448,14,29,0,0,2678,0,2314414,3085520,4fa33dcb-5f76-5f76-aea8-330df7ada03e,4fa33dcb-5f76-5f76-aea8-330df7ada03e
2679,1788945134,1390448,14,29,0,0,2679,0,2315277,3086673,6ede00d0-baf4-573f-a0dd-4a503bf7f766,6ede00d0-baf4-573f-a0dd-4a503bf7f766
2680,1788945162,1390448,14,29,0,0,2680,0,2316144,3087827,4fa33dcb-5f76-5f76-aea8-330df7ada03e,4fa33dcb-5f76-5f76-aea8-330df7ada03e
2681,1788945191,1390448,14,29,0,0,2681,0,2317008,3088980,6ede00d0-baf4-573f-a0dd-4a503bf7f766,6ede00d0-baf4-573f-a0dd-4a503bf7f766
2682,1788945220,1390452,14,29,0,0,2682,0,2317871,3090130,4fa33dcb-5f76-5f76-aea8-330df7ada03e,4fa33dcb-5f76-5f76-aea8-330df7ada03e
2683,1788945249,1390456,14,29,0,0,2683,0,2318736,3091283,6ede00d0-baf4-573f-a0dd-4a503bf7f766,6ede00d0-baf4-573f-a0dd-4a503bf7f766
2684,1788945278,1390456,14,29,0,0,2684,0,2319599,3092434,4fa33dcb-5f76-5f76-aea8-330df7ada03e,4fa33dcb-5f76-5f76-aea8-330df7ada03e
2685,1788945306,1390456,14,29,0,0,2685,0,2320466,3093590,6ede00d0-baf4-573f-a0dd-4a503bf7f766,6ede00d0-baf4-573f-a0dd-4a503bf7f766
2686,1788945335,1390456,14,29,0,0,2686,0,2321330,3094741,4fa33dcb-5f76-5f76-aea8-330df7ada03e,4fa33dcb-5f76-5f76-aea8-330df7ada03e
2687,1788945364,1390456,14,29,0,0,2687,0,2322194,3095893,6ede00d0-baf4-573f-a0dd-4a503bf7f766,6ede00d0-baf4-573f-a0dd-4a503bf7f766
2688,1788945393,1390456,14,29,0,0,2688,0,2323058,3097044,4fa33dcb-5f76-5f76-aea8-330df7ada03e,4fa33dcb-5f76-5f76-aea8-330df7ada03e
2689,1788945422,1390456,14,29,0,0,2689,0,2323921,3098197,6ede00d0-baf4-573f-a0dd-4a503bf7f766,6ede00d0-baf4-573f-a0dd-4a503bf7f766
2690,1788945450,1390456,14,29,0,0,2690,0,2324788,3099351,4fa33dcb-5f76-5f76-aea8-330df7ada03e,4fa33dcb-5f76-5f76-aea8-330df7ada03e
2691,1788945479,1390456,14,29,0,0,2691,0,2325652,3100503,6ede00d0-baf4-573f-a0dd-4a503bf7f766,6ede00d0-baf4-573f-a0dd-4a503bf7f766
2692,1788945508,1390456,14,29,0,0,2692,0,2326516,3101653,4fa33dcb-5f76-5f76-aea8-330df7ada03e,4fa33dcb-5f76-5f76-aea8-330df7ada03e
2693,1788945537,1390460,14,29,0,0,2693,0,2327380,3102806,6ede00d0-baf4-573f-a0dd-4a503bf7f766,6ede00d0-baf4-573f-a0dd-4a503bf7f766
2694,1788945566,1390460,14,29,0,0,2694,0,2328244,3103957,4fa33dcb-5f76-5f76-aea8-330df7ada03e,4fa33dcb-5f76-5f76-aea8-330df7ada03e
2695,1788945594,1390460,14,29,0,0,2695,0,2329110,3105113,6ede00d0-baf4-573f-a0dd-4a503bf7f766,6ede00d0-baf4-573f-a0dd-4a503bf7f766
2696,1788945623,1390460,14,29,0,0,2696,0,2329974,3106264,4fa33dcb-5f76-5f76-aea8-330df7ada03e,4fa33dcb-5f76-5f76-aea8-330df7ada03e
2697,1788945652,1390460,14,29,0,0,2697,0,2330839,3107417,6ede00d0-baf4-573f-a0dd-4a503bf7f766,6ede00d0-baf4-573f-a0dd-4a503bf7f766
2698,1788945681,1390460,14,29,0,0,2698,0,2331703,3108568,4fa33dcb-5f76-5f76-aea8-330df7ada03e,4fa33dcb-5f76-5f76-aea8-330df7ada03e
2699,1788945710,1390460,14,29,0,0,2699,0,2332567,3109721,6ede00d0-baf4-573f-a0dd-4a503bf7f766,6ede00d0-baf4-573f-a0dd-4a503bf7f766
2700,1788945738,1390460,14,29,0,0,2700,0,2333433,3110875,4fa33dcb-5f76-5f76-aea8-330df7ada03e,4fa33dcb-5f76-5f76-aea8-330df7ada03e
2701,1788945767,1390460,14,29,0,0,2701,0,2334297,3112028,6ede00d0-baf4-573f-a0dd-4a503bf7f766,6ede00d0-baf4-573f-a0dd-4a503bf7f766
2702,1788945796,1390460,14,29,0,0,2702,0,2335161,3113178,4fa33dcb-5f76-5f76-aea8-330df7ada03e,4fa33dcb-5f76-5f76-aea8-330df7ada03e
2703,1788945825,1390460,14,29,0,0,2703,0,2336025,3114332,6ede00d0-baf4-573f-a0dd-4a503bf7f766,6ede00d0-baf4-573f-a0dd-4a503bf7f766
2704,1788945854,1390460,14,29,0,0,2704,0,2336889,3115482,4fa33dcb-5f76-5f76-aea8-330df7ada03e,4fa33dcb-5f76-5f76-aea8-330df7ada03e
2705,1788945882,1390460,14,29,0,0,2705,0,2337755,3116638,6ede00d0-baf4-573f-a0dd-4a503bf7f766,6ede00d0-baf4-573f-a0dd-4a503bf7f766
2706,1788945911,1390460,14,29,0,0,2706,0,2338619,3117789,4fa33dcb-5f76-5f76-aea8-330df7ada03e,4fa33dcb-5f76-5f76-aea8-330df7ada03e
2707,1788945940,1390460,14,29,0,0,2707,0,2339482,3118941,6ede00d0-baf4-573f-a0dd-4a503bf7f766,6ede00d0-baf4-573f-a0dd-4a503bf7f766
2708,1788945969,1390460,14,29,0,0,2708,0,2340347,3120092,4fa33dcb-5f76-5f76-aea8-330df7ada03e,4fa33dcb-5f76-5f76-aea8-330df7ada03e
2709,1788945998,1390460,14,29,0,0,2709,0,2341211,3121245,6ede00d0-baf4-573f-a0dd-4a503bf7f766,6ede00d0-baf4-573f-a0dd-4a503bf7f766
2710,1788946026,1390464,14,29,0,0,2710,0,2342077,3122398,4fa33dcb-5f76-5f76-aea8-330df7ada03e,4fa33dcb-5f76-5f76-aea8-330df7ada03e
2711,1788946055,1390464,14,29,0,0,2711,0,2342941,3123551,6ede00d0-baf4-573f-a0dd-4a503bf7f766,6ede00d0-baf4-573f-a0dd-4a503bf7f766
2712,1788946084,1390464,14,29,0,0,2712,0,2343804,3124701,4fa33dcb-5f76-5f76-aea8-330df7ada03e,4fa33dcb-5f76-5f76-aea8-330df7ada03e
2713,1788946113,1390464,14,29,0,0,2713,0,2344669,3125855,6ede00d0-baf4-573f-a0dd-4a503bf7f766,6ede00d0-baf4-573f-a0dd-4a503bf7f766
2714,1788946142,1390464,14,29,0,0,2714,0,2345533,3127005,4fa33dcb-5f76-5f76-aea8-330df7ada03e,4fa33dcb-5f76-5f76-aea8-330df7ada03e
2715,1788946170,1390464,14,29,0,0,2715,0,2346399,3128162,6ede00d0-baf4-573f-a0dd-4a503bf7f766,6ede00d0-baf4-573f-a0dd-4a503bf7f766
2716,1788946199,1390464,14,29,0,0,2716,0,2347263,3129312,4fa33dcb-5f76-5f76-aea8-330df7ada03e,4fa33dcb-5f76-5f76-aea8-330df7ada03e
2717,1788946228,1390504,14,29,0,0,2717,0,2348126,3130464,6ede00d0-baf4-573f-a0dd-4a503bf7f766,6ede00d0-baf4-573f-a0dd-4a503bf7f766
2718,1788946257,1396092,14,29,0,0,2718,0,2348991,3131616,4fa33dcb-5f76-5f76-aea8-330df7ada03e,4fa33dcb-5f76-5f76-aea8-330df7ada03e
2719,1788946286,1396092,14,29,0,0,2719,0,2349855,3132768,6ede00d0-baf4-573f-a0dd-4a503bf7f766,6ede00d0-baf4-573f-a0dd-4a503bf7f766
2720,1788946314,1396092,14,29,0,0,2720,0,2350721,3133922,4fa33dcb-5f76-5f76-aea8-330df7ada03e,4fa33dcb-5f76-5f76-aea8-330df7ada03e
2721,1788946343,1396092,14,29,0,0,2721,0,2351585,3135076,6ede00d0-baf4-573f-a0dd-4a503bf7f766,6ede00d0-baf4-573f-a0dd-4a503bf7f766
2722,1788946372,1396092,14,29,0,0,2722,0,2352449,3136226,4fa33dcb-5f76-5f76-aea8-330df7ada03e,4fa33dcb-5f76-5f76-aea8-330df7ada03e
2723,1788946401,1396092,14,29,0,0,2723,0,2353313,3137379,6ede00d0-baf4-573f-a0dd-4a503bf7f766,6ede00d0-baf4-573f-a0dd-4a503bf7f766
2724,1788946429,1396092,14,29,0,0,2724,0,2354177,3138530,4fa33dcb-5f76-5f76-aea8-330df7ada03e,4fa33dcb-5f76-5f76-aea8-330df7ada03e
2725,1788946458,1396092,14,29,0,0,2725,0,2355044,3139686,6ede00d0-baf4-573f-a0dd-4a503bf7f766,6ede00d0-baf4-573f-a0dd-4a503bf7f766
2726,1788946487,1396092,14,29,0,0,2726,0,2355908,3140837,4fa33dcb-5f76-5f76-aea8-330df7ada03e,4fa33dcb-5f76-5f76-aea8-330df7ada03e
2727,1788946516,1396096,14,29,0,0,2727,0,2356772,3141990,6ede00d0-baf4-573f-a0dd-4a503bf7f766,6ede00d0-baf4-573f-a0dd-4a503bf7f766
2728,1788946545,1396096,14,29,0,0,2728,0,2357636,3143141,4fa33dcb-5f76-5f76-aea8-330df7ada03e,4fa33dcb-5f76-5f76-aea8-330df7ada03e
2729,1788946574,1396096,14,29,0,0,2729,0,2358500,3144294,6ede00d0-baf4-573f-a0dd-4a503bf7f766,6ede00d0-baf4-573f-a0dd-4a503bf7f766
2730,1788946602,1401724,14,29,0,0,2730,0,2359369,3145451,4fa33dcb-5f76-5f76-aea8-330df7ada03e,4fa33dcb-5f76-5f76-aea8-330df7ada03e
2731,1788946631,1401724,14,29,0,0,2731,0,2360233,3146604,6ede00d0-baf4-573f-a0dd-4a503bf7f766,6ede00d0-baf4-573f-a0dd-4a503bf7f766
2732,1788946660,1401724,14,29,0,0,2732,0,2361097,3147755,4fa33dcb-5f76-5f76-aea8-330df7ada03e,4fa33dcb-5f76-5f76-aea8-330df7ada03e
2733,1788946689,1401724,14,29,0,0,2733,0,2361961,3148908,6ede00d0-baf4-573f-a0dd-4a503bf7f766,6ede00d0-baf4-573f-a0dd-4a503bf7f766
2734,1788946718,1401724,14,29,0,0,2734,0,2362825,3150058,4fa33dcb-5f76-5f76-aea8-330df7ada03e,4fa33dcb-5f76-5f76-aea8-330df7ada03e
2735,1788946746,1401724,14,29,0,0,2735,0,2363692,3151215,6ede00d0-baf4-573f-a0dd-4a503bf7f766,6ede00d0-baf4-573f-a0dd-4a503bf7f766
2736,1788946775,1401724,14,29,0,0,2736,0,2364556,3152366,4fa33dcb-5f76-5f76-aea8-330df7ada03e,4fa33dcb-5f76-5f76-aea8-330df7ada03e
2737,1788946804,1401724,14,29,0,0,2737,0,2365420,3153519,6ede00d0-baf4-573f-a0dd-4a503bf7f766,6ede00d0-baf4-573f-a0dd-4a503bf7f766
2738,1788946833,1401724,14,29,0,0,2738,0,2366283,3154669,4fa33dcb-5f76-5f76-aea8-330df7ada03e,4fa33dcb-5f76-5f76-aea8-330df7ada03e
2739,1788946862,1401724,14,29,0,0,2739,0,2367147,3155822,6ede00d0-baf4-573f-a0dd-4a503bf7f766,6ede00d0-baf4-573f-a0dd-4a503bf7f766
2740,1788946890,1401724,14,29,0,0,2740,0,2368014,3156976,4fa33dcb-5f76-5f76-aea8-330df7ada03e,4fa33dcb-5f76-5f76-aea8-330df7ada03e
2741,1788946919,1401724,14,29,0,0,2741,0,2368878,3158129,6ede00d0-baf4-573f-a0dd-4a503bf7f766,6ede00d0-baf4-573f-a0dd-4a503bf7f766
2742,1788946948,1401724,14,29,0,0,2742,0,2369742,3159280,4fa33dcb-5f76-5f76-aea8-330df7ada03e,4fa33dcb-5f76-5f76-aea8-330df7ada03e
2743,1788946977,1401724,14,29,0,0,2743,0,2370606,3160433,6ede00d0-baf4-573f-a0dd-4a503bf7f766,6ede00d0-baf4-573f-a0dd-4a503bf7f766
2744,1788947006,1401728,14,29,0,0,2744,0,2371470,3161583,4fa33dcb-5f76-5f76-aea8-330df7ada03e,4fa33dcb-5f76-5f76-aea8-330df7ada03e
2745,1788947034,1401728,14,29,0,0,2745,0,2372337,3162740,6ede00d0-baf4-573f-a0dd-4a503bf7f766,6ede00d0-baf4-573f-a0dd-4a503bf7f766
2746,1788947063,1401728,14,29,0,0,2746,0,2373201,3163891,4fa33dcb-5f76-5f76-aea8-330df7ada03e,4fa33dcb-5f76-5f76-aea8-330df7ada03e
2747,1788947092,1401728,14,29,0,0,2747,0,2374065,3165044,6ede00d0-baf4-573f-a0dd-4a503bf7f766,6ede00d0-baf4-573f-a0dd-4a503bf7f766
2748,1788947121,1401728,14,29,0,0,2748,0,2374929,3166194,4fa33dcb-5f76-5f76-aea8-330df7ada03e,4fa33dcb-5f76-5f76-aea8-330df7ada03e
2749,1788947150,1401728,14,29,0,0,2749,0,2375793,3167348,6ede00d0-baf4-573f-a0dd-4a503bf7f766,6ede00d0-baf4-573f-a0dd-4a503bf7f766
2750,1788947178,1401728,14,29,0,0,2750,0,2376659,3168502,4fa33dcb-5f76-5f76-aea8-330df7ada03e,4fa33dcb-5f76-5f76-aea8-330df7ada03e
2751,1788947207,1401728,14,29,0,0,2751,0,2377524,3169656,6ede00d0-baf4-573f-a0dd-4a503bf7f766,6ede00d0-baf4-573f-a0dd-4a503bf7f766
2752,1788947236,1401728,14,29,0,0,2752,0,2378388,3170806,4fa33dcb-5f76-5f76-aea8-330df7ada03e,4fa33dcb-5f76-5f76-aea8-330df7ada03e
2753,1788947265,1401728,14,29,0,0,2753,0,2379252,3171959,6ede00d0-baf4-573f-a0dd-4a503bf7f766,6ede00d0-baf4-573f-a0dd-4a503bf7f766
2754,1788947294,1401728,14,29,0,0,2754,0,2380116,3173110,4fa33dcb-5f76-5f76-aea8-330df7ada03e,4fa33dcb-5f76-5f76-aea8-330df7ada03e
2755,1788947323,1401728,14,29,0,0,2755,0,2380983,3174266,6ede00d0-baf4-573f-a0dd-4a503bf7f766,6ede00d0-baf4-573f-a0dd-4a503bf7f766
2756,1788947351,1401736,14,29,0,0,2756,0,2381848,3175419,4fa33dcb-5f76-5f76-aea8-330df7ada03e,4fa33dcb-5f76-5f76-aea8-330df7ada03e
2757,1788947380,1401736,14,29,0,0,2757,0,2382712,3176572,6ede00d0-baf4-573f-a0dd-4a503bf7f766,6ede00d0-baf4-573f-a0dd-4a503bf7f766
2758,1788947409,1401736,14,29,0,0,2758,0,2383576,3177722,4fa33dcb-5f76-5f76-aea8-330df7ada03e,4fa33dcb-5f76-5f76-aea8-330df7ada03e
2759,1788947438,1401736,14,29,0,0,2759,0,2384440,3178875,6ede00d0-baf4-573f-a0dd-4a503bf7f766,6ede00d0-baf4-573f-a0dd-4a503bf7f766
2760,1788947467,1401736,14,29,0,0,2760,0,2385306,3180029,4fa33dcb-5f76-5f76-aea8-330df7ada03e,4fa33dcb-5f76-5f76-aea8-330df7ada03e
2761,1788947495,1401736,14,29,0,0,2761,0,2386170,3181182,6ede00d0-baf4-573f-a0dd-4a503bf7f766,6ede00d0-baf4-573f-a0dd-4a503bf7f766
2762,1788947524,1401736,14,29,0,0,2762,0,2387033,3182333,4fa33dcb-5f76-5f76-aea8-330df7ada03e,4fa33dcb-5f76-5f76-aea8-330df7ada03e
2763,1788947553,1401736,14,29,0,0,2763,0,2387897,3183486,6ede00d0-baf4-573f-a0dd-4a503bf7f766,6ede00d0-baf4-573f-a0dd-4a503bf7f766
2764,1788947582,1401736,14,29,0,0,2764,0,2388761,3184636,4fa33dcb-5f76-5f76-aea8-330df7ada03e,4fa33dcb-5f76-5f76-aea8-330df7ada03e
2765,1788947611,1401736,14,29,0,0,2765,0,2389627,3185792,6ede00d0-baf4-573f-a0dd-4a503bf7f766,6ede00d0-baf4-573f-a0dd-4a503bf7f766
2766,1788947639,1401736,14,29,0,0,2766,0,2390491,3186943,4fa33dcb-5f76-5f76-aea8-330df7ada03e,4fa33dcb-5f76-5f76-aea8-330df7ada03e
2767,1788947668,1401736,14,29,0,0,2767,0,2391355,3188096,6ede00d0-baf4-573f-a0dd-4a503bf7f766,6ede00d0-baf4-573f-a0dd-4a503bf7f766
2768,1788947697,1401736,14,29,0,0,2768,0,2392219,3189246,4fa33dcb-5f76-5f76-aea8-330df7ada03e,4fa33dcb-5f76-5f76-aea8-330df7ada03e
2769,1788947726,1401736,14,29,0,0,2769,0,2393083,3190400,6ede00d0-baf4-573f-a0dd-4a503bf7f766,6ede00d0-baf4-573f-a0dd-4a503bf7f766
2770,1788947755,1401736,14,29,0,0,2770,0,2393950,3191554,4fa33dcb-5f76-5f76-aea8-330df7ada03e,4fa33dcb-5f76-5f76-aea8-330df7ada03e
2771,1788947783,1401736,14,29,0,0,2771,0,2394814,3192707,6ede00d0-baf4-573f-a0dd-4a503bf7f766,6ede00d0-baf4-573f-a0dd-4a503bf7f766
2772,1788947812,1401736,14,29,0,0,2772,0,2395678,3193857,4fa33dcb-5f76-5f76-aea8-330df7ada03e,4fa33dcb-5f76-5f76-aea8-330df7ada03e
2773,1788947841,1401736,14,29,0,0,2773,0,2396542,3195010,6ede00d0-baf4-573f-a0dd-4a503bf7f766,6ede00d0-baf4-573f-a0dd-4a503bf7f766
2774,1788947870,1401736,14,29,0,0,2774,0,2397406,3196161,4fa33dcb-5f76-5f76-aea8-330df7ada03e,4fa33dcb-5f76-5f76-aea8-330df7ada03e
2775,1788947899,1401736,14,29,0,0,2775,0,2398272,3197317,6ede00d0-baf4-573f-a0dd-4a503bf7f766,6ede00d0-baf4-573f-a0dd-4a503bf7f766
2776,1788947927,1401736,14,29,0,0,2776,0,2399137,3198468,4fa33dcb-5f76-5f76-aea8-330df7ada03e,4fa33dcb-5f76-5f76-aea8-330df7ada03e
2777,1788947956,1401736,14,29,0,0,2777,0,2400000,3199621,6ede00d0-baf4-573f-a0dd-4a503bf7f766,6ede00d0-baf4-573f-a0dd-4a503bf7f766
2778,1788947985,1401736,14,29,0,0,2778,0,2400864,3200771,4fa33dcb-5f76-5f76-aea8-330df7ada03e,4fa33dcb-5f76-5f76-aea8-330df7ada03e
2779,1788948014,1401736,14,29,0,0,2779,0,2401729,3201926,6ede00d0-baf4-573f-a0dd-4a503bf7f766,6ede00d0-baf4-573f-a0dd-4a503bf7f766
2780,1788948043,1401736,14,29,0,0,2780,0,2402595,3203080,4fa33dcb-5f76-5f76-aea8-330df7ada03e,4fa33dcb-5f76-5f76-aea8-330df7ada03e
2781,1788948071,1401736,14,29,0,0,2781,0,2403459,3204232,6ede00d0-baf4-573f-a0dd-4a503bf7f766,6ede00d0-baf4-573f-a0dd-4a503bf7f766
2782,1788948100,1401736,14,29,0,0,2782,0,2404323,3205383,4fa33dcb-5f76-5f76-aea8-330df7ada03e,4fa33dcb-5f76-5f76-aea8-330df7ada03e
2783,1788948129,1401736,14,29,0,0,2783,0,2405187,3206535,6ede00d0-baf4-573f-a0dd-4a503bf7f766,6ede00d0-baf4-573f-a0dd-4a503bf7f766
2784,1788948158,1401736,14,29,0,0,2784,0,2406051,3207686,4fa33dcb-5f76-5f76-aea8-330df7ada03e,4fa33dcb-5f76-5f76-aea8-330df7ada03e
2785,1788948187,1401736,14,29,0,0,2785,0,2406917,3208842,6ede00d0-baf4-573f-a0dd-4a503bf7f766,6ede00d0-baf4-573f-a0dd-4a503bf7f766
2786,1788948215,1401736,14,29,0,0,2786,0,2407782,3209994,4fa33dcb-5f76-5f76-aea8-330df7ada03e,4fa33dcb-5f76-5f76-aea8-330df7ada03e
2787,1788948244,1401736,14,29,0,0,2787,0,2408645,3211146,6ede00d0-baf4-573f-a0dd-4a503bf7f766,6ede00d0-baf4-573f-a0dd-4a503bf7f766
2788,1788948273,1401736,14,29,0,0,2788,0,2409509,3212297,4fa33dcb-5f76-5f76-aea8-330df7ada03e,4fa33dcb-5f76-5f76-aea8-330df7ada03e
2789,1788948302,1401736,14,29,0,0,2789,0,2410373,3213449,6ede00d0-baf4-573f-a0dd-4a503bf7f766,6ede00d0-baf4-573f-a0dd-4a503bf7f766
2790,1788948330,1401736,14,29,0,0,2790,0,2411239,3214603,4fa33dcb-5f76-5f76-aea8-330df7ada03e,4fa33dcb-5f76-5f76-aea8-330df7ada03e
2791,1788948359,1401736,14,29,0,0,2791,0,2412103,3215756,6ede00d0-baf4-573f-a0dd-4a503bf7f766,6ede00d0-baf4-573f-a0dd-4a503bf7f766
2792,1788948388,1401736,14,29,0,0,2792,0,2412967,3216906,4fa33dcb-5f76-5f76-aea8-330df7ada03e,4fa33dcb-5f76-5f76-aea8-330df7ada03e
2793,1788948417,1401736,14,29,0,0,2793,0,2413831,3218059,6ede00d0-baf4-573f-a0dd-4a503bf7f766,6ede00d0-baf4-573f-a0dd-4a503bf7f766
2794,1788948446,1401736,14,29,0,0,2794,0,2414695,3219210,4fa33dcb-5f76-5f76-aea8-330df7ada03e,4fa33dcb-5f76-5f76-aea8-330df7ada03e
2795,1788948475,1401736,14,29,0,0,2795,0,2415562,3220367,6ede00d0-baf4-573f-a0dd-4a503bf7f766,6ede00d0-baf4-573f-a0dd-4a503bf7f766
2796,1788948503,1401736,14,29,0,0,2796,0,2416426,3221517,4fa33dcb-5f76-5f76-aea8-330df7ada03e,4fa33dcb-5f76-5f76-aea8-330df7ada03e
2797,1788948532,1401736,14,29,0,0,2797,0,2417290,3222670,6ede00d0-baf4-573f-a0dd-4a503bf7f766,6ede00d0-baf4-573f-a0dd-4a503bf7f766
2798,1788948561,1401736,14,29,0,0,2798,0,2418154,3223821,4fa33dcb-5f76-5f76-aea8-330df7ada03e,4fa33dcb-5f76-5f76-aea8-330df7ada03e
2799,1788948590,1401736,14,29,0,0,2799,0,2419018,3224974,6ede00d0-baf4-573f-a0dd-4a503bf7f766,6ede00d0-baf4-573f-a0dd-4a503bf7f766
2800,1788948619,1401736,14,29,0,0,2800,0,2419885,3226129,4fa33dcb-5f76-5f76-aea8-330df7ada03e,4fa33dcb-5f76-5f76-aea8-330df7ada03e
2801,1788948647,1401736,14,29,0,0,2801,0,2420749,3227282,6ede00d0-baf4-573f-a0dd-4a503bf7f766,6ede00d0-baf4-573f-a0dd-4a503bf7f766
2802,1788948676,1401736,14,29,0,0,2802,0,2421613,3228433,4fa33dcb-5f76-5f76-aea8-330df7ada03e,4fa33dcb-5f76-5f76-aea8-330df7ada03e
2803,1788948705,1401736,14,29,0,0,2803,0,2422477,3229586,6ede00d0-baf4-573f-a0dd-4a503bf7f766,6ede00d0-baf4-573f-a0dd-4a503bf7f766
2804,1788948734,1401736,14,29,0,0,2804,0,2423341,3230736,4fa33dcb-5f76-5f76-aea8-330df7ada03e,4fa33dcb-5f76-5f76-aea8-330df7ada03e
2805,1788948763,1401736,14,29,0,0,2805,0,2424208,3231893,6ede00d0-baf4-573f-a0dd-4a503bf7f766,6ede00d0-baf4-573f-a0dd-4a503bf7f766
2806,1788948791,1401736,14,29,0,0,2806,0,2425071,3233043,4fa33dcb-5f76-5f76-aea8-330df7ada03e,4fa33dcb-5f76-5f76-aea8-330df7ada03e
2807,1788948820,1401736,14,29,0,0,2807,0,2425935,3234196,6ede00d0-baf4-573f-a0dd-4a503bf7f766,6ede00d0-baf4-573f-a0dd-4a503bf7f766
2808,1788948849,1401736,14,29,0,0,2808,0,2426799,3235347,4fa33dcb-5f76-5f76-aea8-330df7ada03e,4fa33dcb-5f76-5f76-aea8-330df7ada03e
2809,1788948878,1401736,14,29,0,0,2809,0,2427663,3236500,6ede00d0-baf4-573f-a0dd-4a503bf7f766,6ede00d0-baf4-573f-a0dd-4a503bf7f766
2810,1788948907,1401736,14,29,0,0,2810,0,2428530,3237654,4fa33dcb-5f76-5f76-aea8-330df7ada03e,4fa33dcb-5f76-5f76-aea8-330df7ada03e
2811,1788948935,1401736,14,29,0,0,2811,0,2429394,3238806,6ede00d0-baf4-573f-a0dd-4a503bf7f766,6ede00d0-baf4-573f-a0dd-4a503bf7f766
2812,1788948964,1401736,14,29,0,0,2812,0,2430258,3239957,4fa33dcb-5f76-5f76-aea8-330df7ada03e,4fa33dcb-5f76-5f76-aea8-330df7ada03e
2813,1788948993,1401736,14,29,0,0,2813,0,2431121,3241110,6ede00d0-baf4-573f-a0dd-4a503bf7f766,6ede00d0-baf4-573f-a0dd-4a503bf7f766
2814,1788949022,1401736,14,29,0,0,2814,0,2431986,3242261,4fa33dcb-5f76-5f76-aea8-330df7ada03e,4fa33dcb-5f76-5f76-aea8-330df7ada03e
2815,1788949051,1401736,14,29,0,0,2815,0,2432852,3243417,6ede00d0-baf4-573f-a0dd-4a503bf7f766,6ede00d0-baf4-573f-a0dd-4a503bf7f766
2816,1788949079,1401736,14,29,0,0,2816,0,2433716,3244568,4fa33dcb-5f76-5f76-aea8-330df7ada03e,4fa33dcb-5f76-5f76-aea8-330df7ada03e
2817,1788949108,1401736,14,29,0,0,2817,0,2434581,3245722,6ede00d0-baf4-573f-a0dd-4a503bf7f766,6ede00d0-baf4-573f-a0dd-4a503bf7f766
2818,1788949137,1401736,14,29,0,0,2818,0,2435445,3246872,4fa33dcb-5f76-5f76-aea8-330df7ada03e,4fa33dcb-5f76-5f76-aea8-330df7ada03e
2819,1788949166,1401736,14,29,0,0,2819,0,2436308,3248025,6ede00d0-baf4-573f-a0dd-4a503bf7f766,6ede00d0-baf4-573f-a0dd-4a503bf7f766
2820,1788949195,1401736,14,29,0,0,2820,0,2437175,3249179,4fa33dcb-5f76-5f76-aea8-330df7ada03e,4fa33dcb-5f76-5f76-aea8-330df7ada03e
2821,1788949223,1401736,14,29,0,0,2821,0,2438038,3250331,6ede00d0-baf4-573f-a0dd-4a503bf7f766,6ede00d0-baf4-573f-a0dd-4a503bf7f766
2822,1788949252,1401736,14,29,0,0,2822,0,2438903,3251482,4fa33dcb-5f76-5f76-aea8-330df7ada03e,4fa33dcb-5f76-5f76-aea8-330df7ada03e
2823,1788949281,1401736,14,29,0,0,2823,0,2439766,3252634,6ede00d0-baf4-573f-a0dd-4a503bf7f766,6ede00d0-baf4-573f-a0dd-4a503bf7f766
2824,1788949310,1401736,14,29,0,0,2824,0,2440630,3253785,4fa33dcb-5f76-5f76-aea8-330df7ada03e,4fa33dcb-5f76-5f76-aea8-330df7ada03e
2825,1788949339,1401736,14,29,0,0,2825,0,2441497,3254941,6ede00d0-baf4-573f-a0dd-4a503bf7f766,6ede00d0-baf4-573f-a0dd-4a503bf7f766
2826,1788949367,1401736,14,29,0,0,2826,0,2442360,3256092,4fa33dcb-5f76-5f76-aea8-330df7ada03e,4fa33dcb-5f76-5f76-aea8-330df7ada03e
2827,1788949396,1401736,14,29,0,0,2827,0,2443224,3257245,6ede00d0-baf4-573f-a0dd-4a503bf7f766,6ede00d0-baf4-573f-a0dd-4a503bf7f766
2828,1788949425,1401736,14,29,0,0,2828,0,2444088,3258395,4fa33dcb-5f76-5f76-aea8-330df7ada03e,4fa33dcb-5f76-5f76-aea8-330df7ada03e
2829,1788949454,1401744,14,29,0,0,2829,0,2444953,3259549,6ede00d0-baf4-573f-a0dd-4a503bf7f766,6ede00d0-baf4-573f-a0dd-4a503bf7f766
2830,1788949482,1401744,14,29,0,0,2830,0,2445819,3260702,4fa33dcb-5f76-5f76-aea8-330df7ada03e,4fa33dcb-5f76-5f76-aea8-330df7ada03e
2831,1788949511,1401744,14,29,0,0,2831,0,2446683,3261855,6ede00d0-baf4-573f-a0dd-4a503bf7f766,6ede00d0-baf4-573f-a0dd-4a503bf7f766
2832,1788949540,1401744,14,29,0,0,2832,0,2447545,3263005,4fa33dcb-5f76-5f76-aea8-330df7ada03e,4fa33dcb-5f76-5f76-aea8-330df7ada03e
2833,1788949569,1401744,14,29,0,0,2833,0,2448409,3264158,6ede00d0-baf4-573f-a0dd-4a503bf7f766,6ede00d0-baf4-573f-a0dd-4a503bf7f766
2834,1788949598,1401744,14,29,0,0,2834,0,2449273,3265308,4fa33dcb-5f76-5f76-aea8-330df7ada03e,4fa33dcb-5f76-5f76-aea8-330df7ada03e
2835,1788949626,1401744,14,29,0,0,2835,0,2450139,3266465,6ede00d0-baf4-573f-a0dd-4a503bf7f766,6ede00d0-baf4-573f-a0dd-4a503bf7f766
2836,1788949655,1401744,14,29,0,0,2836,0,2451004,3267617,4fa33dcb-5f76-5f76-aea8-330df7ada03e,4fa33dcb-5f76-5f76-aea8-330df7ada03e
2837,1788949684,1401744,14,29,0,0,2837,0,2451869,3268770,6ede00d0-baf4-573f-a0dd-4a503bf7f766,6ede00d0-baf4-573f-a0dd-4a503bf7f766
2838,1788949713,1401744,14,29,0,0,2838,0,2452733,3269921,4fa33dcb-5f76-5f76-aea8-330df7ada03e,4fa33dcb-5f76-5f76-aea8-330df7ada03e
2839,1788949742,1401744,14,29,0,0,2839,0,2453597,3271074,6ede00d0-baf4-573f-a0dd-4a503bf7f766,6ede00d0-baf4-573f-a0dd-4a503bf7f766
2840,1788949771,1401744,14,29,0,0,2840,0,2454463,3272228,4fa33dcb-5f76-5f76-aea8-330df7ada03e,4fa33dcb-5f76-5f76-aea8-330df7ada03e
2841,1788949799,1401744,14,29,0,0,2841,0,2455327,3273381,6ede00d0-baf4-573f-a0dd-4a503bf7f766,6ede00d0-baf4-573f-a0dd-4a503bf7f766
2842,1788949828,1401744,14,29,0,0,2842,0,2456191,3274532,4fa33dcb-5f76-5f76-aea8-330df7ada03e,4fa33dcb-5f76-5f76-aea8-330df7ada03e
2843,1788949857,1401744,14,29,0,0,2843,0,2457056,3275685,6ede00d0-baf4-573f-a0dd-4a503bf7f766,6ede00d0-baf4-573f-a0dd-4a503bf7f766
2844,1788949886,1401744,14,29,0,0,2844,0,2457920,3276836,4fa33dcb-5f76-5f76-aea8-330df7ada03e,4fa33dcb-5f76-5f76-aea8-330df7ada03e
2845,1788949915,1401744,14,29,0,0,2845,0,2458786,3277992,6ede00d0-baf4-573f-a0dd-4a503bf7f766,6ede00d0-baf4-573f-a0dd-4a503bf7f766
2846,1788949943,1401744,14,29,0,0,2846,0,2459650,3279143,4fa33dcb-5f76-5f76-aea8-330df7ada03e,4fa33dcb-5f76-5f76-aea8-330df7ada03e
2847,1788949972,1401744,14,29,0,0,2847,0,2460514,3280295,6ede00d0-baf4-573f-a0dd-4a503bf7f766,6ede00d0-baf4-573f-a0dd-4a503bf7f766
2848,1788950001,1401744,14,29,0,0,2848,0,2461378,3281446,4fa33dcb-5f76-5f76-aea8-330df7ada03e,4fa33dcb-5f76-5f76-aea8-330df7ada03e
2849,1788950030,1401744,14,29,0,0,2849,0,2462242,3282599,6ede00d0-baf4-573f-a0dd-4a503bf7f766,6ede00d0-baf4-573f-a0dd-4a503bf7f766
2850,1788950058,1401744,14,29,0,0,2850,0,2463108,3283753,4fa33dcb-5f76-5f76-aea8-330df7ada03e,4fa33dcb-5f76-5f76-aea8-330df7ada03e
2851,1788950087,1401744,14,29,0,0,2851,0,2463972,3284905,6ede00d0-baf4-573f-a0dd-4a503bf7f766,6ede00d0-baf4-573f-a0dd-4a503bf7f766
2852,1788950116,1401744,14,29,0,0,2852,0,2464836,3286056,4fa33dcb-5f76-5f76-aea8-330df7ada03e,4fa33dcb-5f76-5f76-aea8-330df7ada03e
2853,1788950145,1401744,14,29,0,0,2853,0,2465700,3287209,6ede00d0-baf4-573f-a0dd-4a503bf7f766,6ede00d0-baf4-573f-a0dd-4a503bf7f766
2854,1788950174,1401744,14,29,0,0,2854,0,2466563,3288359,4fa33dcb-5f76-5f76-aea8-330df7ada03e,4fa33dcb-5f76-5f76-aea8-330df7ada03e
2855,1788950202,1401744,14,29,0,0,2855,0,2467430,3289515,6ede00d0-baf4-573f-a0dd-4a503bf7f766,6ede00d0-baf4-573f-a0dd-4a503bf7f766
2856,1788950231,1401744,14,29,0,0,2856,0,2468294,3290666,4fa33dcb-5f76-5f76-aea8-330df7ada03e,4fa33dcb-5f76-5f76-aea8-330df7ada03e
2857,1788950260,1401744,14,29,0,0,2857,0,2469158,3291820,6ede00d0-baf4-573f-a0dd-4a503bf7f766,6ede00d0-baf4-573f-a0dd-4a503bf7f766
2858,1788950289,1401744,14,29,0,0,2858,0,2470022,3292970,4fa33dcb-5f76-5f76-aea8-330df7ada03e,4fa33dcb-5f76-5f76-aea8-330df7ada03e
2859,1788950318,1401744,14,29,0,0,2859,0,2470887,3294124,6ede00d0-baf4-573f-a0dd-4a503bf7f766,6ede00d0-baf4-573f-a0dd-4a503bf7f766
2860,1788950346,1401744,14,29,0,0,2860,0,2471753,3295278,4fa33dcb-5f76-5f76-aea8-330df7ada03e,4fa33dcb-5f76-5f76-aea8-330df7ada03e
2861,1788950375,1401744,14,29,0,0,2861,0,2472617,3296431,6ede00d0-baf4-573f-a0dd-4a503bf7f766,6ede00d0-baf4-573f-a0dd-4a503bf7f766
2862,1788950404,1401744,14,29,0,0,2862,0,2473481,3297581,4fa33dcb-5f76-5f76-aea8-330df7ada03e,4fa33dcb-5f76-5f76-aea8-330df7ada03e
2863,1788950433,1401744,14,29,0,0,2863,0,2474345,3298734,6ede00d0-baf4-573f-a0dd-4a503bf7f766,6ede00d0-baf4-573f-a0dd-4a503bf7f766
2864,1788950462,1401744,14,29,0,0,2864,0,2475209,3299885,4fa33dcb-5f76-5f76-aea8-330df7ada03e,4fa33dcb-5f76-5f76-aea8-330df7ada03e
2865,1788950491,1401744,14,29,0,0,2865,0,2476076,3301042,6ede00d0-baf4-573f-a0dd-4a503bf7f766,6ede00d0-baf4-573f-a0dd-4a503bf7f766
2866,1788950519,1401744,14,29,0,0,2866,0,2476940,3302192,4fa33dcb-5f76-5f76-aea8-330df7ada03e,4fa33dcb-5f76-5f76-aea8-330df7ada03e
2867,1788950548,1401744,14,29,0,0,2867,0,2477804,3303346,6ede00d0-baf4-573f-a0dd-4a503bf7f766,6ede00d0-baf4-573f-a0dd-4a503bf7f766
2868,1788950577,1401748,14,29,0,0,2868,0,2478668,3304496,4fa33dcb-5f76-5f76-aea8-330df7ada03e,4fa33dcb-5f76-5f76-aea8-330df7ada03e
2869,1788950606,1401748,14,29,0,0,2869,0,2479532,3305650,6ede00d0-baf4-573f-a0dd-4a503bf7f766,6ede00d0-baf4-573f-a0dd-4a503bf7f766
2870,1788950635,1401748,14,29,0,0,2870,0,2480399,3306804,4fa33dcb-5f76-5f76-aea8-330df7ada03e,4fa33dcb-5f76-5f76-aea8-330df7ada03e
2871,1788950663,1401748,14,29,0,0,2871,0,2481263,3307956,6ede00d0-baf4-573f-a0dd-4a503bf7f766,6ede00d0-baf4-573f-a0dd-4a503bf7f766
2872,1788950692,1401748,14,29,0,0,2872,0,2482127,3309107,4fa33dcb-5f76-5f76-aea8-330df7ada03e,4fa33dcb-5f76-5f76-aea8-330df7ada03e
2873,1788950721,1401748,14,29,0,0,2873,0,2482991,3310260,6ede00d0-baf4-573f-a0dd-4a503bf7f766,6ede00d0-baf4-573f-a0dd-4a503bf7f766
2874,1788950750,1401748,14,29,0,0,2874,0,2483855,3311410,4fa33dcb-5f76-5f76-aea8-330df7ada03e,4fa33dcb-5f76-5f76-aea8-330df7ada03e
2875,1788950779,1401748,14,29,0,0,2875,0,2484721,3312566,6ede00d0-baf4-573f-a0dd-4a503bf7f766,6ede00d0-baf4-573f-a0dd-4a503bf7f766
2876,1788950807,1401748,14,29,0,0,2876,0,2485585,3313717,4fa33dcb-5f76-5f76-aea8-330df7ada03e,4fa33dcb-5f76-5f76-aea8-330df7ada03e
2877,1788950836,1401748,14,29,0,0,2877,0,2486449,3314870,6ede00d0-baf4-573f-a0dd-4a503bf7f766,6ede00d0-baf4-573f-a0dd-4a503bf7f766
2878,1788950865,1401748,14,29,0,0,2878,0,2487313,3316020,4fa33dcb-5f76-5f76-aea8-330df7ada03e,4fa33dcb-5f76-5f76-aea8-330df7ada03e
2879,1788950894,1401748,14,29,0,0,2879,0,2488177,3317174,6ede00d0-baf4-573f-a0dd-4a503bf7f766,6ede00d0-baf4-573f-a0dd-4a503bf7f766
2880,1788950923,1401748,14,29,0,0,2880,0,2489044,3318327,4fa33dcb-5f76-5f76-aea8-330df7ada03e,4fa33dcb-5f76-5f76-aea8-330df7ada03e
