ts,run_rel_s,pid,VmSize_kb,VmRSS_kb,VmData_kb,VmPeak_kb,VmSwap_kb,RssAnon_kb,RssFile_kb,RssShmem_kb,Threads
1789633707,5880,2932474,2956576,1232928,1458080,3022112,0,1216484,16436,8,30
1789633709,5882,2932474,2956576,1232928,1458080,3022112,0,1216484,16436,8,30
1789633711,5884,2932474,2956576,1232928,1458080,3022112,0,1216484,16436,8,30
1789633713,5886,2932474,2956576,1232928,1458080,3022112,0,1216484,16436,8,30
1789633715,5888,2932474,2956576,1232928,1458080,3022112,0,1216484,16436,8,30
1789633717,5890,2932474,2956576,1232928,1458080,3022112,0,1216484,16436,8,30
1789633719,5892,2932474,2956576,1232928,1458080,3022112,0,1216484,16436,8,30
1789633721,5894,2932474,2956576,1232928,1458080,3022112,0,1216484,16436,8,30
1789633723,5896,2932474,2956576,1232928,1458080,3022112,0,1216484,16436,8,30
1789633725,5898,2932474,2956576,1232928,1458080,3022112,0,1216484,16436,8,30
1789633727,5900,2932474,2956576,1232928,1458080,3022112,0,1216484,16436,8,30
1789633729,5902,2932474,2956576,1232928,1458080,3022112,0,1216484,16436,8,30
1789633731,5904,2932474,2956576,1232928,1458080,3022112,0,1216484,16436,8,30
1789633733,5906,2932474,2956576,1232928,1458080,3022112,0,1216484,16436,8,30
1789633735,5908,2932474,2956576,1232928,1458080,3022112,0,1216484,16436,8,30
1789633737,5910,2932474,2956576,1232928,1458080,3022112,0,1216484,16436,8,30
1789633739,5912,2932474,2956576,1232928,1458080,3022112,0,1216484,16436,8,30
1789633741,5914,2932474,2956576,1232928,1458080,3022112,0,1216484,16436,8,30
1789633743,5916,2932474,2956576,1232928,1458080,3022112,0,1216484,16436,8,30
1789633745,5918,2932474,2956576,1232928,1458080,3022112,0,1216484,16436,8,30
1789633747,5920,2932474,2956576,1232928,1458080,3022112,0,1216484,16436,8,30
1789633749,5922,2932474,2956576,1232928,1458080,3022112,0,1216484,16436,8,30
1789633751,5924,2932474,2956576,1232928,1458080,3022112,0,1216484,16436,8,30
1789633753,5926,2932474,2956576,1232928,1458080,3022112,0,1216484,16436,8,30
1789633755,5928,2932474,2956576,1232928,1458080,3022112,0,1216484,16436,8,30
1789633757,5930,2932474,2956576,1232928,1458080,3022112,0,1216484,16436,8,30
1789633759,5932,2932474,2956576,1232928,1458080,3022112,0,1216484,16436,8,30
1789633761,5934,2932474,2956576,1232928,1458080,3022112,0,1216484,16436,8,30
1789633763,5936,2932474,2956576,1232928,1458080,3022112,0,1216484,16436,8,30
1789633765,5938,2932474,2956576,1232928,1458080,3022112,0,1216484,16436,8,30
1789633767,5940,2932474,2956576,1232928,1458080,3022112,0,1216484,16436,8,30
1789633769,5942,2932474,2956576,1232928,1458080,3022112,0,1216484,16436,8,30
1789633771,5944,2932474,2956576,1232928,1458080,3022112,0,1216484,16436,8,30
1789633773,5946,2932474,2956576,1232928,1458080,3022112,0,1216484,16436,8,30
1789633775,5948,2932474,2956576,1232928,1458080,3022112,0,1216484,16436,8,30
1789633777,5950,2932474,2956576,1232928,1458080,3022112,0,1216484,16436,8,30
1789633779,5952,2932474,2956576,1232928,1458080,3022112,0,1216484,16436,8,30
1789633781,5954,2932474,2956576,1232928,1458080,3022112,0,1216484,16436,8,30
1789633783,5956,2932474,2956576,1232928,1458080,3022112,0,1216484,16436,8,30
1789633785,5958,2932474,2956576,1232928,1458080,3022112,0,1216484,16436,8,30
1789633787,5960,2932474,2956576,1232928,1458080,3022112,0,1216484,16436,8,30
1789633789,5962,2932474,2956576,1232928,1458080,3022112,0,1216484,16436,8,30
1789633791,5964,2932474,2956576,1232928,1458080,3022112,0,1216484,16436,8,30
1789633793,5966,2932474,2956576,1232928,1458080,3022112,0,1216484,16436,8,30
1789633795,5968,2932474,2956576,1232928,1458080,3022112,0,1216484,16436,8,30
1789633797,5970,2932474,2956576,1232928,1458080,3022112,0,1216484,16436,8,30
1789633799,5972,2932474,2956576,1232928,1458080,3022112,0,1216484,16436,8,30
1789633801,5974,2932474,2956576,1232928,1458080,3022112,0,1216484,16436,8,30
1789633803,5976,2932474,2956576,1232928,1458080,3022112,0,1216484,16436,8,30
1789633805,5978,2932474,2956576,1232928,1458080,3022112,0,1216484,16436,8,30
1789633807,5980,2932474,2956576,1232928,1458080,3022112,0,1216484,16436,8,30
1789633809,5982,2932474,2956576,1232928,1458080,3022112,0,1216484,16436,8,30
1789633811,5984,2932474,2956576,1232928,1458080,3022112,0,1216484,16436,8,30
1789633813,5986,2932474,2956576,1232928,1458080,3022112,0,1216484,16436,8,30
1789633815,5988,2932474,2956576,1232928,1458080,3022112,0,1216484,16436,8,30
1789633817,5990,2932474,2956576,1232928,1458080,3022112,0,1216484,16436,8,30
1789633819,5992,2932474,2956576,1232928,1458080,3022112,0,1216484,16436,8,30
1789633821,5994,2932474,2956576,1232928,1458080,3022112,0,1216484,16436,8,30
1789633823,5996,2932474,2956576,1232928,1458080,3022112,0,1216484,16436,8,30
1789633825,5998,2932474,2956576,1232928,1458080,3022112,0,1216484,16436,8,30
1789633827,6000,2932474,2956576,1232928,1458080,3022112,0,1216484,16436,8,30
1789633829,6002,2932474,2956576,1232928,1458080,3022112,0,1216484,16436,8,30
1789633831,6004,2932474,2956576,1232928,1458080,3022112,0,1216484,16436,8,30
1789633833,6006,2932474,2956576,1232928,1458080,3022112,0,1216484,16436,8,30
1789633835,6008,2932474,2956576,1232928,1458080,3022112,0,1216484,16436,8,30
1789633837,6010,2932474,2956576,1232928,1458080,3022112,0,1216484,16436,8,30
1789633839,6012,2932474,2956576,1232928,1458080,3022112,0,1216484,16436,8,30
1789633841,6014,2932474,2956576,1232928,1458080,3022112,0,1216484,16436,8,30
1789633843,6016,2932474,2956576,1232928,1458080,3022112,0,1216484,16436,8,30
1789633845,6018,2932474,2956576,1232928,1458080,3022112,0,1216484,16436,8,30
1789633847,6020,2932474,2956576,1232928,1458080,3022112,0,1216484,16436,8,30
1789633849,6022,2932474,2956576,1232928,1458080,3022112,0,1216484,16436,8,30
1789633851,6024,2932474,2956576,1232928,1458080,3022112,0,1216484,16436,8,30
1789633853,6026,2932474,2956576,1232928,1458080,3022112,0,1216484,16436,8,30
1789633855,6028,2932474,2956576,1232928,1458080,3022112,0,1216484,16436,8,30
1789633857,6030,2932474,2956576,1232928,1458080,3022112,0,1216484,16436,8,30
1789633859,6032,2932474,2956576,1232928,1458080,3022112,0,1216484,16436,8,30
1789633861,6034,2932474,2956576,1232928,1458080,3022112,0,1216484,16436,8,30
1789633863,6036,2932474,2956576,1232928,1458080,3022112,0,1216484,16436,8,30
1789633865,6038,2932474,2956576,1232928,1458080,3022112,0,1216484,16436,8,30
1789633867,6040,2932474,2956576,1232928,1458080,3022112,0,1216484,16436,8,30
1789633869,6042,2932474,2956576,1232928,1458080,3022112,0,1216484,16436,8,30
1789633871,6044,2932474,2956576,1232928,1458080,3022112,0,1216484,16436,8,30
1789633873,6046,2932474,2956576,1232928,1458080,3022112,0,1216484,16436,8,30
1789633875,6048,2932474,2956576,1232928,1458080,3022112,0,1216484,16436,8,30
1789633877,6050,2932474,2956576,1232928,1458080,3022112,0,1216484,16436,8,30
1789633879,6052,2932474,2956576,1232928,1458080,3022112,0,1216484,16436,8,30
1789633881,6054,2932474,2956576,1232928,1458080,3022112,0,1216484,16436,8,30
1789633883,6056,2932474,2956576,1232928,1458080,3022112,0,1216484,16436,8,30
1789633885,6058,2932474,2956576,1232928,1458080,3022112,0,1216484,16436,8,30
1789633887,6060,2932474,2956576,1232928,1458080,3022112,0,1216484,16436,8,30
1789633889,6062,2932474,2956576,1232928,1458080,3022112,0,1216484,16436,8,30
1789633891,6064,2932474,2956576,1232928,1458080,3022112,0,1216484,16436,8,30
1789633893,6066,2932474,2956576,1232928,1458080,3022112,0,1216484,16436,8,30
1789633895,6068,2932474,2956576,1232928,1458080,3022112,0,1216484,16436,8,30
1789633897,6070,2932474,2956576,1232928,1458080,3022112,0,1216484,16436,8,30
1789633899,6072,2932474,2956576,1232928,1458080,3022112,0,1216484,16436,8,30
1789633901,6074,2932474,2956576,1232928,1458080,3022112,0,1216484,16436,8,30
1789633903,6076,2932474,2956576,1232928,1458080,3022112,0,1216484,16436,8,30
1789633905,6078,2932474,2956576,1232928,1458080,3022112,0,1216484,16436,8,30
1789633907,6080,2932474,2956576,1232928,1458080,3022112,0,1216484,16436,8,30
1789633909,6082,2932474,2956576,1232928,1458080,3022112,0,1216484,16436,8,30
1789633911,6084,2932474,2956576,1232928,1458080,3022112,0,1216484,16436,8,30
1789633913,6086,2932474,2956576,1232928,1458080,3022112,0,1216484,16436,8,30
1789633915,6088,2932474,2956576,1232928,1458080,3022112,0,1216484,16436,8,30
1789633917,6090,2932474,2956576,1232928,1458080,3022112,0,1216484,16436,8,30
1789633919,6092,2932474,2956576,1232928,1458080,3022112,0,1216484,16436,8,30
1789633921,6094,2932474,2956576,1232928,1458080,3022112,0,1216484,16436,8,30
1789633923,6096,2932474,2956576,1232928,1458080,3022112,0,1216484,16436,8,30
1789633925,6098,2932474,2956576,1232928,1458080,3022112,0,1216484,16436,8,30
1789633927,6100,2932474,2956576,1232928,1458080,3022112,0,1216484,16436,8,30
1789633929,6102,2932474,2956576,1232928,1458080,3022112,0,1216484,16436,8,30
1789633931,6104,2932474,2956576,1232928,1458080,3022112,0,1216484,16436,8,30
1789633933,6106,2932474,2956576,1232928,1458080,3022112,0,1216484,16436,8,30
1789633935,6108,2932474,2956576,1232928,1458080,3022112,0,1216484,16436,8,30
1789633937,6110,2932474,2956576,1232928,1458080,3022112,0,1216484,16436,8,30
1789633939,6112,2932474,2956576,1232928,1458080,3022112,0,1216484,16436,8,30
1789633941,6114,2932474,2956576,1232928,1458080,3022112,0,1216484,16436,8,30
1789633943,6116,2932474,2956576,1232928,1458080,3022112,0,1216484,16436,8,30
1789633945,6118,2932474,2956576,1232928,1458080,3022112,0,1216484,16436,8,30
1789633947,6120,2932474,2956576,1232928,1458080,3022112,0,1216484,16436,8,30
1789633949,6122,2932474,2956576,1232928,1458080,3022112,0,1216484,16436,8,30
1789633951,6124,2932474,2956576,1232928,1458080,3022112,0,1216484,16436,8,30
1789633953,6126,2932474,2956576,1232928,1458080,3022112,0,1216484,16436,8,30
1789633955,6128,2932474,2956576,1232928,1458080,3022112,0,1216484,16436,8,30
1789633957,6130,2932474,2956576,1232928,1458080,3022112,0,1216484,16436,8,30
1789633959,6132,2932474,2956576,1232928,1458080,3022112,0,1216484,16436,8,30
1789633961,6134,2932474,2956576,1232928,1458080,3022112,0,1216484,16436,8,30
1789633963,6136,2932474,2956576,1232928,1458080,3022112,0,1216484,16436,8,30
1789633965,6138,2932474,2956576,1232928,1458080,3022112,0,1216484,16436,8,30
1789633967,6140,2932474,2956576,1232928,1458080,3022112,0,1216484,16436,8,30
1789633969,6142,2932474,2956576,1232928,1458080,3022112,0,1216484,16436,8,30
1789633971,6144,2932474,2956576,1232928,1458080,3022112,0,1216484,16436,8,30
1789633973,6146,2932474,2956576,1232928,1458080,3022112,0,1216484,16436,8,30
1789633975,6148,2932474,2956576,1232928,1458080,3022112,0,1216484,16436,8,30
1789633977,6150,2932474,2956576,1232928,1458080,3022112,0,1216484,16436,8,30
1789633979,6152,2932474,2956576,1232928,1458080,3022112,0,1216484,16436,8,30
1789633981,6154,2932474,2956576,1232928,1458080,3022112,0,1216484,16436,8,30
1789633983,6156,2932474,2956576,1232928,1458080,3022112,0,1216484,16436,8,30
1789633985,6158,2932474,2956576,1232928,1458080,3022112,0,1216484,16436,8,30
1789633987,6160,2932474,2956576,1232928,1458080,3022112,0,1216484,16436,8,30
1789633989,6162,2932474,2956576,1232928,1458080,3022112,0,1216484,16436,8,30
1789633991,6164,2932474,2956576,1232928,1458080,3022112,0,1216484,16436,8,30
1789633993,6166,2932474,2956576,1232928,1458080,3022112,0,1216484,16436,8,30
1789633995,6168,2932474,2956576,1232928,1458080,3022112,0,1216484,16436,8,30
1789633997,6170,2932474,2956576,1232928,1458080,3022112,0,1216484,16436,8,30
1789633999,6172,2932474,2956576,1232928,1458080,3022112,0,1216484,16436,8,30
1789634001,6174,2932474,2956576,1232928,1458080,3022112,0,1216484,16436,8,30
1789634003,6176,2932474,2956576,1232928,1458080,3022112,0,1216484,16436,8,30
1789634005,6178,2932474,2956576,1232928,1458080,3022112,0,1216484,16436,8,30
1789634007,6180,2932474,2956576,1232928,1458080,3022112,0,1216484,16436,8,30
1789634009,6182,2932474,2956576,1232928,1458080,3022112,0,1216484,16436,8,30
1789634011,6184,2932474,2956576,1232928,1458080,3022112,0,1216484,16436,8,30
1789634013,6186,2932474,2956576,1232928,1458080,3022112,0,1216484,16436,8,30
1789634015,6188,2932474,2956576,1232928,1458080,3022112,0,1216484,16436,8,30
1789634017,6190,2932474,2956576,1232928,1458080,3022112,0,1216484,16436,8,30
1789634019,6192,2932474,2956576,1232928,1458080,3022112,0,1216484,16436,8,30
1789634021,6194,2932474,2956576,1232928,1458080,3022112,0,1216484,16436,8,30
1789634023,6196,2932474,2956576,1232928,1458080,3022112,0,1216484,16436,8,30
1789634025,6198,2932474,2956576,1232928,1458080,3022112,0,1216484,16436,8,30
1789634027,6200,2932474,2956576,1232928,1458080,3022112,0,1216484,16436,8,30
1789634029,6202,2932474,2956576,1232928,1458080,3022112,0,1216484,16436,8,30
1789634031,6204,2932474,2956576,1232928,1458080,3022112,0,1216484,16436,8,30
1789634033,6206,2932474,2956576,1232928,1458080,3022112,0,1216484,16436,8,30
1789634035,6208,2932474,2956576,1232928,1458080,3022112,0,1216484,16436,8,30
1789634037,6210,2932474,2956576,1232928,1458080,3022112,0,1216484,16436,8,30
1789634039,6212,2932474,2956576,1232928,1458080,3022112,0,1216484,16436,8,30
1789634041,6214,2932474,2956576,1232928,1458080,3022112,0,1216484,16436,8,30
1789634043,6216,2932474,2956576,1232928,1458080,3022112,0,1216484,16436,8,30
1789634045,6218,2932474,2956576,1232928,1458080,3022112,0,1216484,16436,8,30
1789634047,6220,2932474,2956576,1232928,1458080,3022112,0,1216484,16436,8,30
1789634049,6222,2932474,2956576,1232928,1458080,3022112,0,1216484,16436,8,30
1789634051,6224,2932474,2956576,1232928,1458080,3022112,0,1216484,16436,8,30
1789634053,6226,2932474,2956576,1232928,1458080,3022112,0,1216484,16436,8,30
1789634055,6228,2932474,2956576,1232928,1458080,3022112,0,1216484,16436,8,30
1789634057,6230,2932474,2956576,1232928,1458080,3022112,0,1216484,16436,8,30
1789634059,6232,2932474,2956576,1232928,1458080,3022112,0,1216484,16436,8,30
1789634061,6234,2932474,2956576,1232928,1458080,3022112,0,1216484,16436,8,30
1789634063,6236,2932474,2956576,1232928,1458080,3022112,0,1216484,16436,8,30
1789634065,6238,2932474,2956576,1232928,1458080,3022112,0,1216484,16436,8,30
1789634067,6240,2932474,2956576,1232928,1458080,3022112,0,1216484,16436,8,30
1789634069,6242,2932474,2956576,1232928,1458080,3022112,0,1216484,16436,8,30
1789634071,6244,2932474,2956576,1232928,1458080,3022112,0,1216484,16436,8,30
1789634073,6246,2932474,2956576,1232928,1458080,3022112,0,1216484,16436,8,30
1789634075,6248,2932474,2956576,1232928,1458080,3022112,0,1216484,16436,8,30
1789634077,6250,2932474,2956576,1232928,1458080,3022112,0,1216484,16436,8,30
1789634079,6252,2932474,2956576,1232928,1458080,3022112,0,1216484,16436,8,30
1789634081,6254,2932474,2956576,1232928,1458080,3022112,0,1216484,16436,8,30
1789634083,6256,2932474,2956576,1232928,1458080,3022112,0,1216484,16436,8,30
1789634085,6258,2932474,2956576,1232928,1458080,3022112,0,1216484,16436,8,30
1789634087,6260,2932474,2956576,1232928,1458080,3022112,0,1216484,16436,8,30
1789634089,6262,2932474,2956576,1232928,1458080,3022112,0,1216484,16436,8,30
1789634091,6264,2932474,2956576,1232928,1458080,3022112,0,1216484,16436,8,30
1789634093,6266,2932474,2956576,1232928,1458080,3022112,0,1216484,16436,8,30
1789634095,6268,2932474,2956576,1232928,1458080,3022112,0,1216484,16436,8,30
1789634097,6270,2932474,2956576,1232928,1458080,3022112,0,1216484,16436,8,30
1789634099,6272,2932474,2956576,1232928,1458080,3022112,0,1216484,16436,8,30
1789634101,6274,2932474,2956576,1232928,1458080,3022112,0,1216484,16436,8,30
1789634103,6276,2932474,2956576,1232928,1458080,3022112,0,1216484,16436,8,30
1789634105,6278,2932474,2956576,1232928,1458080,3022112,0,1216484,16436,8,30
1789634107,6280,2932474,2956576,1232928,1458080,3022112,0,1216484,16436,8,30
1789634109,6282,2932474,2956576,1232928,1458080,3022112,0,1216484,16436,8,30
1789634111,6284,2932474,2956576,1232928,1458080,3022112,0,1216484,16436,8,30
1789634113,6286,2932474,2956576,1232928,1458080,3022112,0,1216484,16436,8,30
1789634115,6288,2932474,2956576,1232928,1458080,3022112,0,1216484,16436,8,30
1789634117,6290,2932474,2956576,1232928,1458080,3022112,0,1216484,16436,8,30
1789634119,6292,2932474,2956576,1232928,1458080,3022112,0,1216484,16436,8,30
1789634121,6294,2932474,2956576,1232928,1458080,3022112,0,1216484,16436,8,30
1789634123,6296,2932474,2956576,1232928,1458080,3022112,0,1216484,16436,8,30
1789634125,6298,2932474,2956576,1232928,1458080,3022112,0,1216484,16436,8,30
1789634127,6300,2932474,2956576,1232928,1458080,3022112,0,1216484,16436,8,30
1789634129,6302,2932474,2956576,1232928,1458080,3022112,0,1216484,16436,8,30
1789634131,6304,2932474,2956576,1232928,1458080,3022112,0,1216484,16436,8,30
1789634133,6306,2932474,2956576,1232928,1458080,3022112,0,1216484,16436,8,30
1789634135,6308,2932474,2956576,1232928,1458080,3022112,0,1216484,16436,8,30
1789634137,6310,2932474,2956576,1232928,1458080,3022112,0,1216484,16436,8,30
1789634139,6312,2932474,2956576,1232928,1458080,3022112,0,1216484,16436,8,30
1789634141,6314,2932474,2956576,1232928,1458080,3022112,0,1216484,16436,8,30
1789634143,6316,2932474,2956576,1232928,1458080,3022112,0,1216484,16436,8,30
1789634145,6318,2932474,2956576,1232928,1458080,3022112,0,1216484,16436,8,30
1789634147,6320,2932474,2956576,1232928,1458080,3022112,0,1216484,16436,8,30
1789634149,6322,2932474,2956576,1232928,1458080,3022112,0,1216484,16436,8,30
1789634151,6324,2932474,2956576,1232928,1458080,3022112,0,1216484,16436,8,30
1789634153,6326,2932474,2956576,1232928,1458080,3022112,0,1216484,16436,8,30
1789634155,6328,2932474,2956576,1232928,1458080,3022112,0,1216484,16436,8,30
1789634157,6330,2932474,2956576,1232928,1458080,3022112,0,1216484,16436,8,30
1789634159,6332,2932474,2956576,1232928,1458080,3022112,0,1216484,16436,8,30
1789634161,6334,2932474,2956576,1232928,1458080,3022112,0,1216484,16436,8,30
1789634163,6336,2932474,2956576,1232928,1458080,3022112,0,1216484,16436,8,30
1789634165,6338,2932474,2956576,1232928,1458080,3022112,0,1216484,16436,8,30
1789634167,6340,2932474,2956576,1232928,1458080,3022112,0,1216484,16436,8,30
1789634169,6342,2932474,2956576,1232928,1458080,3022112,0,1216484,16436,8,30
1789634171,6344,2932474,2956576,1232928,1458080,3022112,0,1216484,16436,8,30
1789634173,6346,2932474,2956576,1232928,1458080,3022112,0,1216484,16436,8,30
1789634175,6348,2932474,2956576,1232928,1458080,3022112,0,1216484,16436,8,30
1789634177,6350,2932474,2956576,1232928,1458080,3022112,0,1216484,16436,8,30
1789634179,6352,2932474,2956576,1232928,1458080,3022112,0,1216484,16436,8,30
1789634181,6354,2932474,2956576,1232928,1458080,3022112,0,1216484,16436,8,30
1789634183,6356,2932474,2956576,1232928,1458080,3022112,0,1216484,16436,8,30
1789634185,6358,2932474,2956576,1232928,1458080,3022112,0,1216484,16436,8,30
1789634187,6360,2932474,2956576,1232928,1458080,3022112,0,1216484,16436,8,30
1789634189,6362,2932474,2956576,1232928,1458080,3022112,0,1216484,16436,8,30
1789634191,6364,2932474,2956576,1232928,1458080,3022112,0,1216484,16436,8,30
1789634193,6366,2932474,2956576,1232928,1458080,3022112,0,1216484,16436,8,30
1789634195,6368,2932474,2956576,1232928,1458080,3022112,0,1216484,16436,8,30
1789634197,6370,2932474,2956576,1232928,1458080,3022112,0,1216484,16436,8,30
1789634199,6372,2932474,2956576,1232928,1458080,3022112,0,1216484,16436,8,30
1789634201,6374,2932474,2956576,1232928,1458080,3022112,0,1216484,16436,8,30
1789634203,6376,2932474,2956576,1232928,1458080,3022112,0,1216484,16436,8,30
1789634205,6378,2932474,2956576,1232928,1458080,3022112,0,1216484,16436,8,30
1789634207,6380,2932474,2956576,1232928,1458080,3022112,0,1216484,16436,8,30
1789634209,6382,2932474,2956576,1232928,1458080,3022112,0,1216484,16436,8,30
1789634211,6384,2932474,2956576,1232928,1458080,3022112,0,1216484,16436,8,30
1789634213,6386,2932474,2956576,1232928,1458080,3022112,0,1216484,16436,8,30
1789634215,6388,2932474,2956576,1232928,1458080,3022112,0,1216484,16436,8,30
1789634217,6390,2932474,2956576,1232928,1458080,3022112,0,1216484,16436,8,30
1789634219,6392,2932474,2956576,1232928,1458080,3022112,0,1216484,16436,8,30
1789634221,6394,2932474,2956576,1232928,1458080,3022112,0,1216484,16436,8,30
1789634223,6396,2932474,2956576,1232928,1458080,3022112,0,1216484,16436,8,30
1789634225,6398,2932474,2956576,1232928,1458080,3022112,0,1216484,16436,8,30
1789634227,6400,2932474,2956576,1232928,1458080,3022112,0,1216484,16436,8,30
1789634229,6402,2932474,2956576,1232928,1458080,3022112,0,1216484,16436,8,30
1789634231,6404,2932474,2956576,1232928,1458080,3022112,0,1216484,16436,8,30
1789634233,6406,2932474,2956576,1232928,1458080,3022112,0,1216484,16436,8,30
1789634235,6408,2932474,2956576,1232928,1458080,3022112,0,1216484,16436,8,30
1789634237,6410,2932474,2956576,1232928,1458080,3022112,0,1216484,16436,8,30
1789634239,6412,2932474,2956576,1232928,1458080,3022112,0,1216484,16436,8,30
1789634241,6414,2932474,2956576,1232928,1458080,3022112,0,1216484,16436,8,30
1789634243,6416,2932474,2956576,1232928,1458080,3022112,0,1216484,16436,8,30
1789634245,6418,2932474,2956576,1232928,1458080,3022112,0,1216484,16436,8,30
1789634247,6420,2932474,2956576,1232928,1458080,3022112,0,1216484,16436,8,30
1789634249,6422,2932474,2956576,1232928,1458080,3022112,0,1216484,16436,8,30
1789634251,6424,2932474,2956576,1232928,1458080,3022112,0,1216484,16436,8,30
1789634253,6426,2932474,2956576,1232928,1458080,3022112,0,1216484,16436,8,30
1789634255,6428,2932474,2956576,1232928,1458080,3022112,0,1216484,16436,8,30
1789634257,6430,2932474,2956576,1232928,1458080,3022112,0,1216484,16436,8,30
1789634259,6432,2932474,2956576,1232928,1458080,3022112,0,1216484,16436,8,30
1789634261,6434,2932474,2956576,1232928,1458080,3022112,0,1216484,16436,8,30
1789634263,6436,2932474,2956576,1232928,1458080,3022112,0,1216484,16436,8,30
1789634265,6438,2932474,2956576,1232928,1458080,3022112,0,1216484,16436,8,30
1789634267,6440,2932474,2956576,1232928,1458080,3022112,0,1216484,16436,8,30
1789634269,6442,2932474,2956576,1232928,1458080,3022112,0,1216484,16436,8,30
1789634271,6444,2932474,2956576,1232928,1458080,3022112,0,1216484,16436,8,30
1789634273,6446,2932474,2956576,1232928,1458080,3022112,0,1216484,16436,8,30
1789634275,6448,2932474,2956576,1232928,1458080,3022112,0,1216484,16436,8,30
1789634277,6450,2932474,2956576,1232928,1458080,3022112,0,1216484,16436,8,30
1789634279,6452,2932474,2956576,1232928,1458080,3022112,0,1216484,16436,8,30
1789634281,6454,2932474,2956576,1232928,1458080,3022112,0,1216484,16436,8,30
1789634283,6456,2932474,2956576,1232928,1458080,3022112,0,1216484,16436,8,30
1789634285,6458,2932474,2956576,1232968,1458080,3022112,0,1216524,16436,8,30
1789634287,6460,2932474,2956576,1232968,1458080,3022112,0,1216524,16436,8,30
1789634289,6462,2932474,2956576,1232968,1458080,3022112,0,1216524,16436,8,30
1789634291,6464,2932474,2956576,1232968,1458080,3022112,0,1216524,16436,8,30
1789634293,6466,2932474,2956576,1232968,1458080,3022112,0,1216524,16436,8,30
1789634295,6468,2932474,2956576,1232968,1458080,3022112,0,1216524,16436,8,30
1789634297,6470,2932474,2956576,1232968,1458080,3022112,0,1216524,16436,8,30
1789634299,6472,2932474,2956576,1232968,1458080,3022112,0,1216524,16436,8,30
1789634301,6474,2932474,2956576,1232968,1458080,3022112,0,1216524,16436,8,30
1789634303,6476,2932474,2956576,1232968,1458080,3022112,0,1216524,16436,8,30
1789634305,6478,2932474,2956576,1232968,1458080,3022112,0,1216524,16436,8,30
1789634307,6480,2932474,2956576,1232968,1458080,3022112,0,1216524,16436,8,30
1789634309,6482,2932474,2956576,1232968,1458080,3022112,0,1216524,16436,8,30
1789634311,6484,2932474,2956576,1232968,1458080,3022112,0,1216524,16436,8,30
1789634313,6486,2932474,2956576,1232968,1458080,3022112,0,1216524,16436,8,30
1789634315,6488,2932474,2956576,1232968,1458080,3022112,0,1216524,16436,8,30
1789634317,6490,2932474,2956576,1232968,1458080,3022112,0,1216524,16436,8,30
1789634319,6492,2932474,2956576,1232968,1458080,3022112,0,1216524,16436,8,30
1789634321,6494,2932474,2956576,1232968,1458080,3022112,0,1216524,16436,8,30
1789634323,6496,2932474,2956576,1232968,1458080,3022112,0,1216524,16436,8,30
1789634325,6498,2932474,2956576,1232968,1458080,3022112,0,1216524,16436,8,30
1789634327,6500,2932474,2956576,1232968,1458080,3022112,0,1216524,16436,8,30
1789634329,6502,2932474,2956576,1232968,1458080,3022112,0,1216524,16436,8,30
1789634331,6504,2932474,2956576,1232968,1458080,3022112,0,1216524,16436,8,30
1789634333,6506,2932474,2956576,1232968,1458080,3022112,0,1216524,16436,8,30
1789634335,6508,2932474,2956576,1232968,1458080,3022112,0,1216524,16436,8,30
1789634337,6510,2932474,2956576,1232968,1458080,3022112,0,1216524,16436,8,30
1789634339,6512,2932474,2956576,1232968,1458080,3022112,0,1216524,16436,8,30
1789634341,6514,2932474,2956576,1232968,1458080,3022112,0,1216524,16436,8,30
1789634343,6516,2932474,2956576,1232968,1458080,3022112,0,1216524,16436,8,30
1789634345,6518,2932474,2956576,1232968,1458080,3022112,0,1216524,16436,8,30
1789634347,6520,2932474,2956576,1232968,1458080,3022112,0,1216524,16436,8,30
1789634349,6522,2932474,2956576,1232968,1458080,3022112,0,1216524,16436,8,30
1789634351,6524,2932474,2956576,1232968,1458080,3022112,0,1216524,16436,8,30
1789634353,6526,2932474,2956576,1232968,1458080,3022112,0,1216524,16436,8,30
1789634355,6528,2932474,2956576,1232968,1458080,3022112,0,1216524,16436,8,30
1789634357,6530,2932474,2956576,1232968,1458080,3022112,0,1216524,16436,8,30
1789634359,6532,2932474,2956576,1232968,1458080,3022112,0,1216524,16436,8,30
1789634361,6534,2932474,2956576,1232968,1458080,3022112,0,1216524,16436,8,30
1789634363,6536,2932474,2956576,1232968,1458080,3022112,0,1216524,16436,8,30
1789634365,6538,2932474,2956576,1232968,1458080,3022112,0,1216524,16436,8,30
1789634367,6540,2932474,2956576,1232968,1458080,3022112,0,1216524,16436,8,30
1789634369,6542,2932474,2956576,1232968,1458080,3022112,0,1216524,16436,8,30
1789634371,6544,2932474,2956576,1232968,1458080,3022112,0,1216524,16436,8,30
1789634373,6546,2932474,2956576,1232968,1458080,3022112,0,1216524,16436,8,30
1789634375,6548,2932474,2956576,1232968,1458080,3022112,0,1216524,16436,8,30
1789634377,6550,2932474,2956576,1232968,1458080,3022112,0,1216524,16436,8,30
1789634379,6552,2932474,2956576,1232968,1458080,3022112,0,1216524,16436,8,30
1789634381,6554,2932474,2956576,1232968,1458080,3022112,0,1216524,16436,8,30
1789634383,6556,2932474,2956576,1232968,1458080,3022112,0,1216524,16436,8,30
1789634385,6558,2932474,2956576,1232968,1458080,3022112,0,1216524,16436,8,30
1789634387,6560,2932474,2956576,1232968,1458080,3022112,0,1216524,16436,8,30
1789634389,6562,2932474,2956576,1232968,1458080,3022112,0,1216524,16436,8,30
1789634391,6564,2932474,2956576,1232968,1458080,3022112,0,1216524,16436,8,30
1789634393,6566,2932474,2956576,1232968,1458080,3022112,0,1216524,16436,8,30
1789634395,6568,2932474,2956576,1232968,1458080,3022112,0,1216524,16436,8,30
1789634397,6570,2932474,2956576,1232968,1458080,3022112,0,1216524,16436,8,30
1789634399,6572,2932474,2956576,1232968,1458080,3022112,0,1216524,16436,8,30
1789634401,6574,2932474,2956576,1232968,1458080,3022112,0,1216524,16436,8,30
1789634403,6576,2932474,2956576,1232968,1458080,3022112,0,1216524,16436,8,30
1789634405,6578,2932474,2956576,1232968,1458080,3022112,0,1216524,16436,8,30
1789634407,6580,2932474,2956576,1232968,1458080,3022112,0,1216524,16436,8,30
1789634409,6582,2932474,2956576,1232968,1458080,3022112,0,1216524,16436,8,30
1789634411,6584,2932474,2956576,1232968,1458080,3022112,0,1216524,16436,8,30
1789634413,6586,2932474,2956576,1232968,1458080,3022112,0,1216524,16436,8,30
1789634415,6588,2932474,2956576,1232968,1458080,3022112,0,1216524,16436,8,30
1789634417,6590,2932474,2956576,1232968,1458080,3022112,0,1216524,16436,8,30
1789634419,6592,2932474,2956576,1232968,1458080,3022112,0,1216524,16436,8,30
1789634421,6594,2932474,2956576,1232968,1458080,3022112,0,1216524,16436,8,30
1789634423,6596,2932474,2956576,1232968,1458080,3022112,0,1216524,16436,8,30
1789634425,6598,2932474,2956576,1232968,1458080,3022112,0,1216524,16436,8,30
1789634427,6600,2932474,2956576,1232968,1458080,3022112,0,1216524,16436,8,30
1789634429,6602,2932474,2956576,1232968,1458080,3022112,0,1216524,16436,8,30
1789634431,6604,2932474,2956576,1232968,1458080,3022112,0,1216524,16436,8,30
1789634433,6606,2932474,2956576,1232968,1458080,3022112,0,1216524,16436,8,30
1789634435,6608,2932474,2956576,1232968,1458080,3022112,0,1216524,16436,8,30
1789634437,6610,2932474,2956576,1232968,1458080,3022112,0,1216524,16436,8,30
1789634439,6612,2932474,2956576,1232968,1458080,3022112,0,1216524,16436,8,30
1789634441,6614,2932474,2956576,1232968,1458080,3022112,0,1216524,16436,8,30
1789634443,6616,2932474,2956576,1232968,1458080,3022112,0,1216524,16436,8,30
1789634445,6618,2932474,2956576,1232968,1458080,3022112,0,1216524,16436,8,30
1789634447,6620,2932474,2956576,1232968,1458080,3022112,0,1216524,16436,8,30
1789634449,6622,2932474,2956576,1232968,1458080,3022112,0,1216524,16436,8,30
1789634451,6624,2932474,2956576,1232968,1458080,3022112,0,1216524,16436,8,30
1789634453,6626,2932474,2956576,1232968,1458080,3022112,0,1216524,16436,8,30
1789634455,6628,2932474,2956576,1232968,1458080,3022112,0,1216524,16436,8,30
1789634457,6630,2932474,2956576,1232968,1458080,3022112,0,1216524,16436,8,30
1789634459,6632,2932474,2956576,1232968,1458080,3022112,0,1216524,16436,8,30
1789634461,6634,2932474,2956576,1232968,1458080,3022112,0,1216524,16436,8,30
1789634463,6636,2932474,2956576,1232968,1458080,3022112,0,1216524,16436,8,30
1789634465,6638,2932474,2956576,1232968,1458080,3022112,0,1216524,16436,8,30
1789634467,6640,2932474,2956576,1232968,1458080,3022112,0,1216524,16436,8,30
1789634469,6642,2932474,2956576,1232968,1458080,3022112,0,1216524,16436,8,30
1789634471,6644,2932474,2956576,1232968,1458080,3022112,0,1216524,16436,8,30
1789634473,6646,2932474,2956576,1232968,1458080,3022112,0,1216524,16436,8,30
1789634475,6648,2932474,2956576,1232968,1458080,3022112,0,1216524,16436,8,30
1789634477,6650,2932474,2956576,1232968,1458080,3022112,0,1216524,16436,8,30
1789634479,6652,2932474,2956576,1232968,1458080,3022112,0,1216524,16436,8,30
1789634481,6654,2932474,2956576,1232968,1458080,3022112,0,1216524,16436,8,30
1789634483,6656,2932474,2956576,1232968,1458080,3022112,0,1216524,16436,8,30
1789634485,6658,2932474,2956576,1232968,1458080,3022112,0,1216524,16436,8,30
1789634487,6660,2932474,2956576,1232968,1458080,3022112,0,1216524,16436,8,30
1789634489,6662,2932474,2956576,1232968,1458080,3022112,0,1216524,16436,8,30
1789634491,6664,2932474,2956576,1232968,1458080,3022112,0,1216524,16436,8,30
1789634493,6666,2932474,2956576,1232968,1458080,3022112,0,1216524,16436,8,30
1789634495,6668,2932474,2956576,1232968,1458080,3022112,0,1216524,16436,8,30
1789634497,6670,2932474,2956576,1232968,1458080,3022112,0,1216524,16436,8,30
1789634499,6672,2932474,2956576,1232968,1458080,3022112,0,1216524,16436,8,30
1789634501,6674,2932474,2956576,1232968,1458080,3022112,0,1216524,16436,8,30
1789634503,6676,2932474,2956576,1232968,1458080,3022112,0,1216524,16436,8,30
1789634505,6678,2932474,2956576,1232968,1458080,3022112,0,1216524,16436,8,30
1789634507,6680,2932474,2956576,1232968,1458080,3022112,0,1216524,16436,8,30
1789634509,6682,2932474,2956576,1232968,1458080,3022112,0,1216524,16436,8,30
1789634511,6684,2932474,2956576,1232968,1458080,3022112,0,1216524,16436,8,30
1789634513,6686,2932474,2956576,1232968,1458080,3022112,0,1216524,16436,8,30
1789634515,6688,2932474,2956576,1232968,1458080,3022112,0,1216524,16436,8,30
1789634517,6690,2932474,2956576,1232968,1458080,3022112,0,1216524,16436,8,30
1789634519,6692,2932474,2956576,1232968,1458080,3022112,0,1216524,16436,8,30
1789634521,6694,2932474,2956576,1232968,1458080,3022112,0,1216524,16436,8,30
1789634523,6696,2932474,2956576,1232968,1458080,3022112,0,1216524,16436,8,30
1789634525,6698,2932474,2956576,1232968,1458080,3022112,0,1216524,16436,8,30
1789634527,6700,2932474,2956576,1232968,1458080,3022112,0,1216524,16436,8,30
1789634529,6702,2932474,2956576,1232968,1458080,3022112,0,1216524,16436,8,30
1789634531,6704,2932474,2956576,1232968,1458080,3022112,0,1216524,16436,8,30
1789634533,6706,2932474,2956576,1232968,1458080,3022112,0,1216524,16436,8,30
1789634535,6708,2932474,2956576,1232968,1458080,3022112,0,1216524,16436,8,30
1789634537,6710,2932474,2956576,1232968,1458080,3022112,0,1216524,16436,8,30
1789634539,6712,2932474,2956576,1232968,1458080,3022112,0,1216524,16436,8,30
1789634541,6714,2932474,2956576,1232968,1458080,3022112,0,1216524,16436,8,30
1789634543,6716,2932474,2956576,1232972,1458080,3022112,0,1216528,16436,8,30
1789634545,6718,2932474,2956576,1232972,1458080,3022112,0,1216528,16436,8,30
1789634547,6720,2932474,2956576,1232972,1458080,3022112,0,1216528,16436,8,30
1789634549,6722,2932474,2956576,1232972,1458080,3022112,0,1216528,16436,8,30
1789634551,6724,2932474,2956576,1232972,1458080,3022112,0,1216528,16436,8,30
1789634553,6726,2932474,2956576,1232972,1458080,3022112,0,1216528,16436,8,30
1789634555,6728,2932474,2956576,1232972,1458080,3022112,0,1216528,16436,8,30
1789634557,6730,2932474,2956576,1232972,1458080,3022112,0,1216528,16436,8,30
1789634559,6732,2932474,2956576,1232972,1458080,3022112,0,1216528,16436,8,30
1789634561,6734,2932474,2956576,1232972,1458080,3022112,0,1216528,16436,8,30
1789634563,6736,2932474,2956576,1232972,1458080,3022112,0,1216528,16436,8,30
1789634565,6738,2932474,2956576,1232972,1458080,3022112,0,1216528,16436,8,30
1789634567,6740,2932474,2956576,1232972,1458080,3022112,0,1216528,16436,8,30
1789634569,6742,2932474,2956576,1232972,1458080,3022112,0,1216528,16436,8,30
1789634571,6744,2932474,2956576,1232972,1458080,3022112,0,1216528,16436,8,30
1789634573,6746,2932474,2956576,1232972,1458080,3022112,0,1216528,16436,8,30
1789634575,6748,2932474,2956576,1232972,1458080,3022112,0,1216528,16436,8,30
1789634577,6750,2932474,2956576,1232972,1458080,3022112,0,1216528,16436,8,30
1789634579,6752,2932474,2956576,1232972,1458080,3022112,0,1216528,16436,8,30
1789634581,6754,2932474,2956576,1232972,1458080,3022112,0,1216528,16436,8,30
1789634583,6756,2932474,2956576,1232972,1458080,3022112,0,1216528,16436,8,30
1789634585,6758,2932474,2956576,1232972,1458080,3022112,0,1216528,16436,8,30
1789634587,6760,2932474,2956576,1232972,1458080,3022112,0,1216528,16436,8,30
1789634589,6762,2932474,2956576,1232972,1458080,3022112,0,1216528,16436,8,30
1789634591,6764,2932474,2956576,1232972,1458080,3022112,0,1216528,16436,8,30
1789634593,6766,2932474,2956576,1232972,1458080,3022112,0,1216528,16436,8,30
1789634595,6768,2932474,2956576,1232972,1458080,3022112,0,1216528,16436,8,30
1789634597,6770,2932474,2956576,1232972,1458080,3022112,0,1216528,16436,8,30
1789634599,6772,2932474,2956576,1232972,1458080,3022112,0,1216528,16436,8,30
1789634601,6774,2932474,2956576,1232972,1458080,3022112,0,1216528,16436,8,30
1789634603,6776,2932474,2956576,1232972,1458080,3022112,0,1216528,16436,8,30
1789634605,6778,2932474,2956576,1232972,1458080,3022112,0,1216528,16436,8,30
1789634607,6780,2932474,2956576,1232972,1458080,3022112,0,1216528,16436,8,30
1789634609,6782,2932474,2956576,1232972,1458080,3022112,0,1216528,16436,8,30
1789634611,6784,2932474,2956576,1232972,1458080,3022112,0,1216528,16436,8,30
1789634613,6786,2932474,2956576,1232972,1458080,3022112,0,1216528,16436,8,30
1789634615,6788,2932474,2956576,1232972,1458080,3022112,0,1216528,16436,8,30
1789634617,6790,2932474,2956576,1232972,1458080,3022112,0,1216528,16436,8,30
1789634619,6792,2932474,2956576,1232972,1458080,3022112,0,1216528,16436,8,30
1789634621,6794,2932474,2956576,1232972,1458080,3022112,0,1216528,16436,8,30
1789634623,6796,2932474,2956576,1232972,1458080,3022112,0,1216528,16436,8,30
1789634625,6798,2932474,2956576,1232972,1458080,3022112,0,1216528,16436,8,30
1789634627,6800,2932474,2956576,1232972,1458080,3022112,0,1216528,16436,8,30
1789634629,6802,2932474,2956576,1232972,1458080,3022112,0,1216528,16436,8,30
1789634631,6804,2932474,2956576,1232972,1458080,3022112,0,1216528,16436,8,30
1789634633,6806,2932474,2956576,1232972,1458080,3022112,0,1216528,16436,8,30
1789634635,6808,2932474,2956576,1232972,1458080,3022112,0,1216528,16436,8,30
1789634637,6810,2932474,2956576,1232972,1458080,3022112,0,1216528,16436,8,30
1789634639,6812,2932474,2956576,1232972,1458080,3022112,0,1216528,16436,8,30
1789634641,6814,2932474,2956576,1232972,1458080,3022112,0,1216528,16436,8,30
1789634643,6816,2932474,2956576,1232972,1458080,3022112,0,1216528,16436,8,30
1789634645,6818,2932474,2956576,1232972,1458080,3022112,0,1216528,16436,8,30
1789634647,6820,2932474,2956576,1232972,1458080,3022112,0,1216528,16436,8,30
1789634649,6822,2932474,2956576,1232972,1458080,3022112,0,1216528,16436,8,30
1789634651,6824,2932474,2956576,1232972,1458080,3022112,0,1216528,16436,8,30
1789634653,6826,2932474,2956576,1232972,1458080,3022112,0,1216528,16436,8,30
1789634655,6828,2932474,2956576,1232972,1458080,3022112,0,1216528,16436,8,30
1789634657,6830,2932474,2956576,1232972,1458080,3022112,0,1216528,16436,8,30
1789634659,6832,2932474,2956576,1232972,1458080,3022112,0,1216528,16436,8,30
1789634661,6834,2932474,2956576,1232972,1458080,3022112,0,1216528,16436,8,30
1789634663,6836,2932474,2956576,1232972,1458080,3022112,0,1216528,16436,8,30
1789634665,6838,2932474,2956576,1232972,1458080,3022112,0,1216528,16436,8,30
1789634667,6840,2932474,2956576,1232972,1458080,3022112,0,1216528,16436,8,30
1789634669,6842,2932474,2956576,1232972,1458080,3022112,0,1216528,16436,8,30
1789634671,6844,2932474,2956576,1232972,1458080,3022112,0,1216528,16436,8,30
1789634673,6846,2932474,2956576,1232972,1458080,3022112,0,1216528,16436,8,30
1789634675,6848,2932474,2956576,1232972,1458080,3022112,0,1216528,16436,8,30
1789634677,6850,2932474,2956576,1232972,1458080,3022112,0,1216528,16436,8,30
1789634679,6852,2932474,2956576,1232972,1458080,3022112,0,1216528,16436,8,30
1789634681,6854,2932474,2956576,1232972,1458080,3022112,0,1216528,16436,8,30
1789634683,6856,2932474,2956576,1232972,1458080,3022112,0,1216528,16436,8,30
1789634685,6858,2932474,2956576,1232972,1458080,3022112,0,1216528,16436,8,30
1789634687,6860,2932474,2956576,1232972,1458080,3022112,0,1216528,16436,8,30
1789634689,6862,2932474,2956576,1232972,1458080,3022112,0,1216528,16436,8,30
1789634691,6864,2932474,2956576,1232972,1458080,3022112,0,1216528,16436,8,30
1789634693,6866,2932474,2956576,1232972,1458080,3022112,0,1216528,16436,8,30
1789634695,6868,2932474,2956576,1232972,1458080,3022112,0,1216528,16436,8,30
1789634697,6870,2932474,2956576,1232972,1458080,3022112,0,1216528,16436,8,30
1789634699,6872,2932474,2956576,1232972,1458080,3022112,0,1216528,16436,8,30
1789634701,6874,2932474,2956576,1232972,1458080,3022112,0,1216528,16436,8,30
1789634703,6876,2932474,2956576,1232972,1458080,3022112,0,1216528,16436,8,30
1789634705,6878,2932474,2956576,1232972,1458080,3022112,0,1216528,16436,8,30
1789634707,6880,2932474,2956576,1232972,1458080,3022112,0,1216528,16436,8,30
1789634709,6882,2932474,2956576,1232972,1458080,3022112,0,1216528,16436,8,30
1789634711,6884,2932474,2956576,1232972,1458080,3022112,0,1216528,16436,8,30
1789634713,6886,2932474,2956576,1232972,1458080,3022112,0,1216528,16436,8,30
1789634715,6888,2932474,2956576,1232972,1458080,3022112,0,1216528,16436,8,30
1789634717,6890,2932474,2956576,1232972,1458080,3022112,0,1216528,16436,8,30
1789634719,6892,2932474,2956576,1232972,1458080,3022112,0,1216528,16436,8,30
1789634721,6894,2932474,2956576,1232972,1458080,3022112,0,1216528,16436,8,30
1789634723,6896,2932474,2956576,1232972,1458080,3022112,0,1216528,16436,8,30
1789634725,6898,2932474,2956576,1232972,1458080,3022112,0,1216528,16436,8,30
1789634727,6900,2932474,2956576,1232972,1458080,3022112,0,1216528,16436,8,30
1789634729,6902,2932474,2956576,1232972,1458080,3022112,0,1216528,16436,8,30
1789634731,6904,2932474,2956576,1232972,1458080,3022112,0,1216528,16436,8,30
1789634733,6906,2932474,2956576,1232972,1458080,3022112,0,1216528,16436,8,30
1789634735,6908,2932474,2956576,1232972,1458080,3022112,0,1216528,16436,8,30
1789634737,6910,2932474,2956576,1232972,1458080,3022112,0,1216528,16436,8,30
1789634739,6912,2932474,2956576,1232972,1458080,3022112,0,1216528,16436,8,30
1789634741,6914,2932474,2956576,1232972,1458080,3022112,0,1216528,16436,8,30
1789634743,6916,2932474,2956576,1232972,1458080,3022112,0,1216528,16436,8,30
1789634745,6918,2932474,2956576,1232972,1458080,3022112,0,1216528,16436,8,30
1789634747,6920,2932474,2956576,1232972,1458080,3022112,0,1216528,16436,8,30
1789634749,6922,2932474,2956576,1232972,1458080,3022112,0,1216528,16436,8,30
1789634751,6924,2932474,2956576,1232972,1458080,3022112,0,1216528,16436,8,30
1789634753,6926,2932474,2956576,1232972,1458080,3022112,0,1216528,16436,8,30
1789634755,6928,2932474,2956576,1232972,1458080,3022112,0,1216528,16436,8,30
1789634757,6930,2932474,2956576,1232972,1458080,3022112,0,1216528,16436,8,30
1789634759,6932,2932474,2956576,1232972,1458080,3022112,0,1216528,16436,8,30
1789634761,6934,2932474,2956576,1232972,1458080,3022112,0,1216528,16436,8,30
1789634763,6936,2932474,2956576,1232972,1458080,3022112,0,1216528,16436,8,30
1789634765,6938,2932474,2956576,1232972,1458080,3022112,0,1216528,16436,8,30
1789634767,6940,2932474,2956576,1232972,1458080,3022112,0,1216528,16436,8,30
1789634769,6942,2932474,2956576,1232972,1458080,3022112,0,1216528,16436,8,30
1789634771,6944,2932474,2956576,1232972,1458080,3022112,0,1216528,16436,8,30
1789634773,6946,2932474,2956576,1232972,1458080,3022112,0,1216528,16436,8,30
1789634775,6948,2932474,2956576,1232972,1458080,3022112,0,1216528,16436,8,30
1789634777,6950,2932474,2956576,1232972,1458080,3022112,0,1216528,16436,8,30
1789634779,6952,2932474,2956576,1232972,1458080,3022112,0,1216528,16436,8,30
1789634781,6954,2932474,2956576,1232972,1458080,3022112,0,1216528,16436,8,30
1789634783,6956,2932474,2956576,1232972,1458080,3022112,0,1216528,16436,8,30
1789634785,6958,2932474,2956576,1232972,1458080,3022112,0,1216528,16436,8,30
1789634787,6960,2932474,2956576,1232972,1458080,3022112,0,1216528,16436,8,30
1789634789,6962,2932474,2956576,1232972,1458080,3022112,0,1216528,16436,8,30
1789634791,6964,2932474,2956576,1232972,1458080,3022112,0,1216528,16436,8,30
1789634793,6966,2932474,2956576,1232972,1458080,3022112,0,1216528,16436,8,30
1789634795,6968,2932474,2956576,1232972,1458080,3022112,0,1216528,16436,8,30
1789634797,6970,2932474,2956576,1232972,1458080,3022112,0,1216528,16436,8,30
1789634799,6972,2932474,2956576,1232972,1458080,3022112,0,1216528,16436,8,30
1789634801,6974,2932474,2956576,1232972,1458080,3022112,0,1216528,16436,8,30
1789634803,6976,2932474,2956576,1232972,1458080,3022112,0,1216528,16436,8,30
1789634805,6978,2932474,2956576,1232972,1458080,3022112,0,1216528,16436,8,30
1789634807,6980,2932474,2956576,1232972,1458080,3022112,0,1216528,16436,8,30
1789634809,6982,2932474,2956576,1232972,1458080,3022112,0,1216528,16436,8,30
1789634811,6984,2932474,2956576,1232972,1458080,3022112,0,1216528,16436,8,30
1789634813,6986,2932474,2956576,1232972,1458080,3022112,0,1216528,16436,8,30
1789634815,6988,2932474,2956576,1232972,1458080,3022112,0,1216528,16436,8,30
1789634817,6990,2932474,2956576,1232972,1458080,3022112,0,1216528,16436,8,30
1789634819,6992,2932474,2956576,1232972,1458080,3022112,0,1216528,16436,8,30
1789634821,6994,2932474,2956576,1232972,1458080,3022112,0,1216528,16436,8,30
1789634823,6996,2932474,2956576,1232972,1458080,3022112,0,1216528,16436,8,30
1789634825,6998,2932474,2956576,1232972,1458080,3022112,0,1216528,16436,8,30
1789634827,7000,2932474,2956576,1232972,1458080,3022112,0,1216528,16436,8,30
1789634829,7002,2932474,2956576,1232972,1458080,3022112,0,1216528,16436,8,30
1789634831,7004,2932474,2956576,1232972,1458080,3022112,0,1216528,16436,8,30
1789634833,7006,2932474,2956576,1232972,1458080,3022112,0,1216528,16436,8,30
1789634835,7008,2932474,2956576,1232972,1458080,3022112,0,1216528,16436,8,30
1789634837,7010,2932474,2956576,1232972,1458080,3022112,0,1216528,16436,8,30
1789634839,7012,2932474,2956576,1232972,1458080,3022112,0,1216528,16436,8,30
1789634841,7014,2932474,2956576,1232972,1458080,3022112,0,1216528,16436,8,30
1789634843,7016,2932474,2956576,1232972,1458080,3022112,0,1216528,16436,8,30
1789634845,7018,2932474,2956576,1232972,1458080,3022112,0,1216528,16436,8,30
1789634847,7020,2932474,2956576,1232972,1458080,3022112,0,1216528,16436,8,30
1789634849,7022,2932474,2956576,1232972,1458080,3022112,0,1216528,16436,8,30
1789634851,7024,2932474,2956576,1232972,1458080,3022112,0,1216528,16436,8,30
1789634853,7026,2932474,2956576,1232972,1458080,3022112,0,1216528,16436,8,30
1789634855,7028,2932474,2956576,1232972,1458080,3022112,0,1216528,16436,8,30
1789634857,7030,2932474,2956576,1232972,1458080,3022112,0,1216528,16436,8,30
1789634859,7032,2932474,2956576,1232972,1458080,3022112,0,1216528,16436,8,30
1789634861,7034,2932474,2956576,1232972,1458080,3022112,0,1216528,16436,8,30
1789634863,7036,2932474,2956576,1232972,1458080,3022112,0,1216528,16436,8,30
1789634865,7038,2932474,2956576,1232972,1458080,3022112,0,1216528,16436,8,30
1789634867,7040,2932474,2956576,1232972,1458080,3022112,0,1216528,16436,8,30
1789634869,7042,2932474,2956576,1232972,1458080,3022112,0,1216528,16436,8,30
1789634871,7044,2932474,2956576,1232972,1458080,3022112,0,1216528,16436,8,30
1789634873,7046,2932474,2956576,1232972,1458080,3022112,0,1216528,16436,8,30
1789634875,7048,2932474,2956576,1232972,1458080,3022112,0,1216528,16436,8,30
1789634877,7050,2932474,2956576,1232972,1458080,3022112,0,1216528,16436,8,30
1789634879,7052,2932474,2956576,1232972,1458080,3022112,0,1216528,16436,8,30
1789634881,7054,2932474,2956576,1232972,1458080,3022112,0,1216528,16436,8,30
1789634883,7056,2932474,2956576,1232972,1458080,3022112,0,1216528,16436,8,30
1789634885,7058,2932474,2956576,1232972,1458080,3022112,0,1216528,16436,8,30
1789634887,7060,2932474,2956576,1232972,1458080,3022112,0,1216528,16436,8,30
1789634889,7062,2932474,2956576,1232972,1458080,3022112,0,1216528,16436,8,30
1789634891,7064,2932474,2956576,1232972,1458080,3022112,0,1216528,16436,8,30
1789634893,7066,2932474,2956576,1232972,1458080,3022112,0,1216528,16436,8,30
1789634895,7068,2932474,2956576,1232972,1458080,3022112,0,1216528,16436,8,30
1789634897,7070,2932474,2956576,1232972,1458080,3022112,0,1216528,16436,8,30
1789634899,7072,2932474,2956576,1232972,1458080,3022112,0,1216528,16436,8,30
1789634901,7074,2932474,2956576,1232972,1458080,3022112,0,1216528,16436,8,30
1789634903,7076,2932474,2956576,1232972,1458080,3022112,0,1216528,16436,8,30
1789634905,7078,2932474,2956576,1232972,1458080,3022112,0,1216528,16436,8,30
1789634907,7080,2932474,2956576,1233008,1458116,3022112,0,1216564,16436,8,30
1789634909,7082,2932474,2956576,1233008,1458116,3022112,0,1216564,16436,8,30
1789634911,7084,2932474,2956576,1233008,1458116,3022112,0,1216564,16436,8,30
1789634913,7086,2932474,2956576,1233008,1458116,3022112,0,1216564,16436,8,30
1789634915,7088,2932474,2956576,1233008,1458116,3022112,0,1216564,16436,8,30
1789634917,7090,2932474,2956576,1233008,1458116,3022112,0,1216564,16436,8,30
1789634919,7092,2932474,2956576,1233048,1458156,3022112,0,1216604,16436,8,30
1789634921,7094,2932474,2956576,1233048,1458156,3022112,0,1216604,16436,8,30
1789634923,7096,2932474,2956576,1233048,1458156,3022112,0,1216604,16436,8,30
1789634925,7098,2932474,2956576,1233048,1458156,3022112,0,1216604,16436,8,30
1789634927,7100,2932474,2956576,1233048,1458156,3022112,0,1216604,16436,8,30
1789634929,7102,2932474,2956576,1233048,1458156,3022112,0,1216604,16436,8,30
1789634931,7104,2932474,2956576,1233048,1458156,3022112,0,1216604,16436,8,30
1789634933,7106,2932474,2956576,1233048,1458156,3022112,0,1216604,16436,8,30
1789634935,7108,2932474,2956576,1233048,1458156,3022112,0,1216604,16436,8,30
1789634937,7110,2932474,2956576,1233048,1458156,3022112,0,1216604,16436,8,30
1789634939,7112,2932474,2956576,1233048,1458156,3022112,0,1216604,16436,8,30
1789634941,7114,2932474,2956576,1233048,1458156,3022112,0,1216604,16436,8,30
1789634943,7116,2932474,2956576,1233048,1458156,3022112,0,1216604,16436,8,30
1789634945,7118,2932474,2956576,1233048,1458156,3022112,0,1216604,16436,8,30
1789634947,7120,2932474,2956576,1233048,1458156,3022112,0,1216604,16436,8,30
1789634949,7122,2932474,2956576,1233048,1458156,3022112,0,1216604,16436,8,30
1789634951,7124,2932474,2956576,1233048,1458156,3022112,0,1216604,16436,8,30
1789634953,7126,2932474,2956576,1233048,1458156,3022112,0,1216604,16436,8,30
1789634955,7128,2932474,2956576,1233048,1458156,3022112,0,1216604,16436,8,30
1789634957,7130,2932474,2956576,1233048,1458156,3022112,0,1216604,16436,8,30
1789634959,7132,2932474,2956576,1233048,1458156,3022112,0,1216604,16436,8,30
1789634961,7134,2932474,2956576,1233048,1458156,3022112,0,1216604,16436,8,30
1789634963,7136,2932474,2956576,1238636,1463744,3022112,0,1222192,16436,8,30
1789634965,7138,2932474,2956576,1238636,1463744,3022112,0,1222192,16436,8,30
1789634967,7140,2932474,2956576,1238636,1463744,3022112,0,1222192,16436,8,30
1789634969,7142,2932474,2956576,1238636,1463744,3022112,0,1222192,16436,8,30
1789634971,7144,2932474,2956576,1238636,1463744,3022112,0,1222192,16436,8,30
1789634973,7146,2932474,2956576,1238636,1463744,3022112,0,1222192,16436,8,30
1789634975,7148,2932474,2956576,1244224,1469332,3022112,0,1227780,16436,8,30
1789634977,7150,2932474,2956576,1244224,1469332,3022112,0,1227780,16436,8,30
1789634979,7152,2932474,2956576,1244224,1469332,3022112,0,1227780,16436,8,30
1789634981,7154,2932474,2956576,1244224,1469332,3022112,0,1227780,16436,8,30
1789634983,7156,2932474,2956576,1244224,1469332,3022112,0,1227780,16436,8,30
1789634985,7158,2932474,2956576,1244224,1469332,3022112,0,1227780,16436,8,30
1789634987,7160,2932474,2956576,1244224,1469332,3022112,0,1227780,16436,8,30
1789634989,7162,2932474,2956576,1244224,1469332,3022112,0,1227780,16436,8,30
1789634991,7164,2932474,2956576,1244224,1469332,3022112,0,1227780,16436,8,30
1789634993,7166,2932474,2956576,1244224,1469332,3022112,0,1227780,16436,8,30
1789634995,7168,2932474,2956576,1244224,1469332,3022112,0,1227780,16436,8,30
1789634997,7170,2932474,2956576,1244224,1469332,3022112,0,1227780,16436,8,30
1789634999,7172,2932474,2956576,1244224,1469332,3022112,0,1227780,16436,8,30
1789635001,7174,2932474,2956576,1244224,1469332,3022112,0,1227780,16436,8,30
1789635004,7177,2932474,2956588,1244236,1469340,3022112,0,1227792,16436,8,31
1789635005,7178,2932474,2956576,1244224,1469332,3022112,0,1227780,16436,8,30
1789635008,7181,2932474,2956576,1244224,1469332,3022112,0,1227780,16436,8,30
1789635010,7183,2932474,2956576,1244224,1469332,3022112,0,1227780,16436,8,30
1789635012,7185,2932474,2956576,1244224,1469332,3022112,0,1227780,16436,8,30
1789635014,7187,2932474,2956576,1244224,1469332,3022112,0,1227780,16436,8,30
1789635016,7189,2932474,2956576,1244224,1469332,3022112,0,1227780,16436,8,30
1789635018,7191,2932474,2956576,1244224,1469332,3022112,0,1227780,16436,8,30
1789635020,7193,2932474,2956576,1244224,1469332,3022112,0,1227780,16436,8,30
1789635022,7195,2932474,2956576,1244224,1469332,3022112,0,1227780,16436,8,30
1789635024,7197,2932474,2956576,1244224,1469332,3022112,0,1227780,16436,8,30
1789635026,7199,2932474,2956576,1244224,1469332,3022112,0,1227780,16436,8,30
1789635028,7201,2932474,2956576,1244224,1469332,3022112,0,1227780,16436,8,30
1789635030,7203,2932474,2956576,1244224,1469332,3022112,0,1227780,16436,8,30
1789635032,7205,2932474,2956576,1244224,1469332,3022112,0,1227780,16436,8,30
1789635034,7207,2932474,2956576,1244224,1469332,3022112,0,1227780,16436,8,30
1789635036,7209,2932474,2956576,1244224,1469332,3022112,0,1227780,16436,8,30
1789635038,7211,2932474,2956576,1244224,1469332,3022112,0,1227780,16436,8,30
1789635040,7213,2932474,2956576,1244224,1469332,3022112,0,1227780,16436,8,30
1789635042,7215,2932474,2956576,1244224,1469332,3022112,0,1227780,16436,8,30
1789635044,7217,2932474,2956576,1244224,1469332,3022112,0,1227780,16436,8,30
1789635046,7219,2932474,2956576,1244224,1469332,3022112,0,1227780,16436,8,30
1789635048,7221,2932474,2956576,1244224,1469332,3022112,0,1227780,16436,8,30
1789635050,7223,2932474,2956576,1244224,1469332,3022112,0,1227780,16436,8,30
1789635052,7225,2932474,2956576,1244224,1469332,3022112,0,1227780,16436,8,30
1789635054,7227,2932474,2956576,1244224,1469332,3022112,0,1227780,16436,8,30
1789635056,7229,2932474,2956576,1244224,1469332,3022112,0,1227780,16436,8,30
1789635058,7231,2932474,2956576,1244224,1469332,3022112,0,1227780,16436,8,30
1789635060,7233,2932474,2956576,1244224,1469332,3022112,0,1227780,16436,8,30
1789635062,7235,2932474,2956576,1244224,1469332,3022112,0,1227780,16436,8,30
1789635064,7237,2932474,2956576,1244224,1469332,3022112,0,1227780,16436,8,30
1789635066,7239,2932474,2956576,1244224,1469332,3022112,0,1227780,16436,8,30
1789635068,7241,2932474,2956576,1244224,1469332,3022112,0,1227780,16436,8,30
1789635070,7243,2932474,2956576,1244224,1469332,3022112,0,1227780,16436,8,30
1789635072,7245,2932474,2956576,1244224,1469332,3022112,0,1227780,16436,8,30
1789635074,7247,2932474,2956576,1244224,1469332,3022112,0,1227780,16436,8,30
1789635076,7249,2932474,2956576,1244224,1469332,3022112,0,1227780,16436,8,30
1789635078,7251,2932474,2956576,1244224,1469332,3022112,0,1227780,16436,8,30
1789635080,7253,2932474,2956576,1244224,1469332,3022112,0,1227780,16436,8,30
1789635082,7255,2932474,2956576,1244224,1469332,3022112,0,1227780,16436,8,30
1789635084,7257,2932474,2956576,1244224,1469332,3022112,0,1227780,16436,8,30
1789635086,7259,2932474,2956576,1244224,1469332,3022112,0,1227780,16436,8,30
1789635088,7261,2932474,2956576,1244224,1469332,3022112,0,1227780,16436,8,30
1789635090,7263,2932474,2956576,1244224,1469332,3022112,0,1227780,16436,8,30
1789635092,7265,2932474,2956576,1244224,1469332,3022112,0,1227780,16436,8,30
1789635094,7267,2932474,2956576,1244224,1469332,3022112,0,1227780,16436,8,30
1789635096,7269,2932474,2956576,1244224,1469332,3022112,0,1227780,16436,8,30
1789635098,7271,2932474,2956576,1244224,1469332,3022112,0,1227780,16436,8,30
1789635100,7273,2932474,2956576,1244224,1469332,3022112,0,1227780,16436,8,30
1789635102,7275,2932474,2956576,1244224,1469332,3022112,0,1227780,16436,8,30
1789635104,7277,2932474,2956576,1244224,1469332,3022112,0,1227780,16436,8,30
1789635106,7279,2932474,2956576,1244224,1469332,3022112,0,1227780,16436,8,30
1789635108,7281,2932474,2956576,1244224,1469332,3022112,0,1227780,16436,8,30
1789635110,7283,2932474,2956576,1244224,1469332,3022112,0,1227780,16436,8,30
1789635112,7285,2932474,2956576,1244224,1469332,3022112,0,1227780,16436,8,30
1789635114,7287,2932474,2956576,1244224,1469332,3022112,0,1227780,16436,8,30
1789635116,7289,2932474,2956576,1244224,1469332,3022112,0,1227780,16436,8,30
1789635118,7291,2932474,2956576,1244224,1469332,3022112,0,1227780,16436,8,30
1789635120,7293,2932474,2956576,1244228,1469332,3022112,0,1227784,16436,8,30
1789635122,7295,2932474,2956576,1244228,1469332,3022112,0,1227784,16436,8,30
1789635124,7297,2932474,2956576,1244228,1469332,3022112,0,1227784,16436,8,30
1789635126,7299,2932474,2956576,1244228,1469332,3022112,0,1227784,16436,8,30
1789635128,7301,2932474,2956576,1244228,1469332,3022112,0,1227784,16436,8,30
1789635130,7303,2932474,2956576,1244228,1469332,3022112,0,1227784,16436,8,30
1789635132,7305,2932474,2956576,1244228,1469332,3022112,0,1227784,16436,8,30
1789635134,7307,2932474,2956576,1244228,1469332,3022112,0,1227784,16436,8,30
1789635136,7309,2932474,2956576,1244228,1469332,3022112,0,1227784,16436,8,30
1789635138,7311,2932474,2956576,1244228,1469332,3022112,0,1227784,16436,8,30
1789635140,7313,2932474,2956576,1244228,1469332,3022112,0,1227784,16436,8,30
1789635142,7315,2932474,2956576,1244228,1469332,3022112,0,1227784,16436,8,30
1789635144,7317,2932474,2956576,1244228,1469332,3022112,0,1227784,16436,8,30
1789635146,7319,2932474,2956576,1244228,1469332,3022112,0,1227784,16436,8,30
1789635148,7321,2932474,2956576,1244228,1469332,3022112,0,1227784,16436,8,30
1789635150,7323,2932474,2956576,1244228,1469332,3022112,0,1227784,16436,8,30
1789635152,7325,2932474,2956576,1244228,1469332,3022112,0,1227784,16436,8,30
1789635154,7327,2932474,2956576,1244228,1469332,3022112,0,1227784,16436,8,30
1789635156,7329,2932474,2956576,1244228,1469332,3022112,0,1227784,16436,8,30
1789635158,7331,2932474,2956576,1244228,1469332,3022112,0,1227784,16436,8,30
1789635160,7333,2932474,2956576,1244228,1469332,3022112,0,1227784,16436,8,30
1789635162,7335,2932474,2956576,1244228,1469332,3022112,0,1227784,16436,8,30
1789635164,7337,2932474,2956576,1244228,1469332,3022112,0,1227784,16436,8,30
1789635166,7339,2932474,2956576,1244228,1469332,3022112,0,1227784,16436,8,30
1789635168,7341,2932474,2956576,1244228,1469332,3022112,0,1227784,16436,8,30
1789635170,7343,2932474,2956576,1244228,1469332,3022112,0,1227784,16436,8,30
1789635172,7345,2932474,2956576,1244228,1469332,3022112,0,1227784,16436,8,30
1789635174,7347,2932474,2956576,1244228,1469332,3022112,0,1227784,16436,8,30
1789635176,7349,2932474,2956576,1244228,1469332,3022112,0,1227784,16436,8,30
1789635178,7351,2932474,2956576,1244228,1469332,3022112,0,1227784,16436,8,30
1789635180,7353,2932474,2956576,1244228,1469332,3022112,0,1227784,16436,8,30
1789635182,7355,2932474,2956576,1244228,1469332,3022112,0,1227784,16436,8,30
1789635184,7357,2932474,2956576,1244228,1469332,3022112,0,1227784,16436,8,30
1789635186,7359,2932474,2956576,1244228,1469332,3022112,0,1227784,16436,8,30
1789635188,7361,2932474,2956576,1244228,1469332,3022112,0,1227784,16436,8,30
1789635190,7363,2932474,2956576,1244228,1469332,3022112,0,1227784,16436,8,30
1789635192,7365,2932474,2956576,1244228,1469332,3022112,0,1227784,16436,8,30
1789635194,7367,2932474,2956576,1244228,1469332,3022112,0,1227784,16436,8,30
1789635196,7369,2932474,2956576,1244228,1469332,3022112,0,1227784,16436,8,30
1789635198,7371,2932474,2956576,1244228,1469332,3022112,0,1227784,16436,8,30
1789635200,7373,2932474,2956576,1244228,1469332,3022112,0,1227784,16436,8,30
1789635202,7375,2932474,2956576,1244228,1469332,3022112,0,1227784,16436,8,30
1789635204,7377,2932474,2956576,1244228,1469332,3022112,0,1227784,16436,8,30
1789635206,7379,2932474,2956576,1244228,1469332,3022112,0,1227784,16436,8,30
1789635208,7381,2932474,2956576,1244228,1469332,3022112,0,1227784,16436,8,30
1789635210,7383,2932474,2956576,1244228,1469332,3022112,0,1227784,16436,8,30
1789635212,7385,2932474,2956576,1244228,1469332,3022112,0,1227784,16436,8,30
1789635214,7387,2932474,2956576,1244228,1469332,3022112,0,1227784,16436,8,30
1789635216,7389,2932474,2956576,1244228,1469332,3022112,0,1227784,16436,8,30
1789635218,7391,2932474,2956576,1244228,1469332,3022112,0,1227784,16436,8,30
1789635220,7393,2932474,2956576,1244228,1469332,3022112,0,1227784,16436,8,30
1789635222,7395,2932474,2956576,1244228,1469332,3022112,0,1227784,16436,8,30
1789635224,7397,2932474,2956576,1244228,1469332,3022112,0,1227784,16436,8,30
1789635226,7399,2932474,2956576,1244228,1469332,3022112,0,1227784,16436,8,30
1789635228,7401,2932474,2956576,1244228,1469332,3022112,0,1227784,16436,8,30
1789635230,7403,2932474,2956576,1244228,1469332,3022112,0,1227784,16436,8,30
1789635232,7405,2932474,2956576,1244228,1469332,3022112,0,1227784,16436,8,30
1789635234,7407,2932474,2956576,1244228,1469332,3022112,0,1227784,16436,8,30
1789635236,7409,2932474,2956576,1244228,1469332,3022112,0,1227784,16436,8,30
1789635238,7411,2932474,2956576,1244228,1469332,3022112,0,1227784,16436,8,30
1789635240,7413,2932474,2956576,1244228,1469332,3022112,0,1227784,16436,8,30
1789635242,7415,2932474,2956576,1244228,1469332,3022112,0,1227784,16436,8,30
1789635244,7417,2932474,2956576,1244228,1469332,3022112,0,1227784,16436,8,30
1789635246,7419,2932474,2956576,1244228,1469332,3022112,0,1227784,16436,8,30
1789635248,7421,2932474,2956576,1244228,1469332,3022112,0,1227784,16436,8,30
1789635250,7423,2932474,2956576,1244228,1469332,3022112,0,1227784,16436,8,30
1789635252,7425,2932474,2956576,1244228,1469332,3022112,0,1227784,16436,8,30
1789635254,7427,2932474,2956576,1244228,1469332,3022112,0,1227784,16436,8,30
1789635256,7429,2932474,2956576,1244228,1469332,3022112,0,1227784,16436,8,30
1789635258,7431,2932474,2956576,1244228,1469332,3022112,0,1227784,16436,8,30
1789635260,7433,2932474,2956576,1244228,1469332,3022112,0,1227784,16436,8,30
1789635262,7435,2932474,2956576,1244228,1469332,3022112,0,1227784,16436,8,30
1789635264,7437,2932474,2956576,1244228,1469332,3022112,0,1227784,16436,8,30
1789635266,7439,2932474,2956576,1244228,1469332,3022112,0,1227784,16436,8,30
1789635268,7441,2932474,2956576,1244228,1469332,3022112,0,1227784,16436,8,30
1789635270,7443,2932474,2956576,1244228,1469332,3022112,0,1227784,16436,8,30
1789635272,7445,2932474,2956576,1244228,1469332,3022112,0,1227784,16436,8,30
1789635274,7447,2932474,2956576,1244228,1469332,3022112,0,1227784,16436,8,30
1789635276,7449,2932474,2956576,1244228,1469332,3022112,0,1227784,16436,8,30
1789635278,7451,2932474,2956576,1244228,1469332,3022112,0,1227784,16436,8,30
1789635280,7453,2932474,2956576,1244228,1469332,3022112,0,1227784,16436,8,30
1789635282,7455,2932474,2956576,1244228,1469332,3022112,0,1227784,16436,8,30
1789635284,7457,2932474,2956576,1244228,1469332,3022112,0,1227784,16436,8,30
1789635286,7459,2932474,2956576,1244228,1469332,3022112,0,1227784,16436,8,30
1789635288,7461,2932474,2956576,1244228,1469332,3022112,0,1227784,16436,8,30
1789635290,7463,2932474,2956576,1244228,1469332,3022112,0,1227784,16436,8,30
1789635292,7465,2932474,2956576,1244228,1469332,3022112,0,1227784,16436,8,30
1789635294,7467,2932474,2956576,1244228,1469332,3022112,0,1227784,16436,8,30
1789635296,7469,2932474,2956576,1244228,1469332,3022112,0,1227784,16436,8,30
1789635298,7471,2932474,2956576,1244228,1469332,3022112,0,1227784,16436,8,30
1789635300,7473,2932474,2956576,1244228,1469332,3022112,0,1227784,16436,8,30
1789635302,7475,2932474,2956576,1244228,1469332,3022112,0,1227784,16436,8,30
1789635304,7477,2932474,2956576,1244228,1469332,3022112,0,1227784,16436,8,30
1789635306,7479,2932474,2956576,1244228,1469332,3022112,0,1227784,16436,8,30
1789635308,7481,2932474,2956576,1244228,1469332,3022112,0,1227784,16436,8,30
1789635310,7483,2932474,2956576,1244228,1469332,3022112,0,1227784,16436,8,30
1789635312,7485,2932474,2956576,1244228,1469332,3022112,0,1227784,16436,8,30
1789635314,7487,2932474,2956576,1244228,1469332,3022112,0,1227784,16436,8,30
1789635316,7489,2932474,2956576,1244228,1469332,3022112,0,1227784,16436,8,30
1789635318,7491,2932474,2956576,1244228,1469332,3022112,0,1227784,16436,8,30
1789635320,7493,2932474,2956576,1244228,1469332,3022112,0,1227784,16436,8,30
1789635322,7495,2932474,2956576,1244228,1469332,3022112,0,1227784,16436,8,30
1789635324,7497,2932474,2956576,1244228,1469332,3022112,0,1227784,16436,8,30
1789635326,7499,2932474,2956576,1244228,1469332,3022112,0,1227784,16436,8,30
1789635328,7501,2932474,2956576,1244228,1469332,3022112,0,1227784,16436,8,30
1789635330,7503,2932474,2956576,1244228,1469332,3022112,0,1227784,16436,8,30
1789635332,7505,2932474,2956576,1244228,1469332,3022112,0,1227784,16436,8,30
1789635334,7507,2932474,2956576,1244228,1469332,3022112,0,1227784,16436,8,30
1789635336,7509,2932474,2956576,1244228,1469332,3022112,0,1227784,16436,8,30
1789635338,7511,2932474,2956576,1244228,1469332,3022112,0,1227784,16436,8,30
1789635340,7513,2932474,2956576,1244228,1469332,3022112,0,1227784,16436,8,30
1789635342,7515,2932474,2956576,1244228,1469332,3022112,0,1227784,16436,8,30
1789635344,7517,2932474,2956576,1244228,1469332,3022112,0,1227784,16436,8,30
1789635346,7519,2932474,2956576,1244228,1469332,3022112,0,1227784,16436,8,30
1789635348,7521,2932474,2956576,1244228,1469332,3022112,0,1227784,16436,8,30
1789635350,7523,2932474,2956576,1244228,1469332,3022112,0,1227784,16436,8,30
1789635352,7525,2932474,2956576,1244228,1469332,3022112,0,1227784,16436,8,30
1789635354,7527,2932474,2956576,1244228,1469332,3022112,0,1227784,16436,8,30
1789635356,7529,2932474,2956576,1244228,1469332,3022112,0,1227784,16436,8,30
1789635358,7531,2932474,2956576,1244228,1469332,3022112,0,1227784,16436,8,30
1789635360,7533,2932474,2956576,1244228,1469332,3022112,0,1227784,16436,8,30
1789635362,7535,2932474,2956576,1244228,1469332,3022112,0,1227784,16436,8,30
1789635364,7537,2932474,2956576,1244228,1469332,3022112,0,1227784,16436,8,30
1789635366,7539,2932474,2956576,1244228,1469332,3022112,0,1227784,16436,8,30
1789635368,7541,2932474,2956576,1244228,1469332,3022112,0,1227784,16436,8,30
1789635370,7543,2932474,2956576,1244228,1469332,3022112,0,1227784,16436,8,30
1789635372,7545,2932474,2956576,1244228,1469332,3022112,0,1227784,16436,8,30
1789635374,7547,2932474,2956576,1244228,1469332,3022112,0,1227784,16436,8,30
1789635376,7549,2932474,2956576,1244228,1469332,3022112,0,1227784,16436,8,30
1789635378,7551,2932474,2956576,1244228,1469332,3022112,0,1227784,16436,8,30
1789635380,7553,2932474,2956576,1244228,1469332,3022112,0,1227784,16436,8,30
1789635382,7555,2932474,2956576,1244228,1469332,3022112,0,1227784,16436,8,30
1789635384,7557,2932474,2956576,1244228,1469332,3022112,0,1227784,16436,8,30
1789635386,7559,2932474,2956576,1244228,1469332,3022112,0,1227784,16436,8,30
1789635388,7561,2932474,2956576,1244228,1469332,3022112,0,1227784,16436,8,30
1789635390,7563,2932474,2956576,1244228,1469332,3022112,0,1227784,16436,8,30
1789635392,7565,2932474,2956576,1244228,1469332,3022112,0,1227784,16436,8,30
1789635394,7567,2932474,2956576,1244228,1469332,3022112,0,1227784,16436,8,30
1789635396,7569,2932474,2956576,1244228,1469332,3022112,0,1227784,16436,8,30
1789635398,7571,2932474,2956576,1244228,1469332,3022112,0,1227784,16436,8,30
1789635400,7573,2932474,2956576,1244228,1469332,3022112,0,1227784,16436,8,30
1789635403,7576,2932474,2956576,1244228,1469332,3022112,0,1227784,16436,8,30
1789635404,7577,2932474,2956576,1244228,1469332,3022112,0,1227784,16436,8,30
1789635406,7579,2932474,2956576,1244228,1469332,3022112,0,1227784,16436,8,30
1789635408,7581,2932474,2956576,1244228,1469332,3022112,0,1227784,16436,8,30
1789635410,7583,2932474,2956576,1244228,1469332,3022112,0,1227784,16436,8,30
1789635412,7585,2932474,2956576,1244228,1469332,3022112,0,1227784,16436,8,30
1789635414,7587,2932474,2956576,1244228,1469332,3022112,0,1227784,16436,8,30
1789635416,7589,2932474,2956576,1244228,1469332,3022112,0,1227784,16436,8,30
1789635418,7591,2932474,2956576,1244228,1469332,3022112,0,1227784,16436,8,30
1789635420,7593,2932474,2956576,1244228,1469332,3022112,0,1227784,16436,8,30
1789635422,7595,2932474,2956576,1244228,1469332,3022112,0,1227784,16436,8,30
1789635424,7597,2932474,2956576,1244228,1469332,3022112,0,1227784,16436,8,30
1789635426,7599,2932474,2956576,1244228,1469332,3022112,0,1227784,16436,8,30
1789635428,7601,2932474,2956576,1244228,1469332,3022112,0,1227784,16436,8,30
1789635430,7603,2932474,2956576,1244228,1469332,3022112,0,1227784,16436,8,30
1789635432,7605,2932474,2956576,1244228,1469332,3022112,0,1227784,16436,8,30
1789635434,7607,2932474,2956576,1244228,1469332,3022112,0,1227784,16436,8,30
1789635436,7609,2932474,2956576,1244228,1469332,3022112,0,1227784,16436,8,30
1789635438,7611,2932474,2956576,1244228,1469332,3022112,0,1227784,16436,8,30
1789635440,7613,2932474,2956576,1244228,1469332,3022112,0,1227784,16436,8,30
1789635442,7615,2932474,2956576,1244228,1469332,3022112,0,1227784,16436,8,30
1789635444,7617,2932474,2956576,1244228,1469332,3022112,0,1227784,16436,8,30
1789635446,7619,2932474,2956576,1244228,1469332,3022112,0,1227784,16436,8,30
1789635448,7621,2932474,2956576,1244228,1469332,3022112,0,1227784,16436,8,30
1789635450,7623,2932474,2956576,1244228,1469332,3022112,0,1227784,16436,8,30
1789635452,7625,2932474,2956576,1244228,1469332,3022112,0,1227784,16436,8,30
1789635454,7627,2932474,2956576,1244228,1469332,3022112,0,1227784,16436,8,30
1789635456,7629,2932474,2956576,1244228,1469332,3022112,0,1227784,16436,8,30
1789635458,7631,2932474,2956576,1244228,1469332,3022112,0,1227784,16436,8,30
1789635460,7633,2932474,2956576,1244228,1469332,3022112,0,1227784,16436,8,30
1789635462,7635,2932474,2956576,1244228,1469332,3022112,0,1227784,16436,8,30
1789635464,7637,2932474,2956588,1244240,1469340,3022112,0,1227796,16436,8,31
1789635466,7639,2932474,2956576,1244228,1469332,3022112,0,1227784,16436,8,30
1789635468,7641,2932474,2956576,1244228,1469332,3022112,0,1227784,16436,8,30
1789635470,7643,2932474,2956576,1244228,1469332,3022112,0,1227784,16436,8,30
1789635472,7645,2932474,2956576,1244228,1469332,3022112,0,1227784,16436,8,30
1789635474,7647,2932474,2956576,1244228,1469332,3022112,0,1227784,16436,8,30
1789635476,7649,2932474,2956576,1244228,1469332,3022112,0,1227784,16436,8,30
1789635478,7651,2932474,2956576,1244228,1469332,3022112,0,1227784,16436,8,30
1789635480,7653,2932474,2956576,1244228,1469332,3022112,0,1227784,16436,8,30
1789635482,7655,2932474,2956576,1244228,1469332,3022112,0,1227784,16436,8,30
1789635484,7657,2932474,2956576,1244228,1469332,3022112,0,1227784,16436,8,30
1789635486,7659,2932474,2956576,1244228,1469332,3022112,0,1227784,16436,8,30
1789635488,7661,2932474,2956576,1244228,1469332,3022112,0,1227784,16436,8,30
1789635490,7663,2932474,2956576,1244228,1469332,3022112,0,1227784,16436,8,30
1789635492,7665,2932474,2956576,1244228,1469332,3022112,0,1227784,16436,8,30
1789635494,7667,2932474,2956576,1244228,1469332,3022112,0,1227784,16436,8,30
1789635496,7669,2932474,2956576,1244228,1469332,3022112,0,1227784,16436,8,30
1789635498,7671,2932474,2956576,1244228,1469332,3022112,0,1227784,16436,8,30
1789635500,7673,2932474,2956576,1244228,1469332,3022112,0,1227784,16436,8,30
1789635502,7675,2932474,2956576,1244228,1469332,3022112,0,1227784,16436,8,30
1789635504,7677,2932474,2956576,1244228,1469332,3022112,0,1227784,16436,8,30
1789635506,7679,2932474,2956576,1244228,1469332,3022112,0,1227784,16436,8,30
1789635508,7681,2932474,2956576,1244228,1469332,3022112,0,1227784,16436,8,30
1789635510,7683,2932474,2956576,1244228,1469332,3022112,0,1227784,16436,8,30
1789635512,7685,2932474,2956576,1244228,1469332,3022112,0,1227784,16436,8,30
1789635514,7687,2932474,2956576,1244228,1469332,3022112,0,1227784,16436,8,30
1789635516,7689,2932474,2956576,1244228,1469332,3022112,0,1227784,16436,8,30
1789635518,7691,2932474,2956576,1244228,1469332,3022112,0,1227784,16436,8,30
1789635520,7693,2932474,2956576,1244228,1469332,3022112,0,1227784,16436,8,30
1789635522,7695,2932474,2956588,1244240,1469340,3022112,0,1227796,16436,8,31
1789635524,7697,2932474,2956576,1244232,1469332,3022112,0,1227788,16436,8,30
1789635526,7699,2932474,2956576,1244232,1469332,3022112,0,1227788,16436,8,30
1789635528,7701,2932474,2956576,1244232,1469332,3022112,0,1227788,16436,8,30
1789635530,7703,2932474,2956576,1244232,1469332,3022112,0,1227788,16436,8,30
1789635532,7705,2932474,2956576,1244232,1469332,3022112,0,1227788,16436,8,30
1789635534,7707,2932474,2956576,1244232,1469332,3022112,0,1227788,16436,8,30
1789635536,7709,2932474,2956576,1244232,1469332,3022112,0,1227788,16436,8,30
1789635538,7711,2932474,2956576,1244232,1469332,3022112,0,1227788,16436,8,30
1789635540,7713,2932474,2956576,1244232,1469332,3022112,0,1227788,16436,8,30
1789635542,7715,2932474,2956576,1244232,1469332,3022112,0,1227788,16436,8,30
1789635544,7717,2932474,2956576,1244232,1469332,3022112,0,1227788,16436,8,30
1789635546,7719,2932474,2956576,1244232,1469332,3022112,0,1227788,16436,8,30
1789635548,7721,2932474,2956576,1244232,1469332,3022112,0,1227788,16436,8,30
1789635550,7723,2932474,2956576,1244232,1469332,3022112,0,1227788,16436,8,30
1789635552,7725,2932474,2956576,1244232,1469332,3022112,0,1227788,16436,8,30
1789635554,7727,2932474,2956576,1244232,1469332,3022112,0,1227788,16436,8,30
1789635556,7729,2932474,2956576,1244232,1469332,3022112,0,1227788,16436,8,30
1789635558,7731,2932474,2956576,1244232,1469332,3022112,0,1227788,16436,8,30
1789635560,7733,2932474,2956576,1244232,1469332,3022112,0,1227788,16436,8,30
1789635562,7735,2932474,2956576,1244232,1469332,3022112,0,1227788,16436,8,30
1789635564,7737,2932474,2956576,1244232,1469332,3022112,0,1227788,16436,8,30
1789635566,7739,2932474,2956576,1244232,1469332,3022112,0,1227788,16436,8,30
1789635568,7741,2932474,2956576,1244232,1469332,3022112,0,1227788,16436,8,30
1789635570,7743,2932474,2956576,1244232,1469332,3022112,0,1227788,16436,8,30
1789635572,7745,2932474,2956576,1244232,1469332,3022112,0,1227788,16436,8,30
1789635574,7747,2932474,2956576,1244232,1469332,3022112,0,1227788,16436,8,30
1789635576,7749,2932474,2956576,1244232,1469332,3022112,0,1227788,16436,8,30
1789635578,7751,2932474,2956576,1244232,1469332,3022112,0,1227788,16436,8,30
1789635580,7753,2932474,2956576,1244232,1469332,3022112,0,1227788,16436,8,30
1789635582,7755,2932474,2956576,1244232,1469332,3022112,0,1227788,16436,8,30
1789635584,7757,2932474,2956576,1244232,1469332,3022112,0,1227788,16436,8,30
1789635586,7759,2932474,2956576,1244232,1469332,3022112,0,1227788,16436,8,30
1789635588,7761,2932474,2956576,1244232,1469332,3022112,0,1227788,16436,8,30
1789635590,7763,2932474,2956576,1244232,1469332,3022112,0,1227788,16436,8,30
1789635592,7765,2932474,2956576,1244232,1469332,3022112,0,1227788,16436,8,30
1789635594,7767,2932474,2956576,1244232,1469332,3022112,0,1227788,16436,8,30
1789635596,7769,2932474,2956576,1244232,1469332,3022112,0,1227788,16436,8,30
1789635598,7771,2932474,2956576,1244232,1469332,3022112,0,1227788,16436,8,30
1789635600,7773,2932474,2956576,1244232,1469332,3022112,0,1227788,16436,8,30
1789635602,7775,2932474,2956576,1244232,1469332,3022112,0,1227788,16436,8,30
1789635604,7777,2932474,2956576,1244232,1469332,3022112,0,1227788,16436,8,30
1789635606,7779,2932474,2956576,1244232,1469332,3022112,0,1227788,16436,8,30
1789635608,7781,2932474,2956576,1244232,1469332,3022112,0,1227788,16436,8,30
1789635610,7783,2932474,2956576,1244232,1469332,3022112,0,1227788,16436,8,30
1789635612,7785,2932474,2956576,1244232,1469332,3022112,0,1227788,16436,8,30
1789635614,7787,2932474,2956576,1244232,1469332,3022112,0,1227788,16436,8,30
1789635616,7789,2932474,2956576,1244232,1469332,3022112,0,1227788,16436,8,30
1789635618,7791,2932474,2956576,1244232,1469332,3022112,0,1227788,16436,8,30
1789635620,7793,2932474,2956576,1244232,1469332,3022112,0,1227788,16436,8,30
1789635622,7795,2932474,2956576,1244232,1469332,3022112,0,1227788,16436,8,30
1789635624,7797,2932474,2956576,1244232,1469332,3022112,0,1227788,16436,8,30
1789635626,7799,2932474,2956576,1244232,1469332,3022112,0,1227788,16436,8,30
1789635628,7801,2932474,2956576,1244232,1469332,3022112,0,1227788,16436,8,30
1789635630,7803,2932474,2956576,1244232,1469332,3022112,0,1227788,16436,8,30
1789635632,7805,2932474,2956576,1244232,1469332,3022112,0,1227788,16436,8,30
1789635634,7807,2932474,2956576,1244232,1469332,3022112,0,1227788,16436,8,30
1789635636,7809,2932474,2956576,1244232,1469332,3022112,0,1227788,16436,8,30
1789635638,7811,2932474,2956576,1244232,1469332,3022112,0,1227788,16436,8,30
1789635640,7813,2932474,2956576,1244232,1469332,3022112,0,1227788,16436,8,30
1789635642,7815,2932474,2956576,1244232,1469332,3022112,0,1227788,16436,8,30
1789635644,7817,2932474,2956576,1244232,1469332,3022112,0,1227788,16436,8,30
1789635646,7819,2932474,2956576,1244232,1469332,3022112,0,1227788,16436,8,30
1789635648,7821,2932474,2956576,1244232,1469332,3022112,0,1227788,16436,8,30
1789635650,7823,2932474,2956576,1244232,1469332,3022112,0,1227788,16436,8,30
1789635652,7825,2932474,2956576,1244232,1469332,3022112,0,1227788,16436,8,30
1789635654,7827,2932474,2956576,1244232,1469332,3022112,0,1227788,16436,8,30
1789635656,7829,2932474,2956576,1244232,1469332,3022112,0,1227788,16436,8,30
1789635658,7831,2932474,2956576,1244232,1469332,3022112,0,1227788,16436,8,30
1789635660,7833,2932474,2956576,1244232,1469332,3022112,0,1227788,16436,8,30
1789635662,7835,2932474,2956576,1244232,1469332,3022112,0,1227788,16436,8,30
1789635664,7837,2932474,2956576,1244232,1469332,3022112,0,1227788,16436,8,30
1789635666,7839,2932474,2956588,1244244,1469340,3022112,0,1227800,16436,8,31
1789635668,7841,2932474,2956576,1244232,1469332,3022112,0,1227788,16436,8,30
1789635670,7843,2932474,2956576,1244232,1469332,3022112,0,1227788,16436,8,30
1789635672,7845,2932474,2956576,1244232,1469332,3022112,0,1227788,16436,8,30
1789635674,7847,2932474,2956576,1244232,1469332,3022112,0,1227788,16436,8,30
1789635676,7849,2932474,2956576,1244232,1469332,3022112,0,1227788,16436,8,30
1789635678,7851,2932474,2956576,1244232,1469332,3022112,0,1227788,16436,8,30
1789635680,7853,2932474,2956576,1244232,1469332,3022112,0,1227788,16436,8,30
1789635682,7855,2932474,2956576,1244232,1469332,3022112,0,1227788,16436,8,30
1789635684,7857,2932474,2956576,1244232,1469332,3022112,0,1227788,16436,8,30
1789635686,7859,2932474,2956576,1244232,1469332,3022112,0,1227788,16436,8,30
1789635688,7861,2932474,2956576,1244232,1469332,3022112,0,1227788,16436,8,30
1789635690,7863,2932474,2956576,1244232,1469332,3022112,0,1227788,16436,8,30
1789635692,7865,2932474,2956576,1244232,1469332,3022112,0,1227788,16436,8,30
1789635694,7867,2932474,2956576,1244232,1469332,3022112,0,1227788,16436,8,30
1789635696,7869,2932474,2956576,1244232,1469332,3022112,0,1227788,16436,8,30
1789635698,7871,2932474,2956576,1244232,1469332,3022112,0,1227788,16436,8,30
1789635700,7873,2932474,2956576,1244232,1469332,3022112,0,1227788,16436,8,30
1789635702,7875,2932474,2956576,1244232,1469332,3022112,0,1227788,16436,8,30
1789635704,7877,2932474,2956576,1244232,1469332,3022112,0,1227788,16436,8,30
1789635706,7879,2932474,2956576,1244232,1469332,3022112,0,1227788,16436,8,30
1789635708,7881,2932474,2956576,1244232,1469332,3022112,0,1227788,16436,8,30
1789635710,7883,2932474,2956576,1244232,1469332,3022112,0,1227788,16436,8,30
1789635712,7885,2932474,2956576,1244232,1469332,3022112,0,1227788,16436,8,30
1789635714,7887,2932474,2956576,1244232,1469332,3022112,0,1227788,16436,8,30
1789635716,7889,2932474,2956576,1244232,1469332,3022112,0,1227788,16436,8,30
1789635718,7891,2932474,2956576,1244232,1469332,3022112,0,1227788,16436,8,30
1789635720,7893,2932474,2956576,1244232,1469332,3022112,0,1227788,16436,8,30
1789635722,7895,2932474,2956576,1244232,1469332,3022112,0,1227788,16436,8,30
1789635724,7897,2932474,2956576,1244232,1469332,3022112,0,1227788,16436,8,30
1789635726,7899,2932474,2956576,1244232,1469332,3022112,0,1227788,16436,8,30
1789635728,7901,2932474,2956576,1244232,1469332,3022112,0,1227788,16436,8,30
1789635730,7903,2932474,2956576,1244232,1469332,3022112,0,1227788,16436,8,30
1789635732,7905,2932474,2956576,1244232,1469332,3022112,0,1227788,16436,8,30
1789635734,7907,2932474,2956576,1244232,1469332,3022112,0,1227788,16436,8,30
1789635736,7909,2932474,2956576,1244232,1469332,3022112,0,1227788,16436,8,30
1789635738,7911,2932474,2956576,1244232,1469332,3022112,0,1227788,16436,8,30
1789635740,7913,2932474,2956576,1244232,1469332,3022112,0,1227788,16436,8,30
1789635742,7915,2932474,2956576,1244232,1469332,3022112,0,1227788,16436,8,30
1789635744,7917,2932474,2956576,1244232,1469332,3022112,0,1227788,16436,8,30
1789635746,7919,2932474,2956576,1244232,1469332,3022112,0,1227788,16436,8,30
1789635748,7921,2932474,2956576,1244232,1469332,3022112,0,1227788,16436,8,30
1789635750,7923,2932474,2956576,1244232,1469332,3022112,0,1227788,16436,8,30
1789635752,7925,2932474,2956576,1244232,1469332,3022112,0,1227788,16436,8,30
1789635754,7927,2932474,2956576,1244232,1469332,3022112,0,1227788,16436,8,30
1789635756,7929,2932474,2956576,1244232,1469332,3022112,0,1227788,16436,8,30
1789635758,7931,2932474,2956576,1244232,1469332,3022112,0,1227788,16436,8,30
1789635760,7933,2932474,2956576,1244232,1469332,3022112,0,1227788,16436,8,30
1789635762,7935,2932474,2956576,1244232,1469332,3022112,0,1227788,16436,8,30
1789635764,7937,2932474,2956576,1244232,1469332,3022112,0,1227788,16436,8,30
1789635766,7939,2932474,2956576,1244232,1469332,3022112,0,1227788,16436,8,30
1789635768,7941,2932474,2956576,1244232,1469332,3022112,0,1227788,16436,8,30
1789635770,7943,2932474,2956576,1244232,1469332,3022112,0,1227788,16436,8,30
1789635772,7945,2932474,2956576,1244232,1469332,3022112,0,1227788,16436,8,30
1789635774,7947,2932474,2956576,1244232,1469332,3022112,0,1227788,16436,8,30
1789635776,7949,2932474,2956576,1244232,1469332,3022112,0,1227788,16436,8,30
1789635778,7951,2932474,2956576,1244232,1469332,3022112,0,1227788,16436,8,30
1789635780,7953,2932474,2956576,1244232,1469332,3022112,0,1227788,16436,8,30
1789635782,7955,2932474,2956576,1244232,1469332,3022112,0,1227788,16436,8,30
1789635784,7957,2932474,2956576,1244232,1469332,3022112,0,1227788,16436,8,30
1789635786,7959,2932474,2956576,1244232,1469332,3022112,0,1227788,16436,8,30
1789635788,7961,2932474,2956576,1244232,1469332,3022112,0,1227788,16436,8,30
1789635790,7963,2932474,2956576,1244232,1469332,3022112,0,1227788,16436,8,30
1789635792,7965,2932474,2956576,1244232,1469332,3022112,0,1227788,16436,8,30
1789635794,7967,2932474,2956576,1244232,1469332,3022112,0,1227788,16436,8,30
1789635796,7969,2932474,2956576,1244232,1469332,3022112,0,1227788,16436,8,30
1789635798,7971,2932474,2956576,1244232,1469332,3022112,0,1227788,16436,8,30
1789635800,7973,2932474,2956576,1244232,1469332,3022112,0,1227788,16436,8,30
1789635802,7975,2932474,2956576,1244232,1469332,3022112,0,1227788,16436,8,30
1789635804,7977,2932474,2956576,1244232,1469332,3022112,0,1227788,16436,8,30
1789635806,7979,2932474,2956576,1244232,1469332,3022112,0,1227788,16436,8,30
1789635808,7981,2932474,2956576,1244232,1469332,3022112,0,1227788,16436,8,30
1789635810,7983,2932474,2956576,1244232,1469332,3022112,0,1227788,16436,8,30
1789635812,7985,2932474,2956576,1244232,1469332,3022112,0,1227788,16436,8,30
1789635814,7987,2932474,2956576,1244232,1469332,3022112,0,1227788,16436,8,30
1789635816,7989,2932474,2956576,1244232,1469332,3022112,0,1227788,16436,8,30
1789635818,7991,2932474,2956576,1244232,1469332,3022112,0,1227788,16436,8,30
1789635820,7993,2932474,2956576,1244232,1469332,3022112,0,1227788,16436,8,30
1789635822,7995,2932474,2956576,1244232,1469332,3022112,0,1227788,16436,8,30
1789635824,7997,2932474,2956576,1244232,1469332,3022112,0,1227788,16436,8,30
1789635826,7999,2932474,2956576,1244232,1469332,3022112,0,1227788,16436,8,30
1789635828,8001,2932474,2956576,1244232,1469332,3022112,0,1227788,16436,8,30
1789635830,8003,2932474,2956576,1244232,1469332,3022112,0,1227788,16436,8,30
1789635832,8005,2932474,2956576,1244232,1469332,3022112,0,1227788,16436,8,30
1789635834,8007,2932474,2956576,1244232,1469332,3022112,0,1227788,16436,8,30
1789635836,8009,2932474,2956576,1244232,1469332,3022112,0,1227788,16436,8,30
1789635838,8011,2932474,2956576,1244232,1469332,3022112,0,1227788,16436,8,30
1789635840,8013,2932474,2956576,1244232,1469332,3022112,0,1227788,16436,8,30
1789635842,8015,2932474,2956576,1244232,1469332,3022112,0,1227788,16436,8,30
1789635844,8017,2932474,2956576,1244232,1469332,3022112,0,1227788,16436,8,30
1789635846,8019,2932474,2956576,1244232,1469332,3022112,0,1227788,16436,8,30
1789635848,8021,2932474,2956576,1244232,1469332,3022112,0,1227788,16436,8,30
1789635850,8023,2932474,2956576,1244232,1469332,3022112,0,1227788,16436,8,30
1789635852,8025,2932474,2956576,1244232,1469332,3022112,0,1227788,16436,8,30
1789635854,8027,2932474,2956576,1244232,1469332,3022112,0,1227788,16436,8,30
1789635856,8029,2932474,2956576,1244232,1469332,3022112,0,1227788,16436,8,30
1789635858,8031,2932474,2956576,1244232,1469332,3022112,0,1227788,16436,8,30
1789635860,8033,2932474,2956576,1244232,1469332,3022112,0,1227788,16436,8,30
1789635862,8035,2932474,2956576,1244232,1469332,3022112,0,1227788,16436,8,30
1789635864,8037,2932474,2956576,1244232,1469332,3022112,0,1227788,16436,8,30
1789635866,8039,2932474,2956576,1244232,1469332,3022112,0,1227788,16436,8,30
1789635868,8041,2932474,2956576,1244232,1469332,3022112,0,1227788,16436,8,30
1789635870,8043,2932474,2956576,1244232,1469332,3022112,0,1227788,16436,8,30
1789635872,8045,2932474,2956576,1244232,1469332,3022112,0,1227788,16436,8,30
1789635874,8047,2932474,2956576,1244232,1469332,3022112,0,1227788,16436,8,30
1789635876,8049,2932474,2956576,1244232,1469332,3022112,0,1227788,16436,8,30
1789635878,8051,2932474,2956576,1244232,1469332,3022112,0,1227788,16436,8,30
1789635880,8053,2932474,2956576,1244232,1469332,3022112,0,1227788,16436,8,30
1789635882,8055,2932474,2956576,1244232,1469332,3022112,0,1227788,16436,8,30
1789635884,8057,2932474,2956576,1244232,1469332,3022112,0,1227788,16436,8,30
1789635886,8059,2932474,2956576,1244232,1469332,3022112,0,1227788,16436,8,30
1789635888,8061,2932474,2956576,1244232,1469332,3022112,0,1227788,16436,8,30
1789635890,8063,2932474,2956576,1244232,1469332,3022112,0,1227788,16436,8,30
1789635892,8065,2932474,2956576,1244232,1469332,3022112,0,1227788,16436,8,30
1789635894,8067,2932474,2956576,1244232,1469332,3022112,0,1227788,16436,8,30
1789635896,8069,2932474,2956576,1244232,1469332,3022112,0,1227788,16436,8,30
1789635898,8071,2932474,2956576,1244232,1469332,3022112,0,1227788,16436,8,30
1789635900,8073,2932474,2956576,1244232,1469332,3022112,0,1227788,16436,8,30
1789635902,8075,2932474,2956576,1244232,1469332,3022112,0,1227788,16436,8,30
1789635904,8077,2932474,2956576,1244232,1469332,3022112,0,1227788,16436,8,30
1789635906,8079,2932474,2956576,1244232,1469332,3022112,0,1227788,16436,8,30
1789635908,8081,2932474,2956576,1244232,1469332,3022112,0,1227788,16436,8,30
1789635910,8083,2932474,2956576,1244232,1469332,3022112,0,1227788,16436,8,30
1789635912,8085,2932474,2956576,1244232,1469332,3022112,0,1227788,16436,8,30
1789635914,8087,2932474,2956576,1244232,1469332,3022112,0,1227788,16436,8,30
1789635916,8089,2932474,2956576,1244232,1469332,3022112,0,1227788,16436,8,30
1789635918,8091,2932474,2956576,1244232,1469332,3022112,0,1227788,16436,8,30
1789635920,8093,2932474,2956576,1244232,1469332,3022112,0,1227788,16436,8,30
1789635922,8095,2932474,2956576,1244232,1469332,3022112,0,1227788,16436,8,30
1789635924,8097,2932474,2956576,1244232,1469332,3022112,0,1227788,16436,8,30
1789635926,8099,2932474,2956576,1244232,1469332,3022112,0,1227788,16436,8,30
1789635928,8101,2932474,2956576,1244232,1469332,3022112,0,1227788,16436,8,30
1789635930,8103,2932474,2956576,1244232,1469332,3022112,0,1227788,16436,8,30
1789635932,8105,2932474,2956576,1244232,1469332,3022112,0,1227788,16436,8,30
1789635934,8107,2932474,2956576,1244232,1469332,3022112,0,1227788,16436,8,30
1789635936,8109,2932474,2956576,1244232,1469332,3022112,0,1227788,16436,8,30
1789635938,8111,2932474,2956576,1244232,1469332,3022112,0,1227788,16436,8,30
1789635940,8113,2932474,2956576,1244232,1469332,3022112,0,1227788,16436,8,30
1789635942,8115,2932474,2956576,1244232,1469332,3022112,0,1227788,16436,8,30
1789635944,8117,2932474,2956576,1244232,1469332,3022112,0,1227788,16436,8,30
1789635946,8119,2932474,2956576,1244232,1469332,3022112,0,1227788,16436,8,30
1789635948,8121,2932474,2956576,1244232,1469332,3022112,0,1227788,16436,8,30
1789635950,8123,2932474,2956576,1244232,1469332,3022112,0,1227788,16436,8,30
1789635952,8125,2932474,2956576,1244232,1469332,3022112,0,1227788,16436,8,30
1789635954,8127,2932474,2956576,1244232,1469332,3022112,0,1227788,16436,8,30
1789635956,8129,2932474,2956576,1244232,1469332,3022112,0,1227788,16436,8,30
1789635958,8131,2932474,2956576,1244232,1469332,3022112,0,1227788,16436,8,30
1789635960,8133,2932474,2956576,1244232,1469332,3022112,0,1227788,16436,8,30
1789635962,8135,2932474,2956576,1244232,1469332,3022112,0,1227788,16436,8,30
1789635964,8137,2932474,2956576,1244232,1469332,3022112,0,1227788,16436,8,30
1789635966,8139,2932474,2956576,1244232,1469332,3022112,0,1227788,16436,8,30
1789635968,8141,2932474,2956576,1244232,1469332,3022112,0,1227788,16436,8,30
1789635970,8143,2932474,2956576,1244232,1469332,3022112,0,1227788,16436,8,30
1789635972,8145,2932474,2956576,1244232,1469332,3022112,0,1227788,16436,8,30
1789635974,8147,2932474,2956576,1244232,1469332,3022112,0,1227788,16436,8,30
1789635976,8149,2932474,2956576,1244232,1469332,3022112,0,1227788,16436,8,30
1789635978,8151,2932474,2956576,1244232,1469332,3022112,0,1227788,16436,8,30
1789635980,8153,2932474,2956576,1244232,1469332,3022112,0,1227788,16436,8,30
1789635982,8155,2932474,2956576,1244232,1469332,3022112,0,1227788,16436,8,30
1789635984,8157,2932474,2956576,1244232,1469332,3022112,0,1227788,16436,8,30
1789635986,8159,2932474,2956576,1244232,1469332,3022112,0,1227788,16436,8,30
1789635988,8161,2932474,2956576,1244232,1469332,3022112,0,1227788,16436,8,30
1789635990,8163,2932474,2956576,1244232,1469332,3022112,0,1227788,16436,8,30
1789635992,8165,2932474,2956576,1244232,1469332,3022112,0,1227788,16436,8,30
1789635994,8167,2932474,2956576,1244232,1469332,3022112,0,1227788,16436,8,30
1789635996,8169,2932474,2956576,1244232,1469332,3022112,0,1227788,16436,8,30
1789635998,8171,2932474,2956576,1244232,1469332,3022112,0,1227788,16436,8,30
1789636000,8173,2932474,2956576,1244232,1469332,3022112,0,1227788,16436,8,30
1789636002,8175,2932474,2956576,1244232,1469332,3022112,0,1227788,16436,8,30
1789636004,8177,2932474,2956576,1244232,1469332,3022112,0,1227788,16436,8,30
1789636006,8179,2932474,2956576,1244232,1469332,3022112,0,1227788,16436,8,30
1789636008,8181,2932474,2956576,1244232,1469332,3022112,0,1227788,16436,8,30
1789636010,8183,2932474,2956576,1244232,1469332,3022112,0,1227788,16436,8,30
1789636012,8185,2932474,2956576,1244232,1469332,3022112,0,1227788,16436,8,30
1789636014,8187,2932474,2956576,1244232,1469332,3022112,0,1227788,16436,8,30
1789636016,8189,2932474,2956576,1244232,1469332,3022112,0,1227788,16436,8,30
1789636018,8191,2932474,2956576,1244232,1469332,3022112,0,1227788,16436,8,30
1789636020,8193,2932474,2956576,1244232,1469332,3022112,0,1227788,16436,8,30
1789636022,8195,2932474,2956576,1244232,1469332,3022112,0,1227788,16436,8,30
1789636024,8197,2932474,2956576,1244236,1469332,3022112,0,1227792,16436,8,30
1789636026,8199,2932474,2956576,1244236,1469332,3022112,0,1227792,16436,8,30
1789636028,8201,2932474,2956576,1244236,1469332,3022112,0,1227792,16436,8,30
1789636030,8203,2932474,2956576,1244236,1469332,3022112,0,1227792,16436,8,30
1789636032,8205,2932474,2956576,1244236,1469332,3022112,0,1227792,16436,8,30
1789636034,8207,2932474,2956576,1244236,1469332,3022112,0,1227792,16436,8,30
1789636036,8209,2932474,2956576,1244236,1469332,3022112,0,1227792,16436,8,30
1789636038,8211,2932474,2956576,1244236,1469332,3022112,0,1227792,16436,8,30
1789636040,8213,2932474,2956576,1244236,1469332,3022112,0,1227792,16436,8,30
1789636042,8215,2932474,2956576,1244236,1469332,3022112,0,1227792,16436,8,30
1789636044,8217,2932474,2956576,1244236,1469332,3022112,0,1227792,16436,8,30
1789636046,8219,2932474,2956576,1244236,1469332,3022112,0,1227792,16436,8,30
1789636048,8221,2932474,2956576,1244236,1469332,3022112,0,1227792,16436,8,30
1789636050,8223,2932474,2956576,1244236,1469332,3022112,0,1227792,16436,8,30
1789636052,8225,2932474,2956576,1244236,1469332,3022112,0,1227792,16436,8,30
1789636054,8227,2932474,2956576,1244236,1469332,3022112,0,1227792,16436,8,30
1789636056,8229,2932474,2956576,1244236,1469332,3022112,0,1227792,16436,8,30
1789636058,8231,2932474,2956576,1244236,1469332,3022112,0,1227792,16436,8,30
1789636060,8233,2932474,2956576,1244236,1469332,3022112,0,1227792,16436,8,30
1789636062,8235,2932474,2956576,1244236,1469332,3022112,0,1227792,16436,8,30
1789636064,8237,2932474,2956576,1244236,1469332,3022112,0,1227792,16436,8,30
1789636066,8239,2932474,2956576,1244236,1469332,3022112,0,1227792,16436,8,30
1789636068,8241,2932474,2956576,1244236,1469332,3022112,0,1227792,16436,8,30
1789636070,8243,2932474,2956576,1244236,1469332,3022112,0,1227792,16436,8,30
1789636072,8245,2932474,2956576,1244236,1469332,3022112,0,1227792,16436,8,30
1789636074,8247,2932474,2956576,1244236,1469332,3022112,0,1227792,16436,8,30
1789636076,8249,2932474,2956576,1244236,1469332,3022112,0,1227792,16436,8,30
1789636078,8251,2932474,2956576,1244236,1469332,3022112,0,1227792,16436,8,30
1789636080,8253,2932474,2956576,1244236,1469332,3022112,0,1227792,16436,8,30
1789636082,8255,2932474,2956576,1244236,1469332,3022112,0,1227792,16436,8,30
1789636084,8257,2932474,2956576,1244236,1469332,3022112,0,1227792,16436,8,30
1789636086,8259,2932474,2956576,1244236,1469332,3022112,0,1227792,16436,8,30
1789636088,8261,2932474,2956576,1244236,1469332,3022112,0,1227792,16436,8,30
1789636090,8263,2932474,2956576,1244236,1469332,3022112,0,1227792,16436,8,30
1789636092,8265,2932474,2956576,1244236,1469332,3022112,0,1227792,16436,8,30
1789636094,8267,2932474,2956576,1244236,1469332,3022112,0,1227792,16436,8,30
1789636096,8269,2932474,2956576,1244236,1469332,3022112,0,1227792,16436,8,30
1789636098,8271,2932474,2956576,1244236,1469332,3022112,0,1227792,16436,8,30
1789636100,8273,2932474,2956576,1244236,1469332,3022112,0,1227792,16436,8,30
1789636102,8275,2932474,2956576,1244236,1469332,3022112,0,1227792,16436,8,30
1789636104,8277,2932474,2956576,1244236,1469332,3022112,0,1227792,16436,8,30
1789636106,8279,2932474,2956576,1244236,1469332,3022112,0,1227792,16436,8,30
1789636108,8281,2932474,2956576,1244236,1469332,3022112,0,1227792,16436,8,30
1789636110,8283,2932474,2956576,1244236,1469332,3022112,0,1227792,16436,8,30
1789636112,8285,2932474,2956576,1244236,1469332,3022112,0,1227792,16436,8,30
1789636114,8287,2932474,2956576,1244236,1469332,3022112,0,1227792,16436,8,30
1789636116,8289,2932474,2956576,1244236,1469332,3022112,0,1227792,16436,8,30
1789636118,8291,2932474,2956576,1244236,1469332,3022112,0,1227792,16436,8,30
1789636120,8293,2932474,2956576,1244236,1469332,3022112,0,1227792,16436,8,30
1789636122,8295,2932474,2956576,1244236,1469332,3022112,0,1227792,16436,8,30
1789636124,8297,2932474,2956576,1244236,1469332,3022112,0,1227792,16436,8,30
1789636126,8299,2932474,2956576,1244236,1469332,3022112,0,1227792,16436,8,30
1789636128,8301,2932474,2956576,1244236,1469332,3022112,0,1227792,16436,8,30
1789636130,8303,2932474,2956576,1244236,1469332,3022112,0,1227792,16436,8,30
1789636132,8305,2932474,2956576,1244236,1469332,3022112,0,1227792,16436,8,30
1789636134,8307,2932474,2956576,1244236,1469332,3022112,0,1227792,16436,8,30
1789636136,8309,2932474,2956576,1244236,1469332,3022112,0,1227792,16436,8,30
1789636138,8311,2932474,2956576,1244236,1469332,3022112,0,1227792,16436,8,30
1789636140,8313,2932474,2956576,1244236,1469332,3022112,0,1227792,16436,8,30
1789636142,8315,2932474,2956576,1244236,1469332,3022112,0,1227792,16436,8,30
1789636144,8317,2932474,2956576,1244236,1469332,3022112,0,1227792,16436,8,30
1789636146,8319,2932474,2956576,1244236,1469332,3022112,0,1227792,16436,8,30
1789636148,8321,2932474,2956576,1244236,1469332,3022112,0,1227792,16436,8,30
1789636150,8323,2932474,2956576,1244236,1469332,3022112,0,1227792,16436,8,30
1789636152,8325,2932474,2956576,1244236,1469332,3022112,0,1227792,16436,8,30
1789636154,8327,2932474,2956576,1244236,1469332,3022112,0,1227792,16436,8,30
1789636156,8329,2932474,2956576,1244236,1469332,3022112,0,1227792,16436,8,30
1789636158,8331,2932474,2956576,1244236,1469332,3022112,0,1227792,16436,8,30
1789636160,8333,2932474,2956576,1244236,1469332,3022112,0,1227792,16436,8,30
1789636162,8335,2932474,2956576,1244236,1469332,3022112,0,1227792,16436,8,30
1789636164,8337,2932474,2956576,1244236,1469332,3022112,0,1227792,16436,8,30
1789636166,8339,2932474,2956576,1244236,1469332,3022112,0,1227792,16436,8,30
1789636168,8341,2932474,2956576,1244236,1469332,3022112,0,1227792,16436,8,30
1789636170,8343,2932474,2956576,1244236,1469332,3022112,0,1227792,16436,8,30
1789636172,8345,2932474,2956576,1244236,1469332,3022112,0,1227792,16436,8,30
1789636174,8347,2932474,2956576,1244236,1469332,3022112,0,1227792,16436,8,30
1789636176,8349,2932474,2956576,1244236,1469332,3022112,0,1227792,16436,8,30
1789636178,8351,2932474,2956576,1244236,1469332,3022112,0,1227792,16436,8,30
1789636180,8353,2932474,2956576,1244236,1469332,3022112,0,1227792,16436,8,30
1789636182,8355,2932474,2956576,1244236,1469332,3022112,0,1227792,16436,8,30
1789636184,8357,2932474,2956576,1244236,1469332,3022112,0,1227792,16436,8,30
1789636186,8359,2932474,2956576,1244236,1469332,3022112,0,1227792,16436,8,30
1789636188,8361,2932474,2956576,1244236,1469332,3022112,0,1227792,16436,8,30
1789636190,8363,2932474,2956576,1244236,1469332,3022112,0,1227792,16436,8,30
1789636192,8365,2932474,2956576,1244236,1469332,3022112,0,1227792,16436,8,30
1789636194,8367,2932474,2956576,1244236,1469332,3022112,0,1227792,16436,8,30
1789636196,8369,2932474,2956576,1244236,1469332,3022112,0,1227792,16436,8,30
1789636198,8371,2932474,2956576,1244236,1469332,3022112,0,1227792,16436,8,30
1789636200,8373,2932474,2956576,1244236,1469332,3022112,0,1227792,16436,8,30
1789636202,8375,2932474,2956576,1244236,1469332,3022112,0,1227792,16436,8,30
1789636204,8377,2932474,2956576,1244236,1469332,3022112,0,1227792,16436,8,30
1789636206,8379,2932474,2956576,1244236,1469332,3022112,0,1227792,16436,8,30
1789636208,8381,2932474,2956576,1244236,1469332,3022112,0,1227792,16436,8,30
1789636210,8383,2932474,2956576,1244236,1469332,3022112,0,1227792,16436,8,30
1789636212,8385,2932474,2956576,1244236,1469332,3022112,0,1227792,16436,8,30
1789636214,8387,2932474,2956576,1244236,1469332,3022112,0,1227792,16436,8,30
1789636216,8389,2932474,2956576,1244236,1469332,3022112,0,1227792,16436,8,30
1789636218,8391,2932474,2956576,1244236,1469332,3022112,0,1227792,16436,8,30
1789636220,8393,2932474,2956576,1244236,1469332,3022112,0,1227792,16436,8,30
1789636222,8395,2932474,2956576,1244236,1469332,3022112,0,1227792,16436,8,30
1789636224,8397,2932474,2956576,1244236,1469332,3022112,0,1227792,16436,8,30
1789636226,8399,2932474,2956576,1244236,1469332,3022112,0,1227792,16436,8,30
1789636228,8401,2932474,2956576,1244236,1469332,3022112,0,1227792,16436,8,30
1789636230,8403,2932474,2956576,1244236,1469332,3022112,0,1227792,16436,8,30
1789636232,8405,2932474,2956576,1244236,1469332,3022112,0,1227792,16436,8,30
1789636234,8407,2932474,2956576,1244236,1469332,3022112,0,1227792,16436,8,30
1789636236,8409,2932474,2956576,1244236,1469332,3022112,0,1227792,16436,8,30
1789636238,8411,2932474,2956576,1244236,1469332,3022112,0,1227792,16436,8,30
1789636240,8413,2932474,2956576,1244236,1469332,3022112,0,1227792,16436,8,30
1789636242,8415,2932474,2956576,1244236,1469332,3022112,0,1227792,16436,8,30
1789636244,8417,2932474,2956576,1244236,1469332,3022112,0,1227792,16436,8,30
1789636246,8419,2932474,2956576,1244236,1469332,3022112,0,1227792,16436,8,30
1789636248,8421,2932474,2956576,1244236,1469332,3022112,0,1227792,16436,8,30
1789636250,8423,2932474,2956576,1244236,1469332,3022112,0,1227792,16436,8,30
1789636252,8425,2932474,2956576,1244236,1469332,3022112,0,1227792,16436,8,30
1789636254,8427,2932474,2956576,1244236,1469332,3022112,0,1227792,16436,8,30
1789636256,8429,2932474,2956576,1244236,1469332,3022112,0,1227792,16436,8,30
1789636258,8431,2932474,2956576,1244236,1469332,3022112,0,1227792,16436,8,30
1789636260,8433,2932474,2956576,1244236,1469332,3022112,0,1227792,16436,8,30
1789636262,8435,2932474,2956576,1244236,1469332,3022112,0,1227792,16436,8,30
1789636264,8437,2932474,2956576,1244236,1469332,3022112,0,1227792,16436,8,30
1789636266,8439,2932474,2956576,1244236,1469332,3022112,0,1227792,16436,8,30
1789636268,8441,2932474,2956576,1244236,1469332,3022112,0,1227792,16436,8,30
1789636270,8443,2932474,2956576,1244236,1469332,3022112,0,1227792,16436,8,30
1789636272,8445,2932474,2956576,1244236,1469332,3022112,0,1227792,16436,8,30
1789636274,8447,2932474,2956576,1244236,1469332,3022112,0,1227792,16436,8,30
1789636276,8449,2932474,2956576,1244236,1469332,3022112,0,1227792,16436,8,30
1789636278,8451,2932474,2956576,1244236,1469332,3022112,0,1227792,16436,8,30
1789636280,8453,2932474,2956576,1244236,1469332,3022112,0,1227792,16436,8,30
1789636282,8455,2932474,2956576,1244236,1469332,3022112,0,1227792,16436,8,30
1789636284,8457,2932474,2956576,1244236,1469332,3022112,0,1227792,16436,8,30
1789636286,8459,2932474,2956576,1244236,1469332,3022112,0,1227792,16436,8,30
1789636288,8461,2932474,2956576,1244236,1469332,3022112,0,1227792,16436,8,30
1789636290,8463,2932474,2956576,1244236,1469332,3022112,0,1227792,16436,8,30
1789636292,8465,2932474,2956576,1244236,1469332,3022112,0,1227792,16436,8,30
1789636294,8467,2932474,2956576,1244236,1469332,3022112,0,1227792,16436,8,30
1789636296,8469,2932474,2956576,1244236,1469332,3022112,0,1227792,16436,8,30
1789636298,8471,2932474,2956576,1244236,1469332,3022112,0,1227792,16436,8,30
1789636300,8473,2932474,2956576,1244236,1469332,3022112,0,1227792,16436,8,30
1789636302,8475,2932474,2956576,1244236,1469332,3022112,0,1227792,16436,8,30
1789636304,8477,2932474,2956576,1244236,1469332,3022112,0,1227792,16436,8,30
1789636306,8479,2932474,2956576,1244236,1469332,3022112,0,1227792,16436,8,30
1789636308,8481,2932474,2956576,1244236,1469332,3022112,0,1227792,16436,8,30
1789636310,8483,2932474,2956576,1244236,1469332,3022112,0,1227792,16436,8,30
1789636312,8485,2932474,2956576,1244236,1469332,3022112,0,1227792,16436,8,30
1789636314,8487,2932474,2956576,1244236,1469332,3022112,0,1227792,16436,8,30
1789636316,8489,2932474,2956576,1244236,1469332,3022112,0,1227792,16436,8,30
1789636318,8491,2932474,2956576,1244236,1469332,3022112,0,1227792,16436,8,30
1789636320,8493,2932474,2956576,1244236,1469332,3022112,0,1227792,16436,8,30
1789636322,8495,2932474,2956576,1244236,1469332,3022112,0,1227792,16436,8,30
1789636324,8497,2932474,2956576,1244236,1469332,3022112,0,1227792,16436,8,30
1789636326,8499,2932474,2956576,1244236,1469332,3022112,0,1227792,16436,8,30
1789636328,8501,2932474,2956576,1244236,1469332,3022112,0,1227792,16436,8,30
1789636330,8503,2932474,2956576,1244236,1469332,3022112,0,1227792,16436,8,30
1789636332,8505,2932474,2956576,1244236,1469332,3022112,0,1227792,16436,8,30
1789636334,8507,2932474,2956576,1244236,1469332,3022112,0,1227792,16436,8,30
1789636336,8509,2932474,2956576,1244236,1469332,3022112,0,1227792,16436,8,30
1789636338,8511,2932474,2956576,1244236,1469332,3022112,0,1227792,16436,8,30
1789636340,8513,2932474,2956576,1244236,1469332,3022112,0,1227792,16436,8,30
1789636342,8515,2932474,2956576,1244236,1469332,3022112,0,1227792,16436,8,30
1789636344,8517,2932474,2956576,1244236,1469332,3022112,0,1227792,16436,8,30
1789636346,8519,2932474,2956576,1244236,1469332,3022112,0,1227792,16436,8,30
1789636348,8521,2932474,2956576,1244236,1469332,3022112,0,1227792,16436,8,30
1789636350,8523,2932474,2956576,1244236,1469332,3022112,0,1227792,16436,8,30
1789636352,8525,2932474,2956576,1244236,1469332,3022112,0,1227792,16436,8,30
1789636354,8527,2932474,2956576,1244236,1469332,3022112,0,1227792,16436,8,30
1789636356,8529,2932474,2956576,1244236,1469332,3022112,0,1227792,16436,8,30
1789636358,8531,2932474,2956576,1244236,1469332,3022112,0,1227792,16436,8,30
1789636360,8533,2932474,2956576,1244236,1469332,3022112,0,1227792,16436,8,30
1789636362,8535,2932474,2956576,1244236,1469332,3022112,0,1227792,16436,8,30
1789636364,8537,2932474,2956576,1244236,1469332,3022112,0,1227792,16436,8,30
1789636366,8539,2932474,2956576,1244236,1469332,3022112,0,1227792,16436,8,30
1789636368,8541,2932474,2956576,1244236,1469332,3022112,0,1227792,16436,8,30
1789636370,8543,2932474,2956576,1244236,1469332,3022112,0,1227792,16436,8,30
1789636372,8545,2932474,2956576,1244236,1469332,3022112,0,1227792,16436,8,30
1789636374,8547,2932474,2956576,1244236,1469332,3022112,0,1227792,16436,8,30
1789636376,8549,2932474,2956576,1244236,1469332,3022112,0,1227792,16436,8,30
1789636378,8551,2932474,2956576,1244236,1469332,3022112,0,1227792,16436,8,30
1789636380,8553,2932474,2956576,1244236,1469332,3022112,0,1227792,16436,8,30
1789636382,8555,2932474,2956576,1244236,1469332,3022112,0,1227792,16436,8,30
1789636384,8557,2932474,2956576,1244236,1469332,3022112,0,1227792,16436,8,30
1789636386,8559,2932474,2956576,1244236,1469332,3022112,0,1227792,16436,8,30
1789636388,8561,2932474,2956576,1244236,1469332,3022112,0,1227792,16436,8,30
1789636390,8563,2932474,2956576,1244236,1469332,3022112,0,1227792,16436,8,30
1789636392,8565,2932474,2956576,1244236,1469332,3022112,0,1227792,16436,8,30
1789636394,8567,2932474,2956576,1244236,1469332,3022112,0,1227792,16436,8,30
1789636396,8569,2932474,2956576,1244236,1469332,3022112,0,1227792,16436,8,30
1789636398,8571,2932474,2956576,1244236,1469332,3022112,0,1227792,16436,8,30
1789636400,8573,2932474,2956576,1244236,1469332,3022112,0,1227792,16436,8,30
1789636402,8575,2932474,2956576,1244236,1469332,3022112,0,1227792,16436,8,30
1789636404,8577,2932474,2956576,1244236,1469332,3022112,0,1227792,16436,8,30
1789636406,8579,2932474,2956576,1244236,1469332,3022112,0,1227792,16436,8,30
1789636408,8581,2932474,2956576,1244236,1469332,3022112,0,1227792,16436,8,30
1789636410,8583,2932474,2956576,1244236,1469332,3022112,0,1227792,16436,8,30
1789636412,8585,2932474,2956576,1244236,1469332,3022112,0,1227792,16436,8,30
1789636414,8587,2932474,2956576,1244236,1469332,3022112,0,1227792,16436,8,30
1789636416,8589,2932474,2956576,1244236,1469332,3022112,0,1227792,16436,8,30
1789636418,8591,2932474,2956576,1244236,1469332,3022112,0,1227792,16436,8,30
1789636420,8593,2932474,2956576,1244236,1469332,3022112,0,1227792,16436,8,30
1789636422,8595,2932474,2956576,1244236,1469332,3022112,0,1227792,16436,8,30
1789636424,8597,2932474,2956576,1244236,1469332,3022112,0,1227792,16436,8,30
1789636426,8599,2932474,2956576,1244236,1469332,3022112,0,1227792,16436,8,30
1789636428,8601,2932474,2956576,1244236,1469332,3022112,0,1227792,16436,8,30
1789636430,8603,2932474,2956576,1244236,1469332,3022112,0,1227792,16436,8,30
1789636432,8605,2932474,2956576,1244236,1469332,3022112,0,1227792,16436,8,30
1789636434,8607,2932474,2956576,1244236,1469332,3022112,0,1227792,16436,8,30
1789636436,8609,2932474,2956576,1244236,1469332,3022112,0,1227792,16436,8,30
1789636438,8611,2932474,2956576,1244236,1469332,3022112,0,1227792,16436,8,30
1789636440,8613,2932474,2956576,1244236,1469332,3022112,0,1227792,16436,8,30
1789636442,8615,2932474,2956576,1244236,1469332,3022112,0,1227792,16436,8,30
1789636444,8617,2932474,2956576,1244236,1469332,3022112,0,1227792,16436,8,30
1789636446,8619,2932474,2956576,1244236,1469332,3022112,0,1227792,16436,8,30
1789636448,8621,2932474,2956576,1244236,1469332,3022112,0,1227792,16436,8,30
1789636450,8623,2932474,2956576,1244236,1469332,3022112,0,1227792,16436,8,30
1789636452,8625,2932474,2956576,1244236,1469332,3022112,0,1227792,16436,8,30
1789636454,8627,2932474,2956576,1244236,1469332,3022112,0,1227792,16436,8,30
1789636456,8629,2932474,2956576,1244236,1469332,3022112,0,1227792,16436,8,30
1789636458,8631,2932474,2956576,1244236,1469332,3022112,0,1227792,16436,8,30
1789636460,8633,2932474,2956576,1244236,1469332,3022112,0,1227792,16436,8,30
1789636462,8635,2932474,2956576,1244236,1469332,3022112,0,1227792,16436,8,30
1789636464,8637,2932474,2956576,1244236,1469332,3022112,0,1227792,16436,8,30
1789636466,8639,2932474,2956576,1244236,1469332,3022112,0,1227792,16436,8,30
1789636468,8641,2932474,2956576,1244236,1469332,3022112,0,1227792,16436,8,30
1789636470,8643,2932474,2956576,1244236,1469332,3022112,0,1227792,16436,8,30
1789636472,8645,2932474,2956576,1244236,1469332,3022112,0,1227792,16436,8,30
1789636474,8647,2932474,2956576,1244236,1469332,3022112,0,1227792,16436,8,30
1789636476,8649,2932474,2956576,1244236,1469332,3022112,0,1227792,16436,8,30
1789636478,8651,2932474,2956576,1244236,1469332,3022112,0,1227792,16436,8,30
1789636480,8653,2932474,2956576,1244236,1469332,3022112,0,1227792,16436,8,30
1789636482,8655,2932474,2956576,1244236,1469332,3022112,0,1227792,16436,8,30
1789636484,8657,2932474,2956576,1244236,1469332,3022112,0,1227792,16436,8,30
1789636486,8659,2932474,2956576,1244240,1469332,3022112,0,1227796,16436,8,30
1789636488,8661,2932474,2956576,1244240,1469332,3022112,0,1227796,16436,8,30
1789636490,8663,2932474,2956576,1244240,1469332,3022112,0,1227796,16436,8,30
1789636492,8665,2932474,2956576,1244240,1469332,3022112,0,1227796,16436,8,30
1789636494,8667,2932474,2956576,1244240,1469332,3022112,0,1227796,16436,8,30
1789636496,8669,2932474,2956576,1244240,1469332,3022112,0,1227796,16436,8,30
1789636498,8671,2932474,2956576,1244240,1469332,3022112,0,1227796,16436,8,30
1789636500,8673,2932474,2956576,1244240,1469332,3022112,0,1227796,16436,8,30
1789636502,8675,2932474,2956576,1244240,1469332,3022112,0,1227796,16436,8,30
1789636504,8677,2932474,2956576,1244240,1469332,3022112,0,1227796,16436,8,30
1789636506,8679,2932474,2956576,1244240,1469332,3022112,0,1227796,16436,8,30
1789636508,8681,2932474,2956576,1244240,1469332,3022112,0,1227796,16436,8,30
1789636510,8683,2932474,2956576,1244240,1469332,3022112,0,1227796,16436,8,30
1789636512,8685,2932474,2956576,1244240,1469332,3022112,0,1227796,16436,8,30
1789636514,8687,2932474,2956576,1244240,1469332,3022112,0,1227796,16436,8,30
1789636516,8689,2932474,2956576,1244240,1469332,3022112,0,1227796,16436,8,30
1789636518,8691,2932474,2956576,1244240,1469332,3022112,0,1227796,16436,8,30
1789636520,8693,2932474,2956576,1244240,1469332,3022112,0,1227796,16436,8,30
1789636522,8695,2932474,2956576,1244240,1469332,3022112,0,1227796,16436,8,30
1789636524,8697,2932474,2956576,1244240,1469332,3022112,0,1227796,16436,8,30
1789636526,8699,2932474,2956576,1244240,1469332,3022112,0,1227796,16436,8,30
1789636528,8701,2932474,2956576,1244240,1469332,3022112,0,1227796,16436,8,30
1789636530,8703,2932474,2956588,1244252,1469340,3022112,0,1227808,16436,8,31
1789636532,8705,2932474,2956576,1244240,1469332,3022112,0,1227796,16436,8,30
1789636534,8707,2932474,2956576,1244240,1469332,3022112,0,1227796,16436,8,30
1789636536,8709,2932474,2956576,1244240,1469332,3022112,0,1227796,16436,8,30
1789636538,8711,2932474,2956576,1244240,1469332,3022112,0,1227796,16436,8,30
1789636540,8713,2932474,2956576,1244240,1469332,3022112,0,1227796,16436,8,30
1789636542,8715,2932474,2956576,1244240,1469332,3022112,0,1227796,16436,8,30
1789636544,8717,2932474,2956576,1244240,1469332,3022112,0,1227796,16436,8,30
1789636546,8719,2932474,2956576,1244240,1469332,3022112,0,1227796,16436,8,30
1789636548,8721,2932474,2956576,1244240,1469332,3022112,0,1227796,16436,8,30
1789636550,8723,2932474,2956576,1244240,1469332,3022112,0,1227796,16436,8,30
1789636552,8725,2932474,2956576,1244240,1469332,3022112,0,1227796,16436,8,30
1789636554,8727,2932474,2956576,1244240,1469332,3022112,0,1227796,16436,8,30
1789636556,8729,2932474,2956576,1244240,1469332,3022112,0,1227796,16436,8,30
1789636558,8731,2932474,2956576,1244240,1469332,3022112,0,1227796,16436,8,30
1789636560,8733,2932474,2956576,1244240,1469332,3022112,0,1227796,16436,8,30
1789636562,8735,2932474,2956576,1244240,1469332,3022112,0,1227796,16436,8,30
1789636564,8737,2932474,2956576,1244240,1469332,3022112,0,1227796,16436,8,30
1789636566,8739,2932474,2956576,1244240,1469332,3022112,0,1227796,16436,8,30
1789636568,8741,2932474,2956576,1244240,1469332,3022112,0,1227796,16436,8,30
1789636570,8743,2932474,2956576,1244240,1469332,3022112,0,1227796,16436,8,30
1789636572,8745,2932474,2956576,1244240,1469332,3022112,0,1227796,16436,8,30
1789636574,8747,2932474,2956576,1244240,1469332,3022112,0,1227796,16436,8,30
1789636576,8749,2932474,2956576,1244240,1469332,3022112,0,1227796,16436,8,30
1789636578,8751,2932474,2956576,1244240,1469332,3022112,0,1227796,16436,8,30
1789636580,8753,2932474,2956576,1244240,1469332,3022112,0,1227796,16436,8,30
1789636582,8755,2932474,2956576,1244240,1469332,3022112,0,1227796,16436,8,30
1789636584,8757,2932474,2956576,1244240,1469332,3022112,0,1227796,16436,8,30
1789636586,8759,2932474,2956576,1244240,1469332,3022112,0,1227796,16436,8,30
1789636588,8761,2932474,2956576,1244240,1469332,3022112,0,1227796,16436,8,30
1789636590,8763,2932474,2956576,1244240,1469332,3022112,0,1227796,16436,8,30
1789636592,8765,2932474,2956576,1244240,1469332,3022112,0,1227796,16436,8,30
1789636594,8767,2932474,2956576,1244240,1469332,3022112,0,1227796,16436,8,30
1789636596,8769,2932474,2956576,1244240,1469332,3022112,0,1227796,16436,8,30
1789636598,8771,2932474,2956576,1244240,1469332,3022112,0,1227796,16436,8,30
1789636600,8773,2932474,2956576,1244240,1469332,3022112,0,1227796,16436,8,30
1789636602,8775,2932474,2956576,1244240,1469332,3022112,0,1227796,16436,8,30
1789636604,8777,2932474,2956576,1244240,1469332,3022112,0,1227796,16436,8,30
1789636606,8779,2932474,2956576,1244240,1469332,3022112,0,1227796,16436,8,30
1789636608,8781,2932474,2956576,1244240,1469332,3022112,0,1227796,16436,8,30
1789636610,8783,2932474,2956576,1244240,1469332,3022112,0,1227796,16436,8,30
1789636612,8785,2932474,2956576,1244240,1469332,3022112,0,1227796,16436,8,30
1789636614,8787,2932474,2956576,1244240,1469332,3022112,0,1227796,16436,8,30
1789636616,8789,2932474,2956576,1244240,1469332,3022112,0,1227796,16436,8,30
1789636618,8791,2932474,2956576,1244240,1469332,3022112,0,1227796,16436,8,30
1789636620,8793,2932474,2956576,1244240,1469332,3022112,0,1227796,16436,8,30
1789636622,8795,2932474,2956576,1244240,1469332,3022112,0,1227796,16436,8,30
1789636624,8797,2932474,2956576,1244240,1469332,3022112,0,1227796,16436,8,30
1789636626,8799,2932474,2956576,1244240,1469332,3022112,0,1227796,16436,8,30
1789636628,8801,2932474,2956576,1244240,1469332,3022112,0,1227796,16436,8,30
1789636630,8803,2932474,2956576,1244240,1469332,3022112,0,1227796,16436,8,30
1789636632,8805,2932474,2956576,1244240,1469332,3022112,0,1227796,16436,8,30
1789636634,8807,2932474,2956576,1244240,1469332,3022112,0,1227796,16436,8,30
1789636636,8809,2932474,2956576,1244240,1469332,3022112,0,1227796,16436,8,30
1789636638,8811,2932474,2956576,1244240,1469332,3022112,0,1227796,16436,8,30
1789636640,8813,2932474,2956576,1244240,1469332,3022112,0,1227796,16436,8,30
1789636642,8815,2932474,2956576,1244240,1469332,3022112,0,1227796,16436,8,30
1789636644,8817,2932474,2956576,1244240,1469332,3022112,0,1227796,16436,8,30
1789636646,8819,2932474,2956576,1244240,1469332,3022112,0,1227796,16436,8,30
