ts,run_rel_s,pid,VmSize_kb,VmRSS_kb,VmData_kb,VmPeak_kb,VmSwap_kb,RssAnon_kb,RssFile_kb,RssShmem_kb,Threads
1789144082,5880,2511716,1536732,785228,902272,1602268,0,769936,15292,0,18
1789144084,5882,2511716,1536732,785232,902276,1602268,0,769940,15292,0,18
1789144086,5884,2511716,1536732,785232,902276,1602268,0,769940,15292,0,18
1789144089,5887,2511716,1536732,785236,902280,1602268,0,769944,15292,0,18
1789144091,5889,2511716,1536732,785236,902280,1602268,0,769944,15292,0,18
1789144093,5891,2511716,1536732,785240,902284,1602268,0,769948,15292,0,18
1789144096,5894,2511716,1536732,785240,902284,1602268,0,769948,15292,0,18
1789144098,5896,2511716,1536732,785244,902288,1602268,0,769952,15292,0,18
1789144100,5898,2511716,1536732,785244,902288,1602268,0,769952,15292,0,18
1789144103,5901,2511716,1536732,785248,902292,1602268,0,769956,15292,0,18
1789144105,5903,2511716,1536732,785248,902292,1602268,0,769956,15292,0,18
1789144107,5905,2511716,1536732,785252,902296,1602268,0,769960,15292,0,18
1789144110,5908,2511716,1536732,785252,902296,1602268,0,769960,15292,0,18
1789144111,5909,2511716,1536732,785256,902300,1602268,0,769964,15292,0,18
1789144113,5911,2511716,1536732,785256,902300,1602268,0,769964,15292,0,18
1789144115,5913,2511716,1536732,785256,902300,1602268,0,769964,15292,0,18
1789144117,5915,2511716,1536732,785260,902304,1602268,0,769968,15292,0,18
1789144119,5917,2511716,1536732,785260,902304,1602268,0,769968,15292,0,18
1789144121,5919,2511716,1536732,785264,902308,1602268,0,769972,15292,0,18
1789144123,5921,2511716,1536732,785264,902308,1602268,0,769972,15292,0,18
1789144125,5923,2511716,1536732,785268,902312,1602268,0,769976,15292,0,18
1789144127,5925,2511716,1536732,785268,902312,1602268,0,769976,15292,0,18
1789144129,5927,2511716,1536732,785268,902312,1602268,0,769976,15292,0,18
1789144131,5929,2511716,1536732,785272,902316,1602268,0,769980,15292,0,18
1789144133,5931,2511716,1536732,785272,902316,1602268,0,769980,15292,0,18
1789144135,5933,2511716,1536732,785276,902320,1602268,0,769984,15292,0,18
1789144137,5935,2511716,1536732,785276,902320,1602268,0,769984,15292,0,18
1789144139,5937,2511716,1536732,785280,902324,1602268,0,769988,15292,0,18
1789144141,5939,2511716,1536732,785280,902324,1602268,0,769988,15292,0,18
1789144143,5941,2511716,1536732,785280,902324,1602268,0,769988,15292,0,18
1789144145,5943,2511716,1536732,785284,902328,1602268,0,769992,15292,0,18
1789144147,5945,2511716,1536732,785284,902328,1602268,0,769992,15292,0,18
1789144149,5947,2511716,1536732,785288,902332,1602268,0,769996,15292,0,18
1789144151,5949,2511716,1536732,785288,902332,1602268,0,769996,15292,0,18
1789144153,5951,2511716,1536732,785292,902336,1602268,0,770000,15292,0,18
1789144155,5953,2511716,1536732,785292,902336,1602268,0,770000,15292,0,18
1789144157,5955,2511716,1536732,785292,902336,1602268,0,770000,15292,0,18
1789144160,5958,2511716,1536732,785296,902340,1602268,0,770004,15292,0,18
1789144161,5959,2511716,1536732,785296,902340,1602268,0,770004,15292,0,18
1789144163,5961,2511716,1536732,785300,902344,1602268,0,770008,15292,0,18
1789144165,5963,2511716,1536732,785300,902344,1602268,0,770008,15292,0,18
1789144167,5965,2511716,1536732,785304,902348,1602268,0,770012,15292,0,18
1789144169,5967,2511716,1536732,785304,902348,1602268,0,770012,15292,0,18
1789144171,5969,2511716,1536732,785308,902352,1602268,0,770016,15292,0,18
1789144173,5971,2511716,1536732,785308,902352,1602268,0,770016,15292,0,18
1789144175,5973,2511716,1536732,785308,902352,1602268,0,770016,15292,0,18
1789144177,5975,2511716,1536732,785312,902356,1602268,0,770020,15292,0,18
1789144179,5977,2511716,1536732,785312,902356,1602268,0,770020,15292,0,18
1789144181,5979,2511716,1536732,785316,902360,1602268,0,770024,15292,0,18
1789144183,5981,2511716,1536732,785316,902360,1602268,0,770024,15292,0,18
1789144185,5983,2511716,1536732,785316,902360,1602268,0,770024,15292,0,18
1789144187,5985,2511716,1536732,785320,902364,1602268,0,770028,15292,0,18
1789144189,5987,2511716,1536732,785320,902364,1602268,0,770028,15292,0,18
1789144191,5989,2511716,1536732,785324,902368,1602268,0,770032,15292,0,18
1789144193,5991,2511716,1536732,785324,902368,1602268,0,770032,15292,0,18
1789144195,5993,2511716,1536732,785328,902372,1602268,0,770036,15292,0,18
1789144198,5996,2511716,1536732,785328,902372,1602268,0,770036,15292,0,18
1789144200,5998,2511716,1536732,785332,902376,1602268,0,770040,15292,0,18
1789144202,6000,2511716,1536732,785332,902376,1602268,0,770040,15292,0,18
1789144205,6003,2511716,1536732,785336,902380,1602268,0,770044,15292,0,18
1789144207,6005,2511716,1536732,785336,902380,1602268,0,770044,15292,0,18
1789144209,6007,2511716,1536732,785340,902384,1602268,0,770048,15292,0,18
1789144211,6009,2511716,1536732,785340,902384,1602268,0,770048,15292,0,18
1789144213,6011,2511716,1536732,785340,902384,1602268,0,770048,15292,0,18
1789144215,6013,2511716,1536732,785344,902388,1602268,0,770052,15292,0,18
1789144217,6015,2511716,1536732,785344,902388,1602268,0,770052,15292,0,18
1789144219,6017,2511716,1536732,785348,902392,1602268,0,770056,15292,0,18
1789144221,6019,2511716,1536732,785348,902392,1602268,0,770056,15292,0,18
1789144223,6021,2511716,1536732,785352,902396,1602268,0,770060,15292,0,18
1789144225,6023,2511716,1536732,785352,902396,1602268,0,770060,15292,0,18
1789144227,6025,2511716,1536732,785356,902400,1602268,0,770064,15292,0,18
1789144230,6028,2511716,1536732,785356,902400,1602268,0,770064,15292,0,18
1789144232,6030,2511716,1536732,785360,902404,1602268,0,770068,15292,0,18
1789144234,6032,2511716,1536732,785360,902404,1602268,0,770068,15292,0,18
1789144236,6034,2511716,1536732,785364,902408,1602268,0,770072,15292,0,18
1789144238,6036,2511716,1536732,785364,902408,1602268,0,770072,15292,0,18
1789144240,6038,2511716,1536732,785364,902408,1602268,0,770072,15292,0,18
1789144242,6040,2511716,1536732,785368,902412,1602268,0,770076,15292,0,18
1789144244,6042,2511716,1536732,785368,902412,1602268,0,770076,15292,0,18
1789144246,6044,2511716,1536732,785372,902416,1602268,0,770080,15292,0,18
1789144248,6046,2511716,1536732,785372,902416,1602268,0,770080,15292,0,18
1789144250,6048,2511716,1536732,785372,902416,1602268,0,770080,15292,0,18
1789144252,6050,2511716,1536732,785376,902420,1602268,0,770084,15292,0,18
1789144254,6052,2511716,1536732,785376,902420,1602268,0,770084,15292,0,18
1789144256,6054,2511716,1536732,785380,902424,1602268,0,770088,15292,0,18
1789144258,6056,2511716,1536732,785380,902424,1602268,0,770088,15292,0,18
1789144260,6058,2511716,1536732,785384,902428,1602268,0,770092,15292,0,18
1789144262,6060,2511716,1536732,785384,902428,1602268,0,770092,15292,0,18
1789144264,6062,2511716,1536732,785384,902428,1602268,0,770092,15292,0,18
1789144266,6064,2511716,1536732,785388,902432,1602268,0,770096,15292,0,18
1789144268,6066,2511716,1536732,785388,902432,1602268,0,770096,15292,0,18
1789144270,6068,2511716,1536732,785392,902436,1602268,0,770100,15292,0,18
1789144272,6070,2511716,1536732,785392,902436,1602268,0,770100,15292,0,18
1789144274,6072,2511716,1536732,785396,902440,1602268,0,770104,15292,0,18
1789144276,6074,2511716,1536732,785396,902440,1602268,0,770104,15292,0,18
1789144278,6076,2511716,1536732,785400,902444,1602268,0,770108,15292,0,18
1789144280,6078,2511716,1536732,785400,902444,1602268,0,770108,15292,0,18
1789144282,6080,2511716,1536732,785400,902444,1602268,0,770108,15292,0,18
1789144284,6082,2511716,1536732,785404,902448,1602268,0,770112,15292,0,18
1789144286,6084,2511716,1536732,785404,902448,1602268,0,770112,15292,0,18
1789144288,6086,2511716,1536732,785408,902452,1602268,0,770116,15292,0,18
1789144290,6088,2511716,1536732,785408,902452,1602268,0,770116,15292,0,18
1789144292,6090,2511716,1536732,785408,902452,1602268,0,770116,15292,0,18
1789144294,6092,2511716,1536732,785412,902456,1602268,0,770120,15292,0,18
1789144296,6094,2511716,1536732,785412,902456,1602268,0,770120,15292,0,18
1789144298,6096,2511716,1536732,785416,902460,1602268,0,770124,15292,0,18
1789144300,6098,2511716,1536732,785416,902460,1602268,0,770124,15292,0,18
1789144302,6100,2511716,1536732,785420,902464,1602268,0,770128,15292,0,18
1789144304,6102,2511716,1536732,785420,902464,1602268,0,770128,15292,0,18
1789144306,6104,2511716,1536732,785420,902464,1602268,0,770128,15292,0,18
1789144308,6106,2511716,1536732,785424,902468,1602268,0,770132,15292,0,18
1789144310,6108,2511716,1536732,785428,902472,1602268,0,770136,15292,0,18
1789144312,6110,2511716,1536732,785428,902472,1602268,0,770136,15292,0,18
1789144314,6112,2511716,1536732,785428,902472,1602268,0,770136,15292,0,18
1789144316,6114,2511716,1536732,785432,902476,1602268,0,770140,15292,0,18
1789144318,6116,2511716,1536732,785432,902476,1602268,0,770140,15292,0,18
1789144320,6118,2511716,1536732,785436,902480,1602268,0,770144,15292,0,18
1789144322,6120,2511716,1536732,785436,902480,1602268,0,770144,15292,0,18
1789144324,6122,2511716,1536732,785436,902480,1602268,0,770144,15292,0,18
1789144326,6124,2511716,1536732,785440,902484,1602268,0,770148,15292,0,18
1789144328,6126,2511716,1536732,785440,902484,1602268,0,770148,15292,0,18
1789144330,6128,2511716,1536732,785444,902488,1602268,0,770152,15292,0,18
1789144332,6130,2511716,1536732,785444,902488,1602268,0,770152,15292,0,18
1789144334,6132,2511716,1536732,785448,902492,1602268,0,770156,15292,0,18
1789144336,6134,2511716,1536732,785448,902492,1602268,0,770156,15292,0,18
1789144338,6136,2511716,1536732,785448,902492,1602268,0,770156,15292,0,18
1789144340,6138,2511716,1536732,785452,902496,1602268,0,770160,15292,0,18
1789144342,6140,2511716,1536732,785452,902496,1602268,0,770160,15292,0,18
1789144344,6142,2511716,1536732,785456,902500,1602268,0,770164,15292,0,18
1789144346,6144,2511716,1536732,785456,902500,1602268,0,770164,15292,0,18
1789144348,6146,2511716,1536732,785460,902504,1602268,0,770168,15292,0,18
1789144350,6148,2511716,1536732,785460,902504,1602268,0,770168,15292,0,18
1789144352,6150,2511716,1536732,785460,902504,1602268,0,770168,15292,0,18
1789144354,6152,2511716,1536732,785464,902508,1602268,0,770172,15292,0,18
1789144356,6154,2511716,1536732,785464,902508,1602268,0,770172,15292,0,18
1789144358,6156,2511716,1536732,785468,902512,1602268,0,770176,15292,0,18
1789144360,6158,2511716,1536732,785468,902512,1602268,0,770176,15292,0,18
1789144362,6160,2511716,1536732,785472,902516,1602268,0,770180,15292,0,18
1789144364,6162,2511716,1536732,785472,902516,1602268,0,770180,15292,0,18
1789144366,6164,2511716,1536732,785476,902520,1602268,0,770184,15292,0,18
1789144368,6166,2511716,1536732,785476,902520,1602268,0,770184,15292,0,18
1789144370,6168,2511716,1536732,785476,902520,1602268,0,770184,15292,0,18
1789144372,6170,2511716,1536732,785480,902524,1602268,0,770188,15292,0,18
1789144374,6172,2511716,1536732,785480,902524,1602268,0,770188,15292,0,18
1789144376,6174,2511716,1536732,785484,902528,1602268,0,770192,15292,0,18
1789144378,6176,2511716,1536732,785484,902528,1602268,0,770192,15292,0,18
1789144380,6178,2511716,1536732,785484,902528,1602268,0,770192,15292,0,18
1789144382,6180,2511716,1536732,785488,902532,1602268,0,770196,15292,0,18
1789144384,6182,2511716,1536732,785488,902532,1602268,0,770196,15292,0,18
1789144386,6184,2511716,1536732,785492,902536,1602268,0,770200,15292,0,18
1789144388,6186,2511716,1536732,785492,902536,1602268,0,770200,15292,0,18
1789144390,6188,2511716,1536732,785496,902540,1602268,0,770204,15292,0,18
1789144392,6190,2511716,1536732,785496,902540,1602268,0,770204,15292,0,18
1789144394,6192,2511716,1536732,785496,902540,1602268,0,770204,15292,0,18
1789144396,6194,2511716,1536732,785500,902544,1602268,0,770208,15292,0,18
1789144398,6196,2511716,1536732,785500,902544,1602268,0,770208,15292,0,18
1789144400,6198,2511716,1536732,785504,902548,1602268,0,770212,15292,0,18
1789144402,6200,2511716,1536732,785504,902548,1602268,0,770212,15292,0,18
1789144404,6202,2511716,1536732,785508,902552,1602268,0,770216,15292,0,18
1789144406,6204,2511716,1536732,785508,902552,1602268,0,770216,15292,0,18
1789144408,6206,2511716,1536732,785512,902556,1602268,0,770220,15292,0,18
1789144411,6209,2511716,1536732,785512,902556,1602268,0,770220,15292,0,18
1789144412,6210,2511716,1536732,785512,902556,1602268,0,770220,15292,0,18
1789144414,6212,2511716,1536732,785516,902560,1602268,0,770224,15292,0,18
1789144416,6214,2511716,1536732,785516,902560,1602268,0,770224,15292,0,18
1789144418,6216,2511716,1536732,785520,902564,1602268,0,770228,15292,0,18
1789144420,6218,2511716,1536732,785520,902564,1602268,0,770228,15292,0,18
1789144422,6220,2511716,1536732,785524,902568,1602268,0,770232,15292,0,18
1789144424,6222,2511716,1536732,785524,902568,1602268,0,770232,15292,0,18
1789144426,6224,2511716,1536732,785524,902568,1602268,0,770232,15292,0,18
1789144428,6226,2511716,1536732,785528,902572,1602268,0,770236,15292,0,18
1789144430,6228,2511716,1536732,785528,902572,1602268,0,770236,15292,0,18
1789144432,6230,2511716,1536732,785532,902576,1602268,0,770240,15292,0,18
1789144434,6232,2511716,1536732,785532,902576,1602268,0,770240,15292,0,18
1789144436,6234,2511716,1536732,785532,902576,1602268,0,770240,15292,0,18
1789144438,6236,2511716,1536732,785536,902580,1602268,0,770244,15292,0,18
1789144440,6238,2511716,1536732,785536,902580,1602268,0,770244,15292,0,18
1789144442,6240,2511716,1536732,785540,902584,1602268,0,770248,15292,0,18
1789144444,6242,2511716,1536732,785540,902584,1602268,0,770248,15292,0,18
1789144446,6244,2511716,1536732,785544,902588,1602268,0,770252,15292,0,18
1789144448,6246,2511716,1536732,785544,902588,1602268,0,770252,15292,0,18
1789144450,6248,2511716,1536732,785548,902592,1602268,0,770256,15292,0,18
1789144452,6250,2511716,1536732,785548,902592,1602268,0,770256,15292,0,18
1789144454,6252,2511716,1536732,785548,902592,1602268,0,770256,15292,0,18
1789144456,6254,2511716,1536732,785552,902596,1602268,0,770260,15292,0,18
1789144458,6256,2511716,1536732,785552,902596,1602268,0,770260,15292,0,18
1789144460,6258,2511716,1536732,785556,902600,1602268,0,770264,15292,0,18
1789144462,6260,2511716,1536732,785556,902600,1602268,0,770264,15292,0,18
1789144464,6262,2511716,1536732,785560,902604,1602268,0,770268,15292,0,18
1789144466,6264,2511716,1536732,785560,902604,1602268,0,770268,15292,0,18
1789144468,6266,2511716,1536732,785560,902604,1602268,0,770268,15292,0,18
1789144470,6268,2511716,1536732,785564,902608,1602268,0,770272,15292,0,18
1789144472,6270,2511716,1536732,785564,902608,1602268,0,770272,15292,0,18
1789144474,6272,2511716,1536732,785568,902612,1602268,0,770276,15292,0,18
1789144476,6274,2511716,1536732,785568,902612,1602268,0,770276,15292,0,18
1789144478,6276,2511716,1536732,785568,902612,1602268,0,770276,15292,0,18
1789144480,6278,2511716,1536732,785572,902616,1602268,0,770280,15292,0,18
1789144482,6280,2511716,1536732,785576,902620,1602268,0,770284,15292,0,18
1789144485,6283,2511716,1536732,785576,902620,1602268,0,770284,15292,0,18
1789144486,6284,2511716,1536732,785576,902620,1602268,0,770284,15292,0,18
1789144488,6286,2511716,1536732,785580,902624,1602268,0,770288,15292,0,18
1789144490,6288,2511716,1536732,785580,902624,1602268,0,770288,15292,0,18
1789144492,6290,2511716,1536732,785584,902628,1602268,0,770292,15292,0,18
1789144494,6292,2511716,1536732,785584,902628,1602268,0,770292,15292,0,18
1789144496,6294,2511716,1536732,785584,902628,1602268,0,770292,15292,0,18
1789144498,6296,2511716,1536732,785588,902632,1602268,0,770296,15292,0,18
1789144500,6298,2511716,1536732,785588,902632,1602268,0,770296,15292,0,18
1789144502,6300,2511716,1536732,785592,902636,1602268,0,770300,15292,0,18
1789144504,6302,2511716,1536732,785592,902636,1602268,0,770300,15292,0,18
1789144506,6304,2511716,1536732,785596,902640,1602268,0,770304,15292,0,18
1789144508,6306,2511716,1536732,785596,902640,1602268,0,770304,15292,0,18
1789144510,6308,2511716,1536732,785596,902644,1602268,0,770304,15292,0,18
1789144512,6310,2511716,1536732,785600,902644,1602268,0,770308,15292,0,18
1789144514,6312,2511716,1536732,785600,902644,1602268,0,770308,15292,0,18
1789144516,6314,2511716,1536732,785604,902648,1602268,0,770312,15292,0,18
1789144518,6316,2511716,1536732,785604,902648,1602268,0,770312,15292,0,18
1789144520,6318,2511716,1536732,785608,902652,1602268,0,770316,15292,0,18
1789144522,6320,2511716,1536732,785608,902652,1602268,0,770316,15292,0,18
1789144524,6322,2511716,1536732,785612,902656,1602268,0,770320,15292,0,18
1789144526,6324,2511716,1536732,785612,902656,1602268,0,770320,15292,0,18
1789144528,6326,2511716,1536732,785612,902656,1602268,0,770320,15292,0,18
1789144530,6328,2511716,1536732,785616,902660,1602268,0,770324,15292,0,18
1789144533,6331,2511716,1536732,785616,902660,1602268,0,770324,15292,0,18
1789144534,6332,2511716,1536732,785620,902664,1602268,0,770328,15292,0,18
1789144536,6334,2511716,1536732,785620,902664,1602268,0,770328,15292,0,18
1789144538,6336,2511716,1536732,785624,902668,1602268,0,770332,15292,0,18
1789144540,6338,2511716,1536732,785624,902668,1602268,0,770332,15292,0,18
1789144542,6340,2511716,1536732,785624,902668,1602268,0,770332,15292,0,18
1789144544,6342,2511716,1536732,785628,902672,1602268,0,770336,15292,0,18
1789144546,6344,2511716,1536732,785628,902672,1602268,0,770336,15292,0,18
1789144548,6346,2511716,1536732,785632,902676,1602268,0,770340,15292,0,18
1789144550,6348,2511716,1536732,785632,902676,1602268,0,770340,15292,0,18
1789144552,6350,2511716,1536732,785636,902680,1602268,0,770344,15292,0,18
1789144554,6352,2511716,1536732,785636,902680,1602268,0,770344,15292,0,18
1789144556,6354,2511716,1536732,785640,902684,1602268,0,770348,15292,0,18
1789144558,6356,2511716,1536732,785640,902684,1602268,0,770348,15292,0,18
1789144560,6358,2511716,1536732,785640,902684,1602268,0,770348,15292,0,18
1789144562,6360,2511716,1536732,785644,902688,1602268,0,770352,15292,0,18
1789144564,6362,2511716,1536732,785644,902688,1602268,0,770352,15292,0,18
1789144566,6364,2511716,1536732,785648,902692,1602268,0,770356,15292,0,18
1789144568,6366,2511716,1536732,785648,902692,1602268,0,770356,15292,0,18
1789144570,6368,2511716,1536732,785648,902692,1602268,0,770356,15292,0,18
1789144572,6370,2511716,1536732,785652,902696,1602268,0,770360,15292,0,18
1789144574,6372,2511716,1536732,785652,902696,1602268,0,770360,15292,0,18
1789144576,6374,2511716,1536732,785656,902700,1602268,0,770364,15292,0,18
1789144578,6376,2511716,1536732,785656,902700,1602268,0,770364,15292,0,18
1789144580,6378,2511716,1536732,785660,902704,1602268,0,770368,15292,0,18
1789144582,6380,2511716,1536732,785660,902704,1602268,0,770368,15292,0,18
1789144584,6382,2511716,1536732,785664,902708,1602268,0,770372,15292,0,18
1789144586,6384,2511716,1536732,785664,902708,1602268,0,770372,15292,0,18
1789144588,6386,2511716,1536732,785664,902708,1602268,0,770372,15292,0,18
1789144590,6388,2511716,1536732,785668,902712,1602268,0,770376,15292,0,18
1789144592,6390,2511716,1536732,785668,902712,1602268,0,770376,15292,0,18
1789144594,6392,2511716,1536732,785672,902716,1602268,0,770380,15292,0,18
1789144596,6394,2511716,1536732,785672,902716,1602268,0,770380,15292,0,18
1789144598,6396,2511716,1536732,785676,902720,1602268,0,770384,15292,0,18
1789144600,6398,2511716,1536732,785676,902720,1602268,0,770384,15292,0,18
1789144602,6400,2511716,1536732,785676,902720,1602268,0,770384,15292,0,18
1789144604,6402,2511716,1536732,785680,902724,1602268,0,770388,15292,0,18
1789144606,6404,2511716,1536732,785680,902724,1602268,0,770388,15292,0,18
1789144608,6406,2511716,1536732,785684,902728,1602268,0,770392,15292,0,18
1789144610,6408,2511716,1536732,785684,902728,1602268,0,770392,15292,0,18
1789144612,6410,2511716,1536732,785684,902728,1602268,0,770392,15292,0,18
1789144614,6412,2511716,1536732,785688,902732,1602268,0,770396,15292,0,18
1789144616,6414,2511716,1536732,785688,902732,1602268,0,770396,15292,0,18
1789144618,6416,2511716,1536732,785692,902736,1602268,0,770400,15292,0,18
1789144620,6418,2511716,1536732,785692,902736,1602268,0,770400,15292,0,18
1789144622,6420,2511716,1536732,785696,902740,1602268,0,770404,15292,0,18
1789144624,6422,2511716,1536732,785696,902740,1602268,0,770404,15292,0,18
1789144626,6424,2511716,1536732,785700,902744,1602268,0,770408,15292,0,18
1789144628,6426,2511716,1536732,785700,902744,1602268,0,770408,15292,0,18
1789144631,6429,2511716,1536732,785704,902748,1602268,0,770412,15292,0,18
1789144633,6431,2511716,1536732,785704,902748,1602268,0,770412,15292,0,18
1789144635,6433,2511716,1536732,785708,902752,1602268,0,770416,15292,0,18
1789144638,6436,2511716,1536732,785708,902752,1602268,0,770416,15292,0,18
1789144640,6438,2511716,1536732,785712,902756,1602268,0,770420,15292,0,18
1789144642,6440,2511716,1536732,785712,902756,1602268,0,770420,15292,0,18
1789144644,6442,2511716,1536732,785712,902756,1602268,0,770420,15292,0,18
1789144646,6444,2511716,1536732,785716,902760,1602268,0,770424,15292,0,18
1789144648,6446,2511716,1536732,785716,902760,1602268,0,770424,15292,0,18
1789144651,6449,2511716,1536732,785720,902764,1602268,0,770428,15292,0,18
1789144653,6451,2511716,1536732,785720,902764,1602268,0,770428,15292,0,18
1789144655,6453,2511716,1536732,785724,902768,1602268,0,770432,15292,0,18
1789144658,6456,2511716,1536732,785724,902768,1602268,0,770432,15292,0,18
1789144659,6457,2511716,1536732,785728,902772,1602268,0,770436,15292,0,18
1789144661,6459,2511716,1536732,785728,902772,1602268,0,770436,15292,0,18
1789144664,6462,2511716,1536732,785732,902776,1602268,0,770440,15292,0,18
1789144665,6463,2511716,1536732,785732,902776,1602268,0,770440,15292,0,18
1789144667,6465,2511716,1536732,785732,902776,1602268,0,770440,15292,0,18
1789144669,6467,2511716,1536732,785736,902780,1602268,0,770444,15292,0,18
1789144671,6469,2511716,1536732,785736,902780,1602268,0,770444,15292,0,18
1789144673,6471,2511716,1536732,785740,902784,1602268,0,770448,15292,0,18
1789144676,6474,2511716,1536732,785740,902784,1602268,0,770448,15292,0,18
1789144678,6476,2511716,1536732,785744,902788,1602268,0,770452,15292,0,18
1789144680,6478,2511716,1536732,785744,902788,1602268,0,770452,15292,0,18
1789144683,6481,2511716,1536732,785748,902792,1602268,0,770456,15292,0,18
1789144684,6482,2511716,1536732,785748,902792,1602268,0,770456,15292,0,18
1789144686,6484,2511716,1536732,785752,902796,1602268,0,770460,15292,0,18
1789144689,6487,2511716,1536732,785752,902796,1602268,0,770460,15292,0,18
1789144691,6489,2511716,1536732,785756,902800,1602268,0,770464,15292,0,18
1789144693,6491,2511716,1536732,785756,902800,1602268,0,770464,15292,0,18
1789144696,6494,2511716,1536732,785760,902804,1602268,0,770468,15292,0,18
1789144698,6496,2511716,1536732,785760,902804,1602268,0,770468,15292,0,18
1789144700,6498,2511716,1536732,785760,902804,1602268,0,770468,15292,0,18
1789144703,6501,2511716,1536732,785764,902808,1602268,0,770472,15292,0,18
1789144705,6503,2511716,1536732,785764,902808,1602268,0,770472,15292,0,18
1789144707,6505,2511716,1536732,785768,902812,1602268,0,770476,15292,0,18
1789144709,6507,2511716,1536732,785768,902812,1602268,0,770476,15292,0,18
1789144711,6509,2511716,1536732,785772,902816,1602268,0,770480,15292,0,18
1789144713,6511,2511716,1536732,785772,902816,1602268,0,770480,15292,0,18
1789144715,6513,2511716,1536732,785776,902820,1602268,0,770484,15292,0,18
1789144717,6515,2511716,1536732,785776,902820,1602268,0,770484,15292,0,18
1789144719,6517,2511716,1536732,785780,902824,1602268,0,770488,15292,0,18
1789144722,6520,2511716,1536732,785780,902824,1602268,0,770488,15292,0,18
1789144723,6521,2511716,1536732,785780,902824,1602268,0,770488,15292,0,18
1789144725,6523,2511716,1536732,785784,902828,1602268,0,770492,15292,0,18
1789144728,6526,2511716,1536732,785784,902828,1602268,0,770492,15292,0,18
1789144730,6528,2511716,1536732,785788,902832,1602268,0,770496,15292,0,18
1789144732,6530,2511716,1536732,785788,902832,1602268,0,770496,15292,0,18
1789144735,6533,2511716,1536732,785792,902836,1602268,0,770500,15292,0,18
1789144737,6535,2511716,1536732,785792,902836,1602268,0,770500,15292,0,18
1789144739,6537,2511716,1536732,785796,902840,1602268,0,770504,15292,0,18
1789144742,6540,2511716,1536732,785796,902840,1602268,0,770504,15292,0,18
1789144743,6541,2511716,1536732,785800,902844,1602268,0,770508,15292,0,18
1789144745,6543,2511716,1536732,785800,902844,1602268,0,770508,15292,0,18
1789144748,6546,2511716,1536732,785804,902848,1602268,0,770512,15292,0,18
1789144749,6547,2511716,1536732,785804,902848,1602268,0,770512,15292,0,18
1789144751,6549,2511716,1536732,785804,902848,1602268,0,770512,15292,0,18
1789144753,6551,2511716,1536732,785808,902852,1602268,0,770516,15292,0,18
1789144755,6553,2511716,1536732,785808,902852,1602268,0,770516,15292,0,18
1789144757,6555,2511716,1536732,785812,902856,1602268,0,770520,15292,0,18
1789144759,6557,2511716,1536732,785812,902856,1602268,0,770520,15292,0,18
1789144761,6559,2511716,1536732,785812,902856,1602268,0,770520,15292,0,18
1789144763,6561,2511716,1536732,785816,902860,1602268,0,770524,15292,0,18
1789144765,6563,2511716,1536732,785816,902864,1602268,0,770524,15292,0,18
1789144767,6565,2511716,1536732,785820,902864,1602268,0,770528,15292,0,18
1789144769,6567,2511716,1536732,785820,902864,1602268,0,770528,15292,0,18
1789144771,6569,2511716,1536732,785824,902868,1602268,0,770532,15292,0,18
1789144773,6571,2511716,1536732,785824,902868,1602268,0,770532,15292,0,18
1789144775,6573,2511716,1536732,785824,902868,1602268,0,770532,15292,0,18
1789144777,6575,2511716,1536732,785828,902872,1602268,0,770536,15292,0,18
1789144779,6577,2511716,1536732,785828,902872,1602268,0,770536,15292,0,18
1789144781,6579,2511716,1536732,785832,902876,1602268,0,770540,15292,0,18
1789144783,6581,2511716,1536732,785832,902876,1602268,0,770540,15292,0,18
1789144785,6583,2511716,1536732,785836,902880,1602268,0,770544,15292,0,18
1789144787,6585,2511716,1536732,785836,902880,1602268,0,770544,15292,0,18
1789144789,6587,2511716,1536732,785840,902884,1602268,0,770548,15292,0,18
1789144791,6589,2511716,1536732,785840,902884,1602268,0,770548,15292,0,18
1789144793,6591,2511716,1536732,785840,902884,1602268,0,770548,15292,0,18
1789144795,6593,2511716,1536732,785844,902888,1602268,0,770552,15292,0,18
1789144797,6595,2511716,1536732,785844,902888,1602268,0,770552,15292,0,18
1789144799,6597,2511716,1536732,785848,902892,1602268,0,770556,15292,0,18
1789144801,6599,2511716,1536732,785848,902892,1602268,0,770556,15292,0,18
1789144803,6601,2511716,1536732,785848,902892,1602268,0,770556,15292,0,18
1789144805,6603,2511716,1536732,785852,902896,1602268,0,770560,15292,0,18
1789144807,6605,2511716,1536732,785856,902900,1602268,0,770564,15292,0,18
1789144809,6607,2511716,1536732,785856,902900,1602268,0,770564,15292,0,18
1789144811,6609,2511716,1536732,785856,902900,1602268,0,770564,15292,0,18
1789144813,6611,2511716,1536732,785860,902904,1602268,0,770568,15292,0,18
1789144815,6613,2511716,1536732,785860,902904,1602268,0,770568,15292,0,18
1789144817,6615,2511716,1536732,785864,902908,1602268,0,770572,15292,0,18
1789144819,6617,2511716,1536732,785864,902908,1602268,0,770572,15292,0,18
1789144821,6619,2511716,1536732,785864,902908,1602268,0,770572,15292,0,18
1789144823,6621,2511716,1536732,785868,902912,1602268,0,770576,15292,0,18
1789144825,6623,2511716,1536732,785868,902912,1602268,0,770576,15292,0,18
1789144827,6625,2511716,1536732,785872,902916,1602268,0,770580,15292,0,18
1789144829,6627,2511716,1536732,785872,902916,1602268,0,770580,15292,0,18
1789144831,6629,2511716,1536732,785876,902920,1602268,0,770584,15292,0,18
1789144833,6631,2511716,1536732,785876,902920,1602268,0,770584,15292,0,18
1789144835,6633,2511716,1536732,785876,902920,1602268,0,770584,15292,0,18
1789144837,6635,2511716,1536732,785880,902924,1602268,0,770588,15292,0,18
1789144839,6637,2511716,1536732,785880,902924,1602268,0,770588,15292,0,18
1789144841,6639,2511716,1536732,785884,902928,1602268,0,770592,15292,0,18
1789144843,6641,2511716,1536732,785884,902928,1602268,0,770592,15292,0,18
1789144845,6643,2511716,1536732,785884,902928,1602268,0,770592,15292,0,18
1789144847,6645,2511716,1536732,785888,902932,1602268,0,770596,15292,0,18
1789144849,6647,2511716,1536732,785888,902932,1602268,0,770596,15292,0,18
1789144851,6649,2511716,1536732,785892,902936,1602268,0,770600,15292,0,18
1789144853,6651,2511716,1536732,785892,902936,1602268,0,770600,15292,0,18
1789144855,6653,2511716,1536732,785896,902940,1602268,0,770604,15292,0,18
1789144857,6655,2511716,1536732,785896,902940,1602268,0,770604,15292,0,18
1789144859,6657,2511716,1536732,785900,902944,1602268,0,770608,15292,0,18
1789144861,6659,2511716,1536732,785900,902944,1602268,0,770608,15292,0,18
1789144863,6661,2511716,1536732,785900,902944,1602268,0,770608,15292,0,18
1789144865,6663,2511716,1536732,785904,902948,1602268,0,770612,15292,0,18
1789144867,6665,2511716,1536732,785904,902948,1602268,0,770612,15292,0,18
1789144869,6667,2511716,1536732,785908,902952,1602268,0,770616,15292,0,18
1789144871,6669,2511716,1536732,785908,902952,1602268,0,770616,15292,0,18
1789144873,6671,2511716,1536732,785912,902956,1602268,0,770620,15292,0,18
1789144875,6673,2511716,1536732,785912,902956,1602268,0,770620,15292,0,18
1789144877,6675,2511716,1536732,785912,902956,1602268,0,770620,15292,0,18
1789144879,6677,2511716,1536732,785916,902960,1602268,0,770624,15292,0,18
1789144881,6679,2511716,1536732,785916,902960,1602268,0,770624,15292,0,18
1789144883,6681,2511716,1536732,785920,902964,1602268,0,770628,15292,0,18
1789144885,6683,2511716,1536732,785920,902964,1602268,0,770628,15292,0,18
1789144887,6685,2511716,1536732,785924,902968,1602268,0,770632,15292,0,18
1789144889,6687,2511716,1536732,785924,902968,1602268,0,770632,15292,0,18
1789144891,6689,2511716,1536732,785928,902972,1602268,0,770636,15292,0,18
1789144893,6691,2511716,1536732,785928,902972,1602268,0,770636,15292,0,18
1789144895,6693,2511716,1536732,785928,902972,1602268,0,770636,15292,0,18
1789144897,6695,2511716,1536732,785932,902976,1602268,0,770640,15292,0,18
1789144899,6697,2511716,1536732,785932,902976,1602268,0,770640,15292,0,18
1789144901,6699,2511716,1536732,785936,902980,1602268,0,770644,15292,0,18
1789144903,6701,2511716,1536732,785936,902980,1602268,0,770644,15292,0,18
1789144905,6703,2511716,1536732,785936,902980,1602268,0,770644,15292,0,18
1789144907,6705,2511716,1536732,785940,902984,1602268,0,770648,15292,0,18
1789144909,6707,2511716,1536732,785940,902984,1602268,0,770648,15292,0,18
1789144911,6709,2511716,1536732,785944,902988,1602268,0,770652,15292,0,18
1789144913,6711,2511716,1536732,785944,902988,1602268,0,770652,15292,0,18
1789144915,6713,2511716,1536732,785948,902992,1602268,0,770656,15292,0,18
1789144917,6715,2511716,1536732,785948,902992,1602268,0,770656,15292,0,18
1789144919,6717,2511716,1536732,785948,902992,1602268,0,770656,15292,0,18
1789144921,6719,2511716,1536732,785952,902996,1602268,0,770660,15292,0,18
1789144923,6721,2511716,1536732,785952,902996,1602268,0,770660,15292,0,18
1789144925,6723,2511716,1536732,785956,903000,1602268,0,770664,15292,0,18
1789144927,6725,2511716,1536732,785956,903000,1602268,0,770664,15292,0,18
1789144929,6727,2511716,1536732,785960,903004,1602268,0,770668,15292,0,18
1789144931,6729,2511716,1536732,785960,903004,1602268,0,770668,15292,0,18
1789144933,6731,2511716,1536732,785964,903008,1602268,0,770672,15292,0,18
1789144935,6733,2511716,1536732,785964,903008,1602268,0,770672,15292,0,18
1789144937,6735,2511716,1536732,785964,903008,1602268,0,770672,15292,0,18
1789144939,6737,2511716,1536732,785968,903012,1602268,0,770676,15292,0,18
1789144941,6739,2511716,1536732,785968,903012,1602268,0,770676,15292,0,18
1789144943,6741,2511716,1536732,785972,903016,1602268,0,770680,15292,0,18
1789144945,6743,2511716,1536732,785972,903016,1602268,0,770680,15292,0,18
1789144947,6745,2511716,1536732,785972,903016,1602268,0,770680,15292,0,18
1789144949,6747,2511716,1536732,785976,903020,1602268,0,770684,15292,0,18
1789144951,6749,2511716,1536732,785976,903020,1602268,0,770684,15292,0,18
1789144953,6751,2511716,1536732,785980,903024,1602268,0,770688,15292,0,18
1789144955,6753,2511716,1536732,785980,903024,1602268,0,770688,15292,0,18
1789144957,6755,2511716,1536732,785984,903028,1602268,0,770692,15292,0,18
1789144960,6758,2511716,1536732,785984,903028,1602268,0,770692,15292,0,18
1789144962,6760,2511716,1536732,785988,903032,1602268,0,770696,15292,0,18
1789144964,6762,2511716,1536732,785988,903032,1602268,0,770696,15292,0,18
1789144966,6764,2511716,1536732,785992,903036,1602268,0,770700,15292,0,18
1789144968,6766,2511716,1536732,785992,903036,1602268,0,770700,15292,0,18
1789144970,6768,2511716,1536732,785996,903040,1602268,0,770704,15292,0,18
1789144972,6770,2511716,1536732,785996,903040,1602268,0,770704,15292,0,18
1789144974,6772,2511716,1536732,785996,903040,1602268,0,770704,15292,0,18
1789144976,6774,2511716,1536732,786000,903044,1602268,0,770708,15292,0,18
1789144979,6777,2511716,1536732,786000,903044,1602268,0,770708,15292,0,18
1789144980,6778,2511716,1536732,786004,903048,1602268,0,770712,15292,0,18
1789144982,6780,2511716,1536732,786004,903048,1602268,0,770712,15292,0,18
1789144985,6783,2511716,1536732,786008,903052,1602268,0,770716,15292,0,18
1789144987,6785,2511716,1536732,786008,903052,1602268,0,770716,15292,0,18
1789144989,6787,2511716,1536732,786012,903056,1602268,0,770720,15292,0,18
1789144991,6789,2511716,1536732,786012,903056,1602268,0,770720,15292,0,18
1789144993,6791,2511716,1536744,786016,903068,1602268,0,770724,15292,0,19
1789144995,6793,2511716,1536732,786016,903060,1602268,0,770724,15292,0,18
1789144997,6795,2511716,1536732,786016,903060,1602268,0,770724,15292,0,18
1789144999,6797,2511716,1536732,786020,903064,1602268,0,770728,15292,0,18
1789145001,6799,2511716,1536732,786020,903064,1602268,0,770728,15292,0,18
1789145003,6801,2511716,1536732,786024,903068,1602268,0,770732,15292,0,18
1789145005,6803,2511716,1536732,786024,903068,1602268,0,770732,15292,0,18
1789145007,6805,2511716,1536732,786028,903072,1602268,0,770736,15292,0,18
1789145009,6807,2511716,1536732,786028,903072,1602268,0,770736,15292,0,18
1789145011,6809,2511716,1536732,786028,903072,1602268,0,770736,15292,0,18
1789145013,6811,2511716,1536732,786032,903076,1602268,0,770740,15292,0,18
1789145015,6813,2511716,1536732,786032,903076,1602268,0,770740,15292,0,18
1789145017,6815,2511716,1536732,786036,903080,1602268,0,770744,15292,0,18
1789145019,6817,2511716,1536732,786036,903080,1602268,0,770744,15292,0,18
1789145022,6820,2511716,1536732,786040,903084,1602268,0,770748,15292,0,18
1789145024,6822,2511716,1536732,786040,903084,1602268,0,770748,15292,0,18
1789145026,6824,2511716,1536732,786044,903088,1602268,0,770752,15292,0,18
1789145029,6827,2511716,1536732,786044,903088,1602268,0,770752,15292,0,18
1789145031,6829,2511716,1536732,786048,903092,1602268,0,770756,15292,0,18
1789145033,6831,2511716,1536732,786048,903092,1602268,0,770756,15292,0,18
1789145035,6833,2511716,1536732,786048,903092,1602268,0,770756,15292,0,18
1789145037,6835,2511716,1536732,786052,903096,1602268,0,770760,15292,0,18
1789145039,6837,2511716,1536732,786052,903096,1602268,0,770760,15292,0,18
1789145041,6839,2511716,1536732,786056,903100,1602268,0,770764,15292,0,18
1789145043,6841,2511716,1536732,786056,903100,1602268,0,770764,15292,0,18
1789145045,6843,2511716,1536732,786060,903104,1602268,0,770768,15292,0,18
1789145047,6845,2511716,1536732,786060,903104,1602268,0,770768,15292,0,18
1789145049,6847,2511716,1536732,786064,903108,1602268,0,770772,15292,0,18
1789145051,6849,2511716,1536732,786064,903108,1602268,0,770772,15292,0,18
1789145054,6852,2511716,1536732,786068,903112,1602268,0,770776,15292,0,18
1789145056,6854,2511716,1536732,786068,903112,1602268,0,770776,15292,0,18
1789145058,6856,2511716,1536732,786072,903116,1602268,0,770780,15292,0,18
1789145060,6858,2511716,1536732,786072,903116,1602268,0,770780,15292,0,18
1789145062,6860,2511716,1536732,786072,903116,1602268,0,770780,15292,0,18
1789145064,6862,2511716,1536732,786076,903120,1602268,0,770784,15292,0,18
1789145066,6864,2511716,1536732,786076,903120,1602268,0,770784,15292,0,18
1789145068,6866,2511716,1536732,786080,903124,1602268,0,770788,15292,0,18
1789145070,6868,2511716,1536732,786080,903124,1602268,0,770788,15292,0,18
1789145073,6871,2511716,1536732,786084,903128,1602268,0,770792,15292,0,18
1789145075,6873,2511716,1536732,786084,903128,1602268,0,770792,15292,0,18
1789145077,6875,2511716,1536732,786088,903132,1602268,0,770796,15292,0,18
1789145079,6877,2511716,1536732,786088,903132,1602268,0,770796,15292,0,18
1789145081,6879,2511716,1536732,786088,903132,1602268,0,770796,15292,0,18
1789145083,6881,2511716,1536732,786092,903136,1602268,0,770800,15292,0,18
1789145085,6883,2511716,1536732,786092,903136,1602268,0,770800,15292,0,18
1789145087,6885,2511716,1536732,786096,903140,1602268,0,770804,15292,0,18
1789145089,6887,2511716,1536732,786096,903140,1602268,0,770804,15292,0,18
1789145091,6889,2511716,1536732,786096,903140,1602268,0,770804,15292,0,18
1789145093,6891,2511716,1536732,786100,903144,1602268,0,770808,15292,0,18
1789145095,6893,2511716,1536732,786104,903148,1602268,0,770812,15292,0,18
1789145097,6895,2511716,1536732,786104,903148,1602268,0,770812,15292,0,18
1789145099,6897,2511716,1536732,786104,903148,1602268,0,770812,15292,0,18
1789145101,6899,2511716,1536732,786108,903152,1602268,0,770816,15292,0,18
1789145104,6902,2511716,1536732,786108,903152,1602268,0,770816,15292,0,18
1789145106,6904,2511716,1536732,786112,903156,1602268,0,770820,15292,0,18
1789145108,6906,2511716,1536732,786112,903156,1602268,0,770820,15292,0,18
1789145110,6908,2511716,1536732,786116,903160,1602268,0,770824,15292,0,18
1789145112,6910,2511716,1536732,786116,903160,1602268,0,770824,15292,0,18
1789145114,6912,2511716,1536732,786120,903164,1602268,0,770828,15292,0,18
1789145116,6914,2511716,1536732,786120,903164,1602268,0,770828,15292,0,18
1789145118,6916,2511716,1536732,786120,903164,1602268,0,770828,15292,0,18
1789145120,6918,2511716,1536732,786124,903168,1602268,0,770832,15292,0,18
1789145122,6920,2511716,1536732,786124,903168,1602268,0,770832,15292,0,18
1789145124,6922,2511716,1536732,786128,903172,1602268,0,770836,15292,0,18
1789145126,6924,2511716,1536732,786128,903172,1602268,0,770836,15292,0,18
1789145128,6926,2511716,1536732,786128,903172,1602268,0,770836,15292,0,18
1789145130,6928,2511716,1536732,786132,903176,1602268,0,770840,15292,0,18
1789145132,6930,2511716,1536732,786132,903176,1602268,0,770840,15292,0,18
1789145135,6933,2511716,1536732,786136,903180,1602268,0,770844,15292,0,18
1789145137,6935,2511716,1536732,786140,903184,1602268,0,770848,15292,0,18
1789145139,6937,2511716,1536732,786140,903184,1602268,0,770848,15292,0,18
1789145142,6940,2511716,1536732,786144,903188,1602268,0,770852,15292,0,18
1789145144,6942,2511716,1536732,786144,903188,1602268,0,770852,15292,0,18
1789145146,6944,2511716,1536732,786148,903192,1602268,0,770856,15292,0,18
1789145149,6947,2511716,1536732,786148,903192,1602268,0,770856,15292,0,18
1789145151,6949,2511716,1536732,786152,903196,1602268,0,770860,15292,0,18
1789145153,6951,2511716,1536732,786152,903196,1602268,0,770860,15292,0,18
1789145156,6954,2511716,1536732,786156,903200,1602268,0,770864,15292,0,18
1789145158,6956,2511716,1536732,786156,903200,1602268,0,770864,15292,0,18
1789145160,6958,2511716,1536732,786160,903204,1602268,0,770868,15292,0,18
1789145162,6960,2511716,1536732,786160,903204,1602268,0,770868,15292,0,18
1789145164,6962,2511716,1536732,786160,903204,1602268,0,770868,15292,0,18
1789145167,6965,2511716,1536732,786164,903208,1602268,0,770872,15292,0,18
1789145168,6966,2511716,1536732,786164,903208,1602268,0,770872,15292,0,18
1789145170,6968,2511716,1536732,786168,903212,1602268,0,770876,15292,0,18
1789145173,6971,2511716,1536732,786168,903212,1602268,0,770876,15292,0,18
1789145175,6973,2511716,1536732,786172,903216,1602268,0,770880,15292,0,18
1789145177,6975,2511716,1536732,786172,903216,1602268,0,770880,15292,0,18
1789145179,6977,2511716,1536732,786176,903220,1602268,0,770884,15292,0,18
1789145181,6979,2511716,1536732,786176,903220,1602268,0,770884,15292,0,18
1789145183,6981,2511716,1536732,786180,903224,1602268,0,770888,15292,0,18
1789145185,6983,2511716,1536732,786180,903224,1602268,0,770888,15292,0,18
1789145187,6985,2511716,1536732,786180,903224,1602268,0,770888,15292,0,18
1789145189,6987,2511716,1536732,786184,903228,1602268,0,770892,15292,0,18
1789145191,6989,2511716,1536732,786184,903228,1602268,0,770892,15292,0,18
1789145193,6991,2511716,1536732,786188,903232,1602268,0,770896,15292,0,18
1789145195,6993,2511716,1536732,786188,903232,1602268,0,770896,15292,0,18
1789145198,6996,2511716,1536732,786192,903236,1602268,0,770900,15292,0,18
1789145200,6998,2511716,1536732,786192,903236,1602268,0,770900,15292,0,18
1789145202,7000,2511716,1536732,786196,903240,1602268,0,770904,15292,0,18
1789145205,7003,2511716,1536732,786196,903240,1602268,0,770904,15292,0,18
1789145207,7005,2511716,1536732,786200,903244,1602268,0,770908,15292,0,18
1789145209,7007,2511716,1536732,786200,903244,1602268,0,770908,15292,0,18
1789145211,7009,2511716,1536732,786200,903244,1602268,0,770908,15292,0,18
1789145213,7011,2511716,1536732,786204,903248,1602268,0,770912,15292,0,18
1789145215,7013,2511716,1536732,786204,903248,1602268,0,770912,15292,0,18
1789145217,7015,2511716,1536732,786208,903252,1602268,0,770916,15292,0,18
1789145219,7017,2511716,1536732,786208,903252,1602268,0,770916,15292,0,18
1789145221,7019,2511716,1536732,786212,903256,1602268,0,770920,15292,0,18
1789145224,7022,2511716,1536732,786212,903256,1602268,0,770920,15292,0,18
1789145225,7023,2511716,1536732,786212,903256,1602268,0,770920,15292,0,18
1789145227,7025,2511716,1536732,786216,903260,1602268,0,770924,15292,0,18
1789145229,7027,2511716,1536732,786216,903260,1602268,0,770924,15292,0,18
1789145231,7029,2511716,1536732,786220,903264,1602268,0,770928,15292,0,18
1789145233,7031,2511716,1536732,786220,903264,1602268,0,770928,15292,0,18
1789145236,7034,2511716,1536732,786224,903268,1602268,0,770932,15292,0,18
1789145237,7035,2511716,1536732,786224,903268,1602268,0,770932,15292,0,18
1789145239,7037,2511716,1536732,786228,903272,1602268,0,770936,15292,0,18
1789145242,7040,2511716,1536732,786228,903272,1602268,0,770936,15292,0,18
1789145243,7041,2511716,1536732,786228,903272,1602268,0,770936,15292,0,18
1789145245,7043,2511716,1536732,786232,903276,1602268,0,770940,15292,0,18
1789145248,7046,2511716,1536732,786232,903276,1602268,0,770940,15292,0,18
1789145249,7047,2511716,1536732,786236,903280,1602268,0,770944,15292,0,18
1789145251,7049,2511716,1536732,786236,903280,1602268,0,770944,15292,0,18
1789145253,7051,2511716,1536732,786240,903284,1602268,0,770948,15292,0,18
1789145255,7053,2511716,1536732,786240,903284,1602268,0,770948,15292,0,18
1789145257,7055,2511716,1536732,786240,903284,1602268,0,770948,15292,0,18
1789145259,7057,2511716,1536732,786244,903288,1602268,0,770952,15292,0,18
1789145261,7059,2511716,1536732,786244,903288,1602268,0,770952,15292,0,18
1789145263,7061,2511716,1536732,786248,903292,1602268,0,770956,15292,0,18
1789145265,7063,2511716,1536732,786248,903292,1602268,0,770956,15292,0,18
1789145267,7065,2511716,1536732,786248,903296,1602268,0,770956,15292,0,18
1789145269,7067,2511716,1536732,786252,903296,1602268,0,770960,15292,0,18
1789145271,7069,2511716,1536732,786252,903296,1602268,0,770960,15292,0,18
1789145273,7071,2511716,1536732,786256,903300,1602268,0,770964,15292,0,18
1789145275,7073,2511716,1536732,786256,903300,1602268,0,770964,15292,0,18
1789145277,7075,2511716,1536732,786260,903304,1602268,0,770968,15292,0,18
1789145279,7077,2511716,1536732,786260,903304,1602268,0,770968,15292,0,18
1789145281,7079,2511716,1536732,786264,903308,1602268,0,770972,15292,0,18
1789145283,7081,2511716,1536732,786264,903308,1602268,0,770972,15292,0,18
1789145285,7083,2511716,1536732,786264,903308,1602268,0,770972,15292,0,18
1789145287,7085,2511716,1536732,786268,903312,1602268,0,770976,15292,0,18
1789145289,7087,2511716,1536732,786268,903312,1602268,0,770976,15292,0,18
1789145291,7089,2511716,1536732,786272,903316,1602268,0,770980,15292,0,18
1789145293,7091,2511716,1536732,786272,903316,1602268,0,770980,15292,0,18
1789145295,7093,2511716,1536732,786276,903320,1602268,0,770984,15292,0,18
1789145297,7095,2511716,1536732,786276,903320,1602268,0,770984,15292,0,18
1789145299,7097,2511716,1536732,786276,903320,1602268,0,770984,15292,0,18
1789145301,7099,2511716,1536732,786280,903324,1602268,0,770988,15292,0,18
1789145303,7101,2511716,1536732,786280,903324,1602268,0,770988,15292,0,18
1789145305,7103,2511716,1536732,786284,903328,1602268,0,770992,15292,0,18
1789145307,7105,2511716,1536732,786284,903328,1602268,0,770992,15292,0,18
1789145309,7107,2511716,1536732,786288,903332,1602268,0,770996,15292,0,18
1789145311,7109,2511716,1536732,786288,903332,1602268,0,770996,15292,0,18
1789145313,7111,2511716,1536732,786288,903336,1602268,0,770996,15292,0,18
1789145315,7113,2511716,1536732,786292,903336,1602268,0,771000,15292,0,18
1789145317,7115,2511716,1536732,786292,903336,1602268,0,771000,15292,0,18
1789145319,7117,2511716,1536732,786296,903340,1602268,0,771004,15292,0,18
1789145321,7119,2511716,1536732,786296,903340,1602268,0,771004,15292,0,18
1789145323,7121,2511716,1536732,786300,903344,1602268,0,771008,15292,0,18
1789145325,7123,2511716,1536732,786300,903344,1602268,0,771008,15292,0,18
1789145327,7125,2511716,1536732,786300,903344,1602268,0,771008,15292,0,18
1789145329,7127,2511716,1536732,786304,903348,1602268,0,771012,15292,0,18
1789145331,7129,2511716,1536732,786304,903348,1602268,0,771012,15292,0,18
1789145333,7131,2511716,1536732,786308,903352,1602268,0,771016,15292,0,18
1789145335,7133,2511716,1536732,786308,903352,1602268,0,771016,15292,0,18
1789145337,7135,2511716,1536732,786312,903356,1602268,0,771020,15292,0,18
1789145339,7137,2511716,1536732,786312,903356,1602268,0,771020,15292,0,18
1789145341,7139,2511716,1536732,786312,903356,1602268,0,771020,15292,0,18
1789145343,7141,2511716,1536732,786316,903360,1602268,0,771024,15292,0,18
1789145345,7143,2511716,1536732,786316,903360,1602268,0,771024,15292,0,18
1789145347,7145,2511716,1536732,786320,903364,1602268,0,771028,15292,0,18
1789145349,7147,2511716,1536732,786320,903364,1602268,0,771028,15292,0,18
1789145351,7149,2511716,1536732,786320,903364,1602268,0,771028,15292,0,18
1789145353,7151,2511716,1536732,786324,903368,1602268,0,771032,15292,0,18
1789145355,7153,2511716,1536732,786324,903368,1602268,0,771032,15292,0,18
1789145357,7155,2511716,1536732,786328,903372,1602268,0,771036,15292,0,18
1789145359,7157,2511716,1536732,786328,903372,1602268,0,771036,15292,0,18
1789145361,7159,2511716,1536732,786332,903376,1602268,0,771040,15292,0,18
1789145363,7161,2511716,1536732,786332,903376,1602268,0,771040,15292,0,18
1789145365,7163,2511716,1536732,786336,903380,1602268,0,771044,15292,0,18
1789145367,7165,2511716,1536732,786336,903380,1602268,0,771044,15292,0,18
1789145369,7167,2511716,1536732,786336,903380,1602268,0,771044,15292,0,18
1789145371,7169,2511716,1536732,786340,903384,1602268,0,771048,15292,0,18
1789145373,7171,2511716,1536732,786340,903384,1602268,0,771048,15292,0,18
1789145376,7174,2511716,1536732,786344,903388,1602268,0,771052,15292,0,18
1789145378,7176,2511716,1536732,786344,903388,1602268,0,771052,15292,0,18
1789145380,7178,2511716,1536732,786348,903392,1602268,0,771056,15292,0,18
1789145383,7181,2511716,1536732,786348,903392,1602268,0,771056,15292,0,18
1789145385,7183,2511716,1536732,786352,903396,1602268,0,771060,15292,0,18
1789145387,7185,2511716,1536732,786352,903396,1602268,0,771060,15292,0,18
1789145389,7187,2511716,1536732,786356,903400,1602268,0,771064,15292,0,18
1789145391,7189,2511716,1536732,786356,903400,1602268,0,771064,15292,0,18
1789145393,7191,2511716,1536732,786360,903404,1602268,0,771068,15292,0,18
1789145395,7193,2511716,1536732,786360,903404,1602268,0,771068,15292,0,18
1789145397,7195,2511716,1536732,786360,903404,1602268,0,771068,15292,0,18
1789145399,7197,2511716,1536732,786364,903408,1602268,0,771072,15292,0,18
1789145402,7200,2511716,1536732,786364,903408,1602268,0,771072,15292,0,18
1789145404,7202,2511716,1536732,786368,903412,1602268,0,771076,15292,0,18
1789145406,7204,2511716,1536732,786372,903416,1602268,0,771080,15292,0,18
1789145408,7206,2511716,1536732,786372,903416,1602268,0,771080,15292,0,18
1789145410,7208,2511716,1536732,786372,903416,1602268,0,771080,15292,0,18
1789145412,7210,2511716,1536732,786376,903420,1602268,0,771084,15292,0,18
1789145414,7212,2511716,1536732,786376,903420,1602268,0,771084,15292,0,18
1789145416,7214,2511716,1536732,786380,903424,1602268,0,771088,15292,0,18
1789145418,7216,2511716,1536732,786380,903424,1602268,0,771088,15292,0,18
1789145420,7218,2511716,1536732,786380,903424,1602268,0,771088,15292,0,18
1789145422,7220,2511716,1536732,786384,903428,1602268,0,771092,15292,0,18
1789145424,7222,2511716,1536732,786384,903428,1602268,0,771092,15292,0,18
1789145426,7224,2511716,1536732,786388,903432,1602268,0,771096,15292,0,18
1789145428,7226,2511716,1536732,786388,903432,1602268,0,771096,15292,0,18
1789145430,7228,2511716,1536732,786392,903436,1602268,0,771100,15292,0,18
1789145433,7231,2511716,1536732,786392,903436,1602268,0,771100,15292,0,18
1789145435,7233,2511716,1536732,786396,903440,1602268,0,771104,15292,0,18
1789145437,7235,2511716,1536732,786396,903440,1602268,0,771104,15292,0,18
1789145440,7238,2511716,1536732,786400,903444,1602268,0,771108,15292,0,18
1789145442,7240,2511716,1536732,786400,903444,1602268,0,771108,15292,0,18
1789145444,7242,2511716,1536732,786404,903448,1602268,0,771112,15292,0,18
1789145446,7244,2511716,1536732,786404,903448,1602268,0,771112,15292,0,18
1789145448,7246,2511716,1536732,786408,903452,1602268,0,771116,15292,0,18
1789145450,7248,2511716,1536732,786408,903452,1602268,0,771116,15292,0,18
1789145452,7250,2511716,1536732,786408,903452,1602268,0,771116,15292,0,18
1789145454,7252,2511716,1536732,786412,903456,1602268,0,771120,15292,0,18
1789145456,7254,2511716,1536732,786412,903456,1602268,0,771120,15292,0,18
1789145458,7256,2511716,1536732,786416,903460,1602268,0,771124,15292,0,18
1789145460,7258,2511716,1536732,786416,903460,1602268,0,771124,15292,0,18
1789145462,7260,2511716,1536732,786420,903464,1602268,0,771128,15292,0,18
1789145464,7262,2511716,1536732,786420,903464,1602268,0,771128,15292,0,18
1789145466,7264,2511716,1536732,786420,903464,1602268,0,771128,15292,0,18
1789145468,7266,2511716,1536732,786424,903468,1602268,0,771132,15292,0,18
1789145470,7268,2511716,1536732,786424,903468,1602268,0,771132,15292,0,18
1789145472,7270,2511716,1536732,786428,903472,1602268,0,771136,15292,0,18
1789145474,7272,2511716,1536732,786428,903472,1602268,0,771136,15292,0,18
1789145477,7275,2511716,1536732,786432,903476,1602268,0,771140,15292,0,18
1789145479,7277,2511716,1536732,786432,903476,1602268,0,771140,15292,0,18
1789145481,7279,2511716,1536732,786436,903480,1602268,0,771144,15292,0,18
1789145483,7281,2511716,1536732,786436,903480,1602268,0,771144,15292,0,18
1789145485,7283,2511716,1536732,786436,903480,1602268,0,771144,15292,0,18
1789145487,7285,2511716,1536732,786440,903484,1602268,0,771148,15292,0,18
1789145489,7287,2511716,1536732,786440,903484,1602268,0,771148,15292,0,18
1789145491,7289,2511716,1536732,786444,903488,1602268,0,771152,15292,0,18
1789145493,7291,2511716,1536732,786444,903488,1602268,0,771152,15292,0,18
1789145496,7294,2511716,1536732,786448,903492,1602268,0,771156,15292,0,18
1789145497,7295,2511716,1536732,786448,903492,1602268,0,771156,15292,0,18
1789145499,7297,2511716,1536732,786452,903496,1602268,0,771160,15292,0,18
1789145502,7300,2511716,1536732,786452,903496,1602268,0,771160,15292,0,18
1789145503,7301,2511716,1536732,786452,903496,1602268,0,771160,15292,0,18
1789145505,7303,2511716,1536732,786456,903500,1602268,0,771164,15292,0,18
1789145508,7306,2511716,1536732,786456,903500,1602268,0,771164,15292,0,18
1789145509,7307,2511716,1536732,786460,903504,1602268,0,771168,15292,0,18
1789145511,7309,2511716,1536732,786460,903504,1602268,0,771168,15292,0,18
1789145514,7312,2511716,1536732,786464,903508,1602268,0,771172,15292,0,18
1789145515,7313,2511716,1536732,786464,903508,1602268,0,771172,15292,0,18
1789145517,7315,2511716,1536732,786464,903508,1602268,0,771172,15292,0,18
1789145520,7318,2511716,1536732,786468,903512,1602268,0,771176,15292,0,18
1789145521,7319,2511716,1536732,786468,903512,1602268,0,771176,15292,0,18
1789145523,7321,2511716,1536732,786472,903516,1602268,0,771180,15292,0,18
1789145525,7323,2511716,1536732,786472,903516,1602268,0,771180,15292,0,18
1789145527,7325,2511716,1536732,786476,903520,1602268,0,771184,15292,0,18
1789145529,7327,2511716,1536732,786476,903520,1602268,0,771184,15292,0,18
1789145532,7330,2511716,1536732,786480,903524,1602268,0,771188,15292,0,18
1789145534,7332,2511716,1536732,786480,903524,1602268,0,771188,15292,0,18
1789145536,7334,2511716,1536732,786484,903528,1602268,0,771192,15292,0,18
1789145539,7337,2511716,1536732,786484,903528,1602268,0,771192,15292,0,18
1789145541,7339,2511716,1536732,786488,903532,1602268,0,771196,15292,0,18
1789145543,7341,2511716,1536732,786488,903532,1602268,0,771196,15292,0,18
1789145546,7344,2511716,1536732,786492,903536,1602268,0,771200,15292,0,18
1789145548,7346,2511716,1536732,786492,903536,1602268,0,771200,15292,0,18
1789145550,7348,2511716,1536732,786496,903540,1602268,0,771204,15292,0,18
1789145552,7350,2511716,1536732,786496,903540,1602268,0,771204,15292,0,18
1789145554,7352,2511716,1536732,786496,903540,1602268,0,771204,15292,0,18
1789145556,7354,2511716,1536732,786500,903544,1602268,0,771208,15292,0,18
1789145559,7357,2511716,1536732,786500,903544,1602268,0,771208,15292,0,18
1789145560,7358,2511716,1536732,786504,903548,1602268,0,771212,15292,0,18
1789145562,7360,2511716,1536732,786504,903548,1602268,0,771212,15292,0,18
1789145565,7363,2511716,1536732,786508,903552,1602268,0,771216,15292,0,18
1789145566,7364,2511716,1536732,786508,903552,1602268,0,771216,15292,0,18
1789145568,7366,2511716,1536732,786508,903552,1602268,0,771216,15292,0,18
1789145571,7369,2511716,1536732,786512,903556,1602268,0,771220,15292,0,18
1789145573,7371,2511716,1536732,786512,903556,1602268,0,771220,15292,0,18
1789145575,7373,2511716,1536732,786516,903560,1602268,0,771224,15292,0,18
1789145578,7376,2511716,1536732,786516,903560,1602268,0,771224,15292,0,18
1789145580,7378,2511716,1536732,786520,903564,1602268,0,771228,15292,0,18
1789145582,7380,2511716,1536732,786520,903564,1602268,0,771228,15292,0,18
1789145584,7382,2511716,1536732,786524,903568,1602268,0,771232,15292,0,18
1789145586,7384,2511716,1536732,786524,903568,1602268,0,771232,15292,0,18
1789145588,7386,2511716,1536732,786528,903572,1602268,0,771236,15292,0,18
1789145591,7389,2511716,1536732,786528,903572,1602268,0,771236,15292,0,18
1789145592,7390,2511716,1536732,786532,903576,1602268,0,771240,15292,0,18
1789145594,7392,2511716,1536732,786532,903576,1602268,0,771240,15292,0,18
1789145596,7394,2511716,1536732,786536,903580,1602268,0,771244,15292,0,18
1789145598,7396,2511716,1536732,786536,903580,1602268,0,771244,15292,0,18
1789145600,7398,2511716,1536732,786536,903580,1602268,0,771244,15292,0,18
1789145603,7401,2511716,1536732,786540,903584,1602268,0,771248,15292,0,18
1789145604,7402,2511716,1536732,786540,903584,1602268,0,771248,15292,0,18
1789145606,7404,2511716,1536732,786544,903588,1602268,0,771252,15292,0,18
1789145608,7406,2511716,1536732,786544,903588,1602268,0,771252,15292,0,18
1789145610,7408,2511716,1536732,786544,903588,1602268,0,771252,15292,0,18
1789145612,7410,2511716,1536732,786548,903592,1602268,0,771256,15292,0,18
1789145614,7412,2511716,1536732,786548,903592,1602268,0,771256,15292,0,18
1789145616,7414,2511716,1536732,786552,903596,1602268,0,771260,15292,0,18
1789145618,7416,2511716,1536732,786552,903596,1602268,0,771260,15292,0,18
1789145620,7418,2511716,1536732,786556,903600,1602268,0,771264,15292,0,18
1789145622,7420,2511716,1536732,786556,903600,1602268,0,771264,15292,0,18
1789145624,7422,2511716,1536732,786560,903604,1602268,0,771268,15292,0,18
1789145626,7424,2511716,1536732,786560,903604,1602268,0,771268,15292,0,18
1789145628,7426,2511716,1536732,786560,903604,1602268,0,771268,15292,0,18
1789145630,7428,2511716,1536732,786564,903608,1602268,0,771272,15292,0,18
1789145632,7430,2511716,1536732,786564,903608,1602268,0,771272,15292,0,18
1789145634,7432,2511716,1536732,786568,903612,1602268,0,771276,15292,0,18
1789145636,7434,2511716,1536732,786568,903612,1602268,0,771276,15292,0,18
1789145638,7436,2511716,1536732,786572,903616,1602268,0,771280,15292,0,18
1789145640,7438,2511716,1536732,786572,903616,1602268,0,771280,15292,0,18
1789145642,7440,2511716,1536732,786572,903616,1602268,0,771280,15292,0,18
1789145644,7442,2511716,1536732,786576,903620,1602268,0,771284,15292,0,18
1789145646,7444,2511716,1536732,786576,903620,1602268,0,771284,15292,0,18
1789145648,7446,2511716,1536732,786580,903624,1602268,0,771288,15292,0,18
1789145650,7448,2511716,1536732,786580,903624,1602268,0,771288,15292,0,18
1789145652,7450,2511716,1536732,786580,903624,1602268,0,771288,15292,0,18
1789145654,7452,2511716,1536732,786584,903628,1602268,0,771292,15292,0,18
1789145656,7454,2511716,1536732,786584,903628,1602268,0,771292,15292,0,18
1789145658,7456,2511716,1536732,786588,903632,1602268,0,771296,15292,0,18
1789145660,7458,2511716,1536732,786588,903632,1602268,0,771296,15292,0,18
1789145662,7460,2511716,1536732,786592,903636,1602268,0,771300,15292,0,18
1789145664,7462,2511716,1536732,786592,903636,1602268,0,771300,15292,0,18
1789145666,7464,2511716,1536732,786596,903640,1602268,0,771304,15292,0,18
1789145668,7466,2511716,1536732,786596,903640,1602268,0,771304,15292,0,18
1789145670,7468,2511716,1536732,786596,903640,1602268,0,771304,15292,0,18
1789145672,7470,2511716,1536732,786600,903644,1602268,0,771308,15292,0,18
1789145674,7472,2511716,1536732,786600,903644,1602268,0,771308,15292,0,18
1789145676,7474,2511716,1536732,786604,903648,1602268,0,771312,15292,0,18
1789145678,7476,2511716,1536732,786604,903648,1602268,0,771312,15292,0,18
1789145680,7478,2511716,1536732,786608,903652,1602268,0,771316,15292,0,18
1789145682,7480,2511716,1536732,786608,903652,1602268,0,771316,15292,0,18
1789145684,7482,2511716,1536732,786608,903652,1602268,0,771316,15292,0,18
1789145686,7484,2511716,1536732,786612,903656,1602268,0,771320,15292,0,18
1789145689,7487,2511716,1536732,786612,903656,1602268,0,771320,15292,0,18
1789145690,7488,2511716,1536732,786616,903660,1602268,0,771324,15292,0,18
1789145692,7490,2511716,1536732,786616,903660,1602268,0,771324,15292,0,18
1789145695,7493,2511716,1536732,786620,903664,1602268,0,771328,15292,0,18
1789145697,7495,2511716,1536732,786620,903664,1602268,0,771328,15292,0,18
1789145699,7497,2511716,1536732,786624,903668,1602268,0,771332,15292,0,18
1789145701,7499,2511716,1536732,786624,903668,1602268,0,771332,15292,0,18
1789145703,7501,2511716,1536732,786628,903672,1602268,0,771336,15292,0,18
1789145705,7503,2511716,1536732,786628,903672,1602268,0,771336,15292,0,18
1789145708,7506,2511716,1536732,786632,903676,1602268,0,771340,15292,0,18
1789145709,7507,2511716,1536732,786632,903676,1602268,0,771340,15292,0,18
1789145711,7509,2511716,1536732,786632,903676,1602268,0,771340,15292,0,18
1789145713,7511,2511716,1536732,786636,903680,1602268,0,771344,15292,0,18
1789145715,7513,2511716,1536732,786636,903680,1602268,0,771344,15292,0,18
1789145717,7515,2511716,1536732,786640,903684,1602268,0,771348,15292,0,18
1789145720,7518,2511716,1536732,786640,903684,1602268,0,771348,15292,0,18
1789145722,7520,2511716,1536732,786644,903688,1602268,0,771352,15292,0,18
1789145724,7522,2511716,1536732,786644,903688,1602268,0,771352,15292,0,18
1789145726,7524,2511716,1536732,786644,903688,1602268,0,771352,15292,0,18
1789145728,7526,2511716,1536732,786648,903692,1602268,0,771356,15292,0,18
1789145730,7528,2511716,1536732,786648,903692,1602268,0,771356,15292,0,18
1789145732,7530,2511716,1536732,786652,903696,1602268,0,771360,15292,0,18
1789145734,7532,2511716,1536732,786652,903696,1602268,0,771360,15292,0,18
1789145736,7534,2511716,1536732,786656,903700,1602268,0,771364,15292,0,18
1789145739,7537,2511716,1536732,786656,903700,1602268,0,771364,15292,0,18
1789145741,7539,2511716,1536732,786660,903704,1602268,0,771368,15292,0,18
1789145743,7541,2511716,1536732,786660,903704,1602268,0,771368,15292,0,18
1789145746,7544,2511716,1536732,786664,903708,1602268,0,771372,15292,0,18
1789145748,7546,2511716,1536732,786664,903708,1602268,0,771372,15292,0,18
1789145750,7548,2511716,1536732,786668,903712,1602268,0,771376,15292,0,18
1789145753,7551,2511716,1536732,786668,903712,1602268,0,771376,15292,0,18
1789145754,7552,2511716,1536732,786668,903712,1602268,0,771376,15292,0,18
1789145756,7554,2511716,1536732,786672,903716,1602268,0,771380,15292,0,18
1789145758,7556,2511716,1536732,786672,903716,1602268,0,771380,15292,0,18
1789145760,7558,2511716,1536732,786676,903720,1602268,0,771384,15292,0,18
1789145762,7560,2511716,1536732,786676,903720,1602268,0,771384,15292,0,18
1789145764,7562,2511716,1536732,786680,903724,1602268,0,771388,15292,0,18
1789145766,7564,2511716,1536732,786680,903724,1602268,0,771388,15292,0,18
1789145768,7566,2511716,1536732,786684,903728,1602268,0,771392,15292,0,18
1789145770,7568,2511716,1536732,786684,903728,1602268,0,771392,15292,0,18
1789145772,7570,2511716,1536732,786684,903728,1602268,0,771392,15292,0,18
1789145774,7572,2511716,1536732,786688,903732,1602268,0,771396,15292,0,18
1789145776,7574,2511716,1536732,786688,903732,1602268,0,771396,15292,0,18
1789145778,7576,2511716,1536732,786692,903736,1602268,0,771400,15292,0,18
1789145780,7578,2511716,1536732,786692,903736,1602268,0,771400,15292,0,18
1789145782,7580,2511716,1536732,786696,903740,1602268,0,771404,15292,0,18
1789145784,7582,2511716,1536732,786696,903740,1602268,0,771404,15292,0,18
1789145786,7584,2511716,1536732,786696,903740,1602268,0,771404,15292,0,18
1789145788,7586,2511716,1536732,786700,903744,1602268,0,771408,15292,0,18
1789145790,7588,2511716,1536732,786700,903744,1602268,0,771408,15292,0,18
1789145792,7590,2511716,1536732,786704,903748,1602268,0,771412,15292,0,18
1789145794,7592,2511716,1536732,786704,903748,1602268,0,771412,15292,0,18
1789145796,7594,2511716,1536732,786708,903752,1602268,0,771416,15292,0,18
1789145798,7596,2511716,1536732,786708,903752,1602268,0,771416,15292,0,18
1789145800,7598,2511716,1536732,786708,903752,1602268,0,771416,15292,0,18
1789145802,7600,2511716,1536732,786712,903756,1602268,0,771420,15292,0,18
1789145804,7602,2511716,1536732,786712,903756,1602268,0,771420,15292,0,18
1789145806,7604,2511716,1536732,786716,903760,1602268,0,771424,15292,0,18
1789145808,7606,2511716,1536732,786716,903760,1602268,0,771424,15292,0,18
1789145810,7608,2511716,1536732,786720,903764,1602268,0,771428,15292,0,18
1789145812,7610,2511716,1536732,786720,903764,1602268,0,771428,15292,0,18
1789145814,7612,2511716,1536732,786720,903764,1602268,0,771428,15292,0,18
1789145816,7614,2511716,1536732,786724,903768,1602268,0,771432,15292,0,18
1789145818,7616,2511716,1536732,786724,903768,1602268,0,771432,15292,0,18
1789145820,7618,2511716,1536732,786728,903772,1602268,0,771436,15292,0,18
1789145822,7620,2511716,1536732,786728,903772,1602268,0,771436,15292,0,18
1789145824,7622,2511716,1536732,786732,903776,1602268,0,771440,15292,0,18
1789145827,7625,2511716,1536732,786732,903776,1602268,0,771440,15292,0,18
1789145828,7626,2511716,1536732,786732,903776,1602268,0,771440,15292,0,18
1789145830,7628,2511716,1536732,786736,903780,1602268,0,771444,15292,0,18
1789145832,7630,2511716,1536732,786736,903780,1602268,0,771444,15292,0,18
1789145834,7632,2511716,1536732,786740,903784,1602268,0,771448,15292,0,18
1789145836,7634,2511716,1536732,786740,903784,1602268,0,771448,15292,0,18
1789145839,7637,2511716,1536732,786744,903788,1602268,0,771452,15292,0,18
1789145841,7639,2511716,1536732,786744,903788,1602268,0,771452,15292,0,18
1789145843,7641,2511716,1536732,786748,903792,1602268,0,771456,15292,0,18
1789145845,7643,2511716,1536732,786748,903792,1602268,0,771456,15292,0,18
1789145847,7645,2511716,1536732,786752,903796,1602268,0,771460,15292,0,18
1789145849,7647,2511716,1536732,786752,903796,1602268,0,771460,15292,0,18
1789145852,7650,2511716,1536732,786756,903800,1602268,0,771464,15292,0,18
1789145854,7652,2511716,1536732,786756,903800,1602268,0,771464,15292,0,18
1789145856,7654,2511716,1536732,786760,903804,1602268,0,771468,15292,0,18
1789145858,7656,2511716,1536732,786760,903804,1602268,0,771468,15292,0,18
1789145860,7658,2511716,1536732,786760,903804,1602268,0,771468,15292,0,18
1789145862,7660,2511716,1536732,786764,903808,1602268,0,771472,15292,0,18
1789145864,7662,2511716,1536732,786764,903808,1602268,0,771472,15292,0,18
1789145866,7664,2511716,1536732,786768,903812,1602268,0,771476,15292,0,18
1789145868,7666,2511716,1536732,786768,903812,1602268,0,771476,15292,0,18
1789145870,7668,2511716,1536732,786772,903816,1602268,0,771480,15292,0,18
1789145872,7670,2511716,1536732,786772,903816,1602268,0,771480,15292,0,18
1789145874,7672,2511716,1536732,786772,903816,1602268,0,771480,15292,0,18
1789145876,7674,2511716,1536732,786776,903820,1602268,0,771484,15292,0,18
1789145878,7676,2511716,1536732,786776,903820,1602268,0,771484,15292,0,18
1789145880,7678,2511716,1536732,786780,903824,1602268,0,771488,15292,0,18
1789145882,7680,2511716,1536732,786780,903824,1602268,0,771488,15292,0,18
1789145884,7682,2511716,1536732,786780,903824,1602268,0,771488,15292,0,18
1789145886,7684,2511716,1536732,786784,903828,1602268,0,771492,15292,0,18
1789145888,7686,2511716,1536732,786784,903828,1602268,0,771492,15292,0,18
1789145890,7688,2511716,1536732,786788,903832,1602268,0,771496,15292,0,18
1789145892,7690,2511716,1536732,786788,903832,1602268,0,771496,15292,0,18
1789145894,7692,2511716,1536732,786792,903836,1602268,0,771500,15292,0,18
1789145896,7694,2511716,1536732,786792,903836,1602268,0,771500,15292,0,18
1789145898,7696,2511716,1536732,786796,903840,1602268,0,771504,15292,0,18
1789145900,7698,2511716,1536732,786796,903840,1602268,0,771504,15292,0,18
1789145902,7700,2511716,1536732,786796,903840,1602268,0,771504,15292,0,18
1789145904,7702,2511716,1536732,786800,903844,1602268,0,771508,15292,0,18
1789145906,7704,2511716,1536732,786800,903844,1602268,0,771508,15292,0,18
1789145908,7706,2511716,1536732,786804,903848,1602268,0,771512,15292,0,18
1789145910,7708,2511716,1536732,786804,903848,1602268,0,771512,15292,0,18
1789145912,7710,2511716,1536732,786808,903852,1602268,0,771516,15292,0,18
1789145915,7713,2511716,1536732,786808,903852,1602268,0,771516,15292,0,18
1789145917,7715,2511716,1536732,786812,903856,1602268,0,771520,15292,0,18
1789145919,7717,2511716,1536732,786812,903856,1602268,0,771520,15292,0,18
1789145922,7720,2511716,1536732,786816,903860,1602268,0,771524,15292,0,18
1789145923,7721,2511716,1536732,786816,903860,1602268,0,771524,15292,0,18
1789145925,7723,2511716,1536732,786816,903860,1602268,0,771524,15292,0,18
1789145927,7725,2511716,1536732,786820,903864,1602268,0,771528,15292,0,18
1789145929,7727,2511716,1536732,786820,903864,1602268,0,771528,15292,0,18
1789145931,7729,2511716,1536732,786824,903868,1602268,0,771532,15292,0,18
1789145933,7731,2511716,1536732,786824,903868,1602268,0,771532,15292,0,18
1789145935,7733,2511716,1536732,786828,903872,1602268,0,771536,15292,0,18
1789145937,7735,2511716,1536732,786828,903872,1602268,0,771536,15292,0,18
1789145939,7737,2511716,1536732,786832,903876,1602268,0,771540,15292,0,18
1789145941,7739,2511716,1536732,786832,903876,1602268,0,771540,15292,0,18
1789145943,7741,2511716,1536732,786832,903876,1602268,0,771540,15292,0,18
1789145945,7743,2511716,1536732,786836,903880,1602268,0,771544,15292,0,18
1789145947,7745,2511716,1536732,786836,903880,1602268,0,771544,15292,0,18
1789145949,7747,2511716,1536732,786840,903884,1602268,0,771548,15292,0,18
1789145951,7749,2511716,1536732,786840,903884,1602268,0,771548,15292,0,18
1789145953,7751,2511716,1536732,786840,903884,1602268,0,771548,15292,0,18
1789145955,7753,2511716,1536732,786844,903888,1602268,0,771552,15292,0,18
1789145957,7755,2511716,1536732,786844,903888,1602268,0,771552,15292,0,18
1789145959,7757,2511716,1536732,786848,903892,1602268,0,771556,15292,0,18
1789145961,7759,2511716,1536732,786848,903892,1602268,0,771556,15292,0,18
1789145963,7761,2511716,1536732,786852,903896,1602268,0,771560,15292,0,18
1789145965,7763,2511716,1536732,786852,903896,1602268,0,771560,15292,0,18
1789145967,7765,2511716,1536732,786856,903900,1602268,0,771564,15292,0,18
1789145969,7767,2511716,1536732,786856,903900,1602268,0,771564,15292,0,18
1789145971,7769,2511716,1536732,786856,903900,1602268,0,771564,15292,0,18
1789145973,7771,2511716,1536732,786860,903904,1602268,0,771568,15292,0,18
1789145975,7773,2511716,1536732,786860,903904,1602268,0,771568,15292,0,18
1789145977,7775,2511716,1536732,786864,903908,1602268,0,771572,15292,0,18
1789145979,7777,2511716,1536732,786864,903908,1602268,0,771572,15292,0,18
1789145981,7779,2511716,1536732,786868,903912,1602268,0,771576,15292,0,18
1789145984,7782,2511716,1536732,786868,903912,1602268,0,771576,15292,0,18
1789145985,7783,2511716,1536732,786868,903912,1602268,0,771576,15292,0,18
1789145987,7785,2511716,1536732,786872,903916,1602268,0,771580,15292,0,18
1789145990,7788,2511716,1536732,786872,903916,1602268,0,771580,15292,0,18
1789145991,7789,2511716,1536732,786876,903920,1602268,0,771584,15292,0,18
1789145993,7791,2511716,1536732,786876,903920,1602268,0,771584,15292,0,18
1789145995,7793,2511716,1536732,786880,903924,1602268,0,771588,15292,0,18
1789145997,7795,2511716,1536732,786880,903924,1602268,0,771588,15292,0,18
1789145999,7797,2511716,1536732,786880,903924,1602268,0,771588,15292,0,18
1789146001,7799,2511716,1536732,786884,903928,1602268,0,771592,15292,0,18
1789146003,7801,2511716,1536732,786884,903928,1602268,0,771592,15292,0,18
1789146005,7803,2511716,1536732,786888,903932,1602268,0,771596,15292,0,18
1789146007,7805,2511716,1536732,786888,903932,1602268,0,771596,15292,0,18
1789146009,7807,2511716,1536732,786892,903936,1602268,0,771600,15292,0,18
1789146011,7809,2511716,1536732,786892,903936,1602268,0,771600,15292,0,18
1789146013,7811,2511716,1536732,786896,903940,1602268,0,771604,15292,0,18
1789146015,7813,2511716,1536732,786896,903940,1602268,0,771604,15292,0,18
1789146017,7815,2511716,1536732,786896,903940,1602268,0,771604,15292,0,18
1789146019,7817,2511716,1536732,786900,903944,1602268,0,771608,15292,0,18
1789146021,7819,2511716,1536732,786900,903944,1602268,0,771608,15292,0,18
1789146023,7821,2511716,1536732,786904,903948,1602268,0,771612,15292,0,18
1789146025,7823,2511716,1536732,786904,903948,1602268,0,771612,15292,0,18
1789146027,7825,2511716,1536732,786904,903948,1602268,0,771612,15292,0,18
1789146029,7827,2511716,1536732,786908,903952,1602268,0,771616,15292,0,18
1789146031,7829,2511716,1536732,786908,903952,1602268,0,771616,15292,0,18
1789146033,7831,2511716,1536732,786912,903956,1602268,0,771620,15292,0,18
1789146035,7833,2511716,1536732,786912,903956,1602268,0,771620,15292,0,18
1789146037,7835,2511716,1536732,786916,903960,1602268,0,771624,15292,0,18
1789146039,7837,2511716,1536732,786916,903960,1602268,0,771624,15292,0,18
1789146041,7839,2511716,1536732,786916,903960,1602268,0,771624,15292,0,18
1789146043,7841,2511716,1536732,786920,903964,1602268,0,771628,15292,0,18
1789146045,7843,2511716,1536732,786920,903964,1602268,0,771628,15292,0,18
1789146047,7845,2511716,1536732,786924,903968,1602268,0,771632,15292,0,18
1789146049,7847,2511716,1536732,786924,903968,1602268,0,771632,15292,0,18
1789146051,7849,2511716,1536732,786928,903972,1602268,0,771636,15292,0,18
1789146053,7851,2511716,1536732,786928,903972,1602268,0,771636,15292,0,18
1789146055,7853,2511716,1536732,786932,903976,1602268,0,771640,15292,0,18
1789146058,7856,2511716,1536732,786932,903976,1602268,0,771640,15292,0,18
1789146059,7857,2511716,1536732,786932,903976,1602268,0,771640,15292,0,18
1789146061,7859,2511716,1536732,786936,903980,1602268,0,771644,15292,0,18
1789146063,7861,2511716,1536732,786936,903980,1602268,0,771644,15292,0,18
1789146065,7863,2511716,1536732,786940,903984,1602268,0,771648,15292,0,18
1789146067,7865,2511716,1536732,786940,903984,1602268,0,771648,15292,0,18
1789146069,7867,2511716,1536732,786944,903988,1602268,0,771652,15292,0,18
1789146071,7869,2511716,1536732,786944,903988,1602268,0,771652,15292,0,18
1789146073,7871,2511716,1536732,786944,903988,1602268,0,771652,15292,0,18
1789146075,7873,2511716,1536732,786948,903992,1602268,0,771656,15292,0,18
1789146077,7875,2511716,1536732,786948,903992,1602268,0,771656,15292,0,18
1789146079,7877,2511716,1536732,786952,903996,1602268,0,771660,15292,0,18
1789146081,7879,2511716,1536732,786952,903996,1602268,0,771660,15292,0,18
1789146083,7881,2511716,1536732,786952,903996,1602268,0,771660,15292,0,18
1789146085,7883,2511716,1536732,786956,904000,1602268,0,771664,15292,0,18
1789146087,7885,2511716,1536732,786956,904000,1602268,0,771664,15292,0,18
1789146089,7887,2511716,1536732,786960,904004,1602268,0,771668,15292,0,18
1789146091,7889,2511716,1536732,786960,904004,1602268,0,771668,15292,0,18
1789146093,7891,2511716,1536732,786964,904008,1602268,0,771672,15292,0,18
1789146095,7893,2511716,1536732,786964,904008,1602268,0,771672,15292,0,18
1789146097,7895,2511716,1536732,786968,904012,1602268,0,771676,15292,0,18
1789146099,7897,2511716,1536732,786968,904012,1602268,0,771676,15292,0,18
1789146101,7899,2511716,1536732,786968,904012,1602268,0,771676,15292,0,18
1789146103,7901,2511716,1536732,786972,904016,1602268,0,771680,15292,0,18
1789146105,7903,2511716,1536732,786972,904016,1602268,0,771680,15292,0,18
1789146108,7906,2511716,1536732,786976,904020,1602268,0,771684,15292,0,18
1789146110,7908,2511716,1536732,786976,904020,1602268,0,771684,15292,0,18
1789146112,7910,2511716,1536732,786980,904024,1602268,0,771688,15292,0,18
1789146114,7912,2511716,1536732,786980,904024,1602268,0,771688,15292,0,18
1789146116,7914,2511716,1536732,786984,904028,1602268,0,771692,15292,0,18
1789146118,7916,2511716,1536732,786984,904028,1602268,0,771692,15292,0,18
1789146121,7919,2511716,1536732,786988,904032,1602268,0,771696,15292,0,18
1789146122,7920,2511716,1536732,786988,904032,1602268,0,771696,15292,0,18
1789146124,7922,2511716,1536732,786988,904032,1602268,0,771696,15292,0,18
1789146126,7924,2511716,1536732,786992,904036,1602268,0,771700,15292,0,18
1789146128,7926,2511716,1536732,786992,904036,1602268,0,771700,15292,0,18
1789146130,7928,2511716,1536732,786996,904040,1602268,0,771704,15292,0,18
1789146132,7930,2511716,1536732,786996,904040,1602268,0,771704,15292,0,18
1789146134,7932,2511716,1536732,786996,904040,1602268,0,771704,15292,0,18
1789146136,7934,2511716,1536732,787000,904044,1602268,0,771708,15292,0,18
1789146138,7936,2511716,1536732,787000,904044,1602268,0,771708,15292,0,18
1789146140,7938,2511716,1536732,787004,904048,1602268,0,771712,15292,0,18
1789146142,7940,2511716,1536732,787004,904048,1602268,0,771712,15292,0,18
1789146144,7942,2511716,1536732,787008,904052,1602268,0,771716,15292,0,18
1789146146,7944,2511716,1536732,787008,904052,1602268,0,771716,15292,0,18
1789146148,7946,2511716,1536732,787012,904056,1602268,0,771720,15292,0,18
1789146150,7948,2511716,1536732,787012,904056,1602268,0,771720,15292,0,18
1789146152,7950,2511716,1536732,787012,904056,1602268,0,771720,15292,0,18
1789146154,7952,2511716,1536732,787016,904060,1602268,0,771724,15292,0,18
1789146156,7954,2511716,1536732,787016,904060,1602268,0,771724,15292,0,18
1789146158,7956,2511716,1536732,787020,904064,1602268,0,771728,15292,0,18
1789146160,7958,2511716,1536732,787020,904064,1602268,0,771728,15292,0,18
1789146162,7960,2511716,1536732,787024,904068,1602268,0,771732,15292,0,18
1789146164,7962,2511716,1536732,787024,904068,1602268,0,771732,15292,0,18
1789146166,7964,2511716,1536732,787024,904068,1602268,0,771732,15292,0,18
1789146168,7966,2511716,1536732,787028,904072,1602268,0,771736,15292,0,18
1789146170,7968,2511716,1536732,787028,904072,1602268,0,771736,15292,0,18
1789146172,7970,2511716,1536732,787032,904076,1602268,0,771740,15292,0,18
1789146174,7972,2511716,1536732,787032,904076,1602268,0,771740,15292,0,18
1789146176,7974,2511716,1536732,787036,904080,1602268,0,771744,15292,0,18
1789146178,7976,2511716,1536732,787036,904080,1602268,0,771744,15292,0,18
1789146180,7978,2511716,1536732,787040,904084,1602268,0,771748,15292,0,18
1789146183,7981,2511716,1536732,787040,904084,1602268,0,771748,15292,0,18
1789146185,7983,2511716,1536732,787044,904088,1602268,0,771752,15292,0,18
1789146187,7985,2511716,1536732,787044,904088,1602268,0,771752,15292,0,18
1789146190,7988,2511716,1536732,787048,904092,1602268,0,771756,15292,0,18
1789146192,7990,2511716,1536732,787048,904092,1602268,0,771756,15292,0,18
1789146194,7992,2511716,1536732,787052,904096,1602268,0,771760,15292,0,18
1789146197,7995,2511716,1536732,787052,904096,1602268,0,771760,15292,0,18
1789146199,7997,2511716,1536732,787056,904100,1602268,0,771764,15292,0,18
1789146201,7999,2511716,1536732,787056,904100,1602268,0,771764,15292,0,18
1789146203,8001,2511716,1536744,787056,904108,1602268,0,771764,15292,0,19
1789146205,8003,2511716,1536732,787060,904104,1602268,0,771768,15292,0,18
1789146207,8005,2511716,1536732,787060,904104,1602268,0,771768,15292,0,18
1789146209,8007,2511716,1536732,787064,904108,1602268,0,771772,15292,0,18
1789146211,8009,2511716,1536732,787064,904108,1602268,0,771772,15292,0,18
1789146213,8011,2511716,1536732,787068,904112,1602268,0,771776,15292,0,18
1789146215,8013,2511716,1536732,787068,904112,1602268,0,771776,15292,0,18
1789146217,8015,2511716,1536732,787068,904112,1602268,0,771776,15292,0,18
1789146219,8017,2511716,1536732,787072,904116,1602268,0,771780,15292,0,18
1789146221,8019,2511716,1536732,787072,904116,1602268,0,771780,15292,0,18
1789146223,8021,2511716,1536732,787076,904120,1602268,0,771784,15292,0,18
1789146225,8023,2511716,1536732,787076,904120,1602268,0,771784,15292,0,18
1789146227,8025,2511716,1536732,787080,904124,1602268,0,771788,15292,0,18
1789146229,8027,2511716,1536732,787080,904124,1602268,0,771788,15292,0,18
1789146231,8029,2511716,1536732,787080,904128,1602268,0,771788,15292,0,18
1789146233,8031,2511716,1536732,787084,904128,1602268,0,771792,15292,0,18
1789146235,8033,2511716,1536732,787084,904128,1602268,0,771792,15292,0,18
1789146237,8035,2511716,1536732,787088,904132,1602268,0,771796,15292,0,18
1789146239,8037,2511716,1536732,787088,904132,1602268,0,771796,15292,0,18
1789146241,8039,2511716,1536732,787092,904136,1602268,0,771800,15292,0,18
1789146243,8041,2511716,1536732,787092,904136,1602268,0,771800,15292,0,18
1789146245,8043,2511716,1536732,787096,904140,1602268,0,771804,15292,0,18
1789146247,8045,2511716,1536732,787096,904140,1602268,0,771804,15292,0,18
1789146249,8047,2511716,1536732,787096,904140,1602268,0,771804,15292,0,18
1789146251,8049,2511716,1536732,787100,904144,1602268,0,771808,15292,0,18
1789146253,8051,2511716,1536732,787100,904144,1602268,0,771808,15292,0,18
1789146255,8053,2511716,1536732,787104,904148,1602268,0,771812,15292,0,18
1789146257,8055,2511716,1536732,787104,904148,1602268,0,771812,15292,0,18
1789146259,8057,2511716,1536732,787104,904148,1602268,0,771812,15292,0,18
1789146261,8059,2511716,1536732,787108,904152,1602268,0,771816,15292,0,18
1789146263,8061,2511716,1536732,787108,904152,1602268,0,771816,15292,0,18
1789146265,8063,2511716,1536732,787112,904156,1602268,0,771820,15292,0,18
1789146267,8065,2511716,1536732,787112,904156,1602268,0,771820,15292,0,18
1789146269,8067,2511716,1536732,787116,904160,1602268,0,771824,15292,0,18
1789146272,8070,2511716,1536732,787116,904160,1602268,0,771824,15292,0,18
1789146273,8071,2511716,1536732,787116,904160,1602268,0,771824,15292,0,18
1789146275,8073,2511716,1536732,787120,904164,1602268,0,771828,15292,0,18
1789146277,8075,2511716,1536732,787120,904164,1602268,0,771828,15292,0,18
1789146279,8077,2511716,1536732,787124,904168,1602268,0,771832,15292,0,18
1789146281,8079,2511716,1536732,787124,904168,1602268,0,771832,15292,0,18
1789146283,8081,2511716,1536732,787128,904172,1602268,0,771836,15292,0,18
1789146285,8083,2511716,1536732,787128,904172,1602268,0,771836,15292,0,18
1789146287,8085,2511716,1536732,787132,904176,1602268,0,771840,15292,0,18
1789146289,8087,2511716,1536732,787132,904176,1602268,0,771840,15292,0,18
1789146291,8089,2511716,1536732,787132,904176,1602268,0,771840,15292,0,18
1789146293,8091,2511716,1536732,787136,904180,1602268,0,771844,15292,0,18
1789146295,8093,2511716,1536732,787136,904180,1602268,0,771844,15292,0,18
1789146297,8095,2511716,1536732,787140,904184,1602268,0,771848,15292,0,18
1789146299,8097,2511716,1536732,787140,904184,1602268,0,771848,15292,0,18
1789146301,8099,2511716,1536732,787144,904188,1602268,0,771852,15292,0,18
1789146303,8101,2511716,1536732,787144,904188,1602268,0,771852,15292,0,18
1789146305,8103,2511716,1536732,787144,904188,1602268,0,771852,15292,0,18
1789146307,8105,2511716,1536732,787148,904192,1602268,0,771856,15292,0,18
1789146309,8107,2511716,1536732,787148,904192,1602268,0,771856,15292,0,18
1789146311,8109,2511716,1536732,787152,904196,1602268,0,771860,15292,0,18
1789146313,8111,2511716,1536732,787152,904196,1602268,0,771860,15292,0,18
1789146315,8113,2511716,1536732,787156,904200,1602268,0,771864,15292,0,18
1789146317,8115,2511716,1536732,787156,904200,1602268,0,771864,15292,0,18
1789146319,8117,2511716,1536732,787160,904204,1602268,0,771868,15292,0,18
1789146321,8119,2511716,1536732,787160,904204,1602268,0,771868,15292,0,18
1789146323,8121,2511716,1536732,787160,904204,1602268,0,771868,15292,0,18
1789146325,8123,2511716,1536732,787164,904208,1602268,0,771872,15292,0,18
1789146327,8125,2511716,1536732,787164,904208,1602268,0,771872,15292,0,18
1789146329,8127,2511716,1536732,787168,904212,1602268,0,771876,15292,0,18
1789146331,8129,2511716,1536732,787168,904212,1602268,0,771876,15292,0,18
1789146333,8131,2511716,1536732,787168,904212,1602268,0,771876,15292,0,18
1789146335,8133,2511716,1536732,787172,904216,1602268,0,771880,15292,0,18
1789146337,8135,2511716,1536732,787172,904216,1602268,0,771880,15292,0,18
1789146339,8137,2511716,1536732,787176,904220,1602268,0,771884,15292,0,18
1789146341,8139,2511716,1536732,787176,904220,1602268,0,771884,15292,0,18
1789146343,8141,2511716,1536732,787180,904224,1602268,0,771888,15292,0,18
1789146345,8143,2511716,1536732,787180,904224,1602268,0,771888,15292,0,18
1789146347,8145,2511716,1536732,787180,904224,1602268,0,771888,15292,0,18
1789146349,8147,2511716,1536732,787184,904228,1602268,0,771892,15292,0,18
1789146351,8149,2511716,1536732,787184,904228,1602268,0,771892,15292,0,18
1789146353,8151,2511716,1536732,787188,904232,1602268,0,771896,15292,0,18
1789146355,8153,2511716,1536732,787188,904232,1602268,0,771896,15292,0,18
1789146357,8155,2511716,1536732,787192,904236,1602268,0,771900,15292,0,18
1789146359,8157,2511716,1536732,787192,904236,1602268,0,771900,15292,0,18
1789146361,8159,2511716,1536732,787192,904236,1602268,0,771900,15292,0,18
1789146363,8161,2511716,1536732,787196,904240,1602268,0,771904,15292,0,18
1789146365,8163,2511716,1536732,787196,904240,1602268,0,771904,15292,0,18
1789146368,8166,2511716,1536732,787200,904244,1602268,0,771908,15292,0,18
1789146369,8167,2511716,1536732,787200,904244,1602268,0,771908,15292,0,18
1789146371,8169,2511716,1536732,787204,904248,1602268,0,771912,15292,0,18
1789146373,8171,2511716,1536732,787204,904248,1602268,0,771912,15292,0,18
1789146375,8173,2511716,1536732,787204,904248,1602268,0,771912,15292,0,18
1789146377,8175,2511716,1536732,787208,904252,1602268,0,771916,15292,0,18
1789146380,8178,2511716,1536732,787208,904252,1602268,0,771916,15292,0,18
1789146382,8180,2511716,1536732,787212,904256,1602268,0,771920,15292,0,18
1789146384,8182,2511716,1536732,787212,904260,1602268,0,771920,15292,0,18
1789146386,8184,2511716,1536732,787216,904260,1602268,0,771924,15292,0,18
1789146388,8186,2511716,1536732,787216,904260,1602268,0,771924,15292,0,18
1789146390,8188,2511716,1536732,787220,904264,1602268,0,771928,15292,0,18
1789146392,8190,2511716,1536732,787220,904264,1602268,0,771928,15292,0,18
1789146394,8192,2511716,1536732,787224,904268,1602268,0,771932,15292,0,18
1789146396,8194,2511716,1536732,787224,904268,1602268,0,771932,15292,0,18
1789146398,8196,2511716,1536732,787228,904272,1602268,0,771936,15292,0,18
1789146400,8198,2511716,1536732,787228,904272,1602268,0,771936,15292,0,18
1789146402,8200,2511716,1536732,787228,904272,1602268,0,771936,15292,0,18
1789146404,8202,2511716,1536732,787232,904276,1602268,0,771940,15292,0,18
1789146406,8204,2511716,1536732,787232,904276,1602268,0,771940,15292,0,18
1789146408,8206,2511716,1536732,787236,904280,1602268,0,771944,15292,0,18
1789146410,8208,2511716,1536732,787236,904280,1602268,0,771944,15292,0,18
1789146412,8210,2511716,1536732,787236,904280,1602268,0,771944,15292,0,18
1789146414,8212,2511716,1536732,787240,904284,1602268,0,771948,15292,0,18
1789146416,8214,2511716,1536732,787240,904284,1602268,0,771948,15292,0,18
1789146418,8216,2511716,1536732,787244,904288,1602268,0,771952,15292,0,18
1789146420,8218,2511716,1536732,787244,904288,1602268,0,771952,15292,0,18
1789146422,8220,2511716,1536732,787248,904292,1602268,0,771956,15292,0,18
1789146424,8222,2511716,1536732,787248,904292,1602268,0,771956,15292,0,18
1789146426,8224,2511716,1536732,787248,904292,1602268,0,771956,15292,0,18
1789146428,8226,2511716,1536732,787252,904296,1602268,0,771960,15292,0,18
1789146431,8229,2511716,1536732,787252,904296,1602268,0,771960,15292,0,18
1789146433,8231,2511716,1536732,787256,904300,1602268,0,771964,15292,0,18
1789146435,8233,2511716,1536732,787256,904300,1602268,0,771964,15292,0,18
1789146437,8235,2511716,1536732,787260,904304,1602268,0,771968,15292,0,18
1789146439,8237,2511716,1536732,787260,904304,1602268,0,771968,15292,0,18
1789146441,8239,2511716,1536732,787264,904308,1602268,0,771972,15292,0,18
1789146443,8241,2511716,1536732,787264,904308,1602268,0,771972,15292,0,18
1789146445,8243,2511716,1536732,787268,904312,1602268,0,771976,15292,0,18
1789146447,8245,2511716,1536732,787268,904312,1602268,0,771976,15292,0,18
1789146449,8247,2511716,1536732,787268,904312,1602268,0,771976,15292,0,18
1789146451,8249,2511716,1536732,787272,904316,1602268,0,771980,15292,0,18
1789146453,8251,2511716,1536732,787272,904316,1602268,0,771980,15292,0,18
1789146456,8254,2511716,1536732,787276,904320,1602268,0,771984,15292,0,18
1789146457,8255,2511716,1536732,787276,904320,1602268,0,771984,15292,0,18
1789146459,8257,2511716,1536732,787280,904324,1602268,0,771988,15292,0,18
1789146461,8259,2511716,1536732,787280,904324,1602268,0,771988,15292,0,18
1789146463,8261,2511716,1536732,787280,904324,1602268,0,771988,15292,0,18
1789146465,8263,2511716,1536732,787284,904328,1602268,0,771992,15292,0,18
1789146467,8265,2511716,1536732,787284,904328,1602268,0,771992,15292,0,18
1789146469,8267,2511716,1536732,787288,904332,1602268,0,771996,15292,0,18
1789146471,8269,2511716,1536732,787288,904332,1602268,0,771996,15292,0,18
1789146473,8271,2511716,1536732,787292,904336,1602268,0,772000,15292,0,18
1789146475,8273,2511716,1536732,787292,904336,1602268,0,772000,15292,0,18
1789146477,8275,2511716,1536732,787292,904336,1602268,0,772000,15292,0,18
1789146479,8277,2511716,1536732,787296,904340,1602268,0,772004,15292,0,18
1789146481,8279,2511716,1536732,787296,904340,1602268,0,772004,15292,0,18
1789146483,8281,2511716,1536732,787300,904344,1602268,0,772008,15292,0,18
1789146485,8283,2511716,1536732,787300,904344,1602268,0,772008,15292,0,18
1789146487,8285,2511716,1536732,787304,904348,1602268,0,772012,15292,0,18
1789146489,8287,2511716,1536732,787304,904348,1602268,0,772012,15292,0,18
1789146491,8289,2511716,1536732,787308,904352,1602268,0,772016,15292,0,18
1789146493,8291,2511716,1536732,787308,904352,1602268,0,772016,15292,0,18
1789146495,8293,2511716,1536732,787308,904352,1602268,0,772016,15292,0,18
1789146497,8295,2511716,1536732,787312,904356,1602268,0,772020,15292,0,18
1789146499,8297,2511716,1536732,787312,904356,1602268,0,772020,15292,0,18
1789146501,8299,2511716,1536732,787316,904360,1602268,0,772024,15292,0,18
1789146503,8301,2511716,1536732,787316,904360,1602268,0,772024,15292,0,18
1789146505,8303,2511716,1536732,787316,904360,1602268,0,772024,15292,0,18
1789146507,8305,2511716,1536732,787320,904364,1602268,0,772028,15292,0,18
1789146509,8307,2511716,1536732,787320,904364,1602268,0,772028,15292,0,18
1789146511,8309,2511716,1536732,787324,904368,1602268,0,772032,15292,0,18
1789146513,8311,2511716,1536732,787324,904368,1602268,0,772032,15292,0,18
1789146515,8313,2511716,1536732,787328,904372,1602268,0,772036,15292,0,18
1789146517,8315,2511716,1536732,787328,904372,1602268,0,772036,15292,0,18
1789146519,8317,2511716,1536732,787332,904376,1602268,0,772040,15292,0,18
1789146521,8319,2511716,1536732,787332,904376,1602268,0,772040,15292,0,18
1789146523,8321,2511716,1536732,787332,904376,1602268,0,772040,15292,0,18
1789146525,8323,2511716,1536732,787336,904380,1602268,0,772044,15292,0,18
1789146527,8325,2511716,1536732,787336,904380,1602268,0,772044,15292,0,18
1789146529,8327,2511716,1536732,787340,904384,1602268,0,772048,15292,0,18
1789146531,8329,2511716,1536732,787340,904384,1602268,0,772048,15292,0,18
1789146533,8331,2511716,1536732,787344,904388,1602268,0,772052,15292,0,18
1789146535,8333,2511716,1536732,787344,904388,1602268,0,772052,15292,0,18
1789146537,8335,2511716,1536732,787344,904388,1602268,0,772052,15292,0,18
1789146539,8337,2511716,1536732,787348,904392,1602268,0,772056,15292,0,18
1789146541,8339,2511716,1536732,787348,904392,1602268,0,772056,15292,0,18
1789146543,8341,2511716,1536732,787352,904396,1602268,0,772060,15292,0,18
1789146545,8343,2511716,1536732,787352,904396,1602268,0,772060,15292,0,18
1789146547,8345,2511716,1536732,787356,904400,1602268,0,772064,15292,0,18
1789146549,8347,2511716,1536732,787356,904400,1602268,0,772064,15292,0,18
1789146551,8349,2511716,1536732,787360,904404,1602268,0,772068,15292,0,18
1789146553,8351,2511716,1536732,787360,904404,1602268,0,772068,15292,0,18
1789146555,8353,2511716,1536732,787360,904404,1602268,0,772068,15292,0,18
1789146557,8355,2511716,1536732,787364,904408,1602268,0,772072,15292,0,18
1789146559,8357,2511716,1536732,787364,904408,1602268,0,772072,15292,0,18
1789146561,8359,2511716,1536732,787368,904412,1602268,0,772076,15292,0,18
1789146563,8361,2511716,1536732,787368,904412,1602268,0,772076,15292,0,18
1789146565,8363,2511716,1536732,787372,904416,1602268,0,772080,15292,0,18
1789146567,8365,2511716,1536732,787372,904416,1602268,0,772080,15292,0,18
1789146569,8367,2511716,1536732,787372,904416,1602268,0,772080,15292,0,18
1789146571,8369,2511716,1536732,787376,904420,1602268,0,772084,15292,0,18
1789146573,8371,2511716,1536732,787376,904420,1602268,0,772084,15292,0,18
1789146575,8373,2511716,1536732,787380,904424,1602268,0,772088,15292,0,18
1789146577,8375,2511716,1536732,787380,904424,1602268,0,772088,15292,0,18
1789146579,8377,2511716,1536732,787380,904424,1602268,0,772088,15292,0,18
1789146581,8379,2511716,1536732,787384,904428,1602268,0,772092,15292,0,18
1789146583,8381,2511716,1536732,787384,904428,1602268,0,772092,15292,0,18
1789146586,8384,2511716,1536732,787388,904432,1602268,0,772096,15292,0,18
1789146587,8385,2511716,1536732,787388,904432,1602268,0,772096,15292,0,18
1789146589,8387,2511716,1536732,787392,904436,1602268,0,772100,15292,0,18
1789146591,8389,2511716,1536732,787392,904436,1602268,0,772100,15292,0,18
1789146593,8391,2511716,1536732,787392,904436,1602268,0,772100,15292,0,18
1789146595,8393,2511716,1536732,787396,904440,1602268,0,772104,15292,0,18
1789146597,8395,2511716,1536732,787396,904440,1602268,0,772104,15292,0,18
1789146599,8397,2511716,1536732,787400,904444,1602268,0,772108,15292,0,18
1789146601,8399,2511716,1536732,787400,904444,1602268,0,772108,15292,0,18
1789146603,8401,2511716,1536732,787404,904448,1602268,0,772112,15292,0,18
1789146605,8403,2511716,1536732,787404,904448,1602268,0,772112,15292,0,18
1789146607,8405,2511716,1536732,787408,904452,1602268,0,772116,15292,0,18
1789146609,8407,2511716,1536732,787408,904452,1602268,0,772116,15292,0,18
1789146611,8409,2511716,1536732,787408,904452,1602268,0,772116,15292,0,18
1789146613,8411,2511716,1536732,787412,904456,1602268,0,772120,15292,0,18
1789146615,8413,2511716,1536732,787412,904456,1602268,0,772120,15292,0,18
1789146617,8415,2511716,1536732,787416,904460,1602268,0,772124,15292,0,18
1789146619,8417,2511716,1536732,787416,904460,1602268,0,772124,15292,0,18
1789146621,8419,2511716,1536732,787420,904464,1602268,0,772128,15292,0,18
1789146623,8421,2511716,1536732,787420,904464,1602268,0,772128,15292,0,18
1789146625,8423,2511716,1536732,787420,904464,1602268,0,772128,15292,0,18
1789146627,8425,2511716,1536732,787424,904468,1602268,0,772132,15292,0,18
1789146629,8427,2511716,1536732,787424,904468,1602268,0,772132,15292,0,18
1789146631,8429,2511716,1536732,787428,904472,1602268,0,772136,15292,0,18
1789146633,8431,2511716,1536732,787428,904472,1602268,0,772136,15292,0,18
1789146635,8433,2511716,1536732,787428,904472,1602268,0,772136,15292,0,18
1789146637,8435,2511716,1536732,787432,904476,1602268,0,772140,15292,0,18
1789146639,8437,2511716,1536732,787432,904476,1602268,0,772140,15292,0,18
1789146641,8439,2511716,1536732,787436,904480,1602268,0,772144,15292,0,18
1789146643,8441,2511716,1536732,787436,904480,1602268,0,772144,15292,0,18
1789146645,8443,2511716,1536732,787440,904484,1602268,0,772148,15292,0,18
1789146647,8445,2511716,1536732,787440,904484,1602268,0,772148,15292,0,18
1789146649,8447,2511716,1536732,787444,904488,1602268,0,772152,15292,0,18
1789146651,8449,2511716,1536732,787444,904488,1602268,0,772152,15292,0,18
1789146653,8451,2511716,1536732,787444,904488,1602268,0,772152,15292,0,18
1789146655,8453,2511716,1536732,787448,904492,1602268,0,772156,15292,0,18
1789146657,8455,2511716,1536732,787448,904492,1602268,0,772156,15292,0,18
1789146659,8457,2511716,1536732,787452,904496,1602268,0,772160,15292,0,18
1789146661,8459,2511716,1536732,787452,904496,1602268,0,772160,15292,0,18
1789146663,8461,2511716,1536732,787456,904500,1602268,0,772164,15292,0,18
1789146666,8464,2511716,1536732,787456,904500,1602268,0,772164,15292,0,18
1789146667,8465,2511716,1536732,787456,904500,1602268,0,772164,15292,0,18
1789146669,8467,2511716,1536732,787460,904504,1602268,0,772168,15292,0,18
1789146672,8470,2511716,1536732,787460,904504,1602268,0,772168,15292,0,18
1789146673,8471,2511716,1536732,787464,904508,1602268,0,772172,15292,0,18
1789146675,8473,2511716,1536732,787464,904508,1602268,0,772172,15292,0,18
1789146677,8475,2511716,1536732,787468,904512,1602268,0,772176,15292,0,18
1789146679,8477,2511716,1536732,787468,904512,1602268,0,772176,15292,0,18
1789146681,8479,2511716,1536732,787468,904512,1602268,0,772176,15292,0,18
1789146683,8481,2511716,1536732,787472,904516,1602268,0,772180,15292,0,18
1789146685,8483,2511716,1536732,787472,904516,1602268,0,772180,15292,0,18
1789146687,8485,2511716,1536732,787476,904520,1602268,0,772184,15292,0,18
1789146689,8487,2511716,1536732,787476,904520,1602268,0,772184,15292,0,18
1789146691,8489,2511716,1536732,787480,904524,1602268,0,772188,15292,0,18
1789146693,8491,2511716,1536732,787480,904524,1602268,0,772188,15292,0,18
1789146695,8493,2511716,1536732,787484,904528,1602268,0,772192,15292,0,18
1789146697,8495,2511716,1536732,787484,904528,1602268,0,772192,15292,0,18
1789146699,8497,2511716,1536732,787484,904528,1602268,0,772192,15292,0,18
1789146701,8499,2511716,1536732,787488,904532,1602268,0,772196,15292,0,18
1789146703,8501,2511716,1536732,787488,904532,1602268,0,772196,15292,0,18
1789146705,8503,2511716,1536732,787492,904536,1602268,0,772200,15292,0,18
1789146707,8505,2511716,1536732,787492,904536,1602268,0,772200,15292,0,18
1789146710,8508,2511716,1536732,787496,904540,1602268,0,772204,15292,0,18
1789146712,8510,2511716,1536732,787496,904540,1602268,0,772204,15292,0,18
1789146714,8512,2511716,1536732,787500,904544,1602268,0,772208,15292,0,18
1789146717,8515,2511716,1536732,787500,904544,1602268,0,772208,15292,0,18
1789146719,8517,2511716,1536732,787504,904548,1602268,0,772212,15292,0,18
1789146721,8519,2511716,1536732,787504,904548,1602268,0,772212,15292,0,18
1789146723,8521,2511716,1536732,787504,904548,1602268,0,772212,15292,0,18
1789146725,8523,2511716,1536732,787508,904552,1602268,0,772216,15292,0,18
1789146727,8525,2511716,1536732,787508,904552,1602268,0,772216,15292,0,18
1789146729,8527,2511716,1536732,787512,904556,1602268,0,772220,15292,0,18
1789146731,8529,2511716,1536732,787512,904556,1602268,0,772220,15292,0,18
1789146733,8531,2511716,1536732,787516,904560,1602268,0,772224,15292,0,18
1789146736,8534,2511716,1536732,787516,904560,1602268,0,772224,15292,0,18
1789146737,8535,2511716,1536732,787520,904564,1602268,0,772228,15292,0,18
1789146739,8537,2511716,1536732,787520,904564,1602268,0,772228,15292,0,18
1789146741,8539,2511716,1536732,787524,904568,1602268,0,772232,15292,0,18
1789146743,8541,2511716,1536732,787524,904568,1602268,0,772232,15292,0,18
1789146745,8543,2511716,1536732,787524,904568,1602268,0,772232,15292,0,18
1789146747,8545,2511716,1536732,787528,904572,1602268,0,772236,15292,0,18
1789146749,8547,2511716,1536732,787528,904572,1602268,0,772236,15292,0,18
1789146751,8549,2511716,1536732,787532,904576,1602268,0,772240,15292,0,18
1789146753,8551,2511716,1536732,787532,904576,1602268,0,772240,15292,0,18
1789146755,8553,2511716,1536732,787532,904576,1602268,0,772240,15292,0,18
1789146757,8555,2511716,1536732,787536,904580,1602268,0,772244,15292,0,18
1789146759,8557,2511716,1536732,787536,904580,1602268,0,772244,15292,0,18
1789146761,8559,2511716,1536732,787540,904584,1602268,0,772248,15292,0,18
1789146763,8561,2511716,1536732,787540,904584,1602268,0,772248,15292,0,18
1789146765,8563,2511716,1536732,787544,904588,1602268,0,772252,15292,0,18
1789146767,8565,2511716,1536732,787544,904588,1602268,0,772252,15292,0,18
1789146769,8567,2511716,1536732,787544,904588,1602268,0,772252,15292,0,18
1789146771,8569,2511716,1536732,787548,904592,1602268,0,772256,15292,0,18
1789146774,8572,2511716,1536732,787548,904592,1602268,0,772256,15292,0,18
1789146775,8573,2511716,1536732,787552,904596,1602268,0,772260,15292,0,18
1789146777,8575,2511716,1536732,787552,904596,1602268,0,772260,15292,0,18
1789146779,8577,2511716,1536732,787556,904600,1602268,0,772264,15292,0,18
1789146781,8579,2511716,1536732,787556,904600,1602268,0,772264,15292,0,18
1789146783,8581,2511716,1536732,787556,904600,1602268,0,772264,15292,0,18
1789146785,8583,2511716,1536732,787560,904604,1602268,0,772268,15292,0,18
1789146787,8585,2511716,1536732,787560,904604,1602268,0,772268,15292,0,18
1789146789,8587,2511716,1536732,787564,904608,1602268,0,772272,15292,0,18
1789146791,8589,2511716,1536732,787564,904608,1602268,0,772272,15292,0,18
1789146793,8591,2511716,1536732,787568,904612,1602268,0,772276,15292,0,18
1789146795,8593,2511716,1536732,787568,904612,1602268,0,772276,15292,0,18
1789146797,8595,2511716,1536732,787572,904616,1602268,0,772280,15292,0,18
1789146799,8597,2511716,1536732,787572,904616,1602268,0,772280,15292,0,18
1789146801,8599,2511716,1536732,787572,904616,1602268,0,772280,15292,0,18
1789146803,8601,2511716,1536732,787576,904620,1602268,0,772284,15292,0,18
1789146805,8603,2511716,1536732,787576,904620,1602268,0,772284,15292,0,18
1789146807,8605,2511716,1536732,787580,904624,1602268,0,772288,15292,0,18
1789146809,8607,2511716,1536732,787580,904624,1602268,0,772288,15292,0,18
1789146811,8609,2511716,1536732,787580,904624,1602268,0,772288,15292,0,18
1789146813,8611,2511716,1536732,787584,904628,1602268,0,772292,15292,0,18
1789146815,8613,2511716,1536732,787584,904628,1602268,0,772292,15292,0,18
1789146817,8615,2511716,1536732,787588,904632,1602268,0,772296,15292,0,18
1789146819,8617,2511716,1536732,787588,904632,1602268,0,772296,15292,0,18
1789146821,8619,2511716,1536732,787592,904636,1602268,0,772300,15292,0,18
1789146824,8622,2511716,1536732,787592,904636,1602268,0,772300,15292,0,18
1789146825,8623,2511716,1536732,787592,904636,1602268,0,772300,15292,0,18
1789146827,8625,2511716,1536732,787596,904640,1602268,0,772304,15292,0,18
1789146829,8627,2511716,1536732,787596,904640,1602268,0,772304,15292,0,18
1789146831,8629,2511716,1536732,787600,904644,1602268,0,772308,15292,0,18
1789146833,8631,2511716,1536732,787600,904644,1602268,0,772308,15292,0,18
1789146835,8633,2511716,1536732,787604,904648,1602268,0,772312,15292,0,18
1789146837,8635,2511716,1536732,787604,904648,1602268,0,772312,15292,0,18
1789146839,8637,2511716,1536732,787608,904652,1602268,0,772316,15292,0,18
1789146841,8639,2511716,1536732,787608,904652,1602268,0,772316,15292,0,18
1789146843,8641,2511716,1536732,787608,904652,1602268,0,772316,15292,0,18
1789146845,8643,2511716,1536732,787612,904656,1602268,0,772320,15292,0,18
1789146847,8645,2511716,1536732,787612,904656,1602268,0,772320,15292,0,18
1789146849,8647,2511716,1536732,787616,904660,1602268,0,772324,15292,0,18
1789146851,8649,2511716,1536732,787616,904660,1602268,0,772324,15292,0,18
1789146853,8651,2511716,1536732,787620,904664,1602268,0,772328,15292,0,18
1789146855,8653,2511716,1536732,787620,904664,1602268,0,772328,15292,0,18
1789146857,8655,2511716,1536732,787620,904664,1602268,0,772328,15292,0,18
1789146859,8657,2511716,1536732,787624,904668,1602268,0,772332,15292,0,18
1789146861,8659,2511716,1536732,787624,904668,1602268,0,772332,15292,0,18
1789146863,8661,2511716,1536732,787628,904672,1602268,0,772336,15292,0,18
1789146865,8663,2511716,1536732,787628,904672,1602268,0,772336,15292,0,18
1789146867,8665,2511716,1536732,787628,904672,1602268,0,772336,15292,0,18
1789146869,8667,2511716,1536732,787632,904676,1602268,0,772340,15292,0,18
1789146871,8669,2511716,1536732,787632,904676,1602268,0,772340,15292,0,18
1789146873,8671,2511716,1536732,787636,904680,1602268,0,772344,15292,0,18
1789146875,8673,2511716,1536732,787636,904680,1602268,0,772344,15292,0,18
1789146877,8675,2511716,1536732,787640,904684,1602268,0,772348,15292,0,18
1789146879,8677,2511716,1536732,787640,904684,1602268,0,772348,15292,0,18
1789146881,8679,2511716,1536732,787644,904688,1602268,0,772352,15292,0,18
1789146883,8681,2511716,1536732,787644,904688,1602268,0,772352,15292,0,18
1789146885,8683,2511716,1536732,787644,904688,1602268,0,772352,15292,0,18
1789146887,8685,2511716,1536732,787648,904692,1602268,0,772356,15292,0,18
1789146889,8687,2511716,1536732,787648,904692,1602268,0,772356,15292,0,18
1789146892,8690,2511716,1536732,787652,904696,1602268,0,772360,15292,0,18
1789146894,8692,2511716,1536732,787652,904696,1602268,0,772360,15292,0,18
1789146896,8694,2511716,1536732,787656,904700,1602268,0,772364,15292,0,18
1789146898,8696,2511716,1536732,787656,904700,1602268,0,772364,15292,0,18
1789146900,8698,2511716,1536732,787660,904704,1602268,0,772368,15292,0,18
1789146902,8700,2511716,1536732,787660,904704,1602268,0,772368,15292,0,18
1789146905,8703,2511716,1536732,787664,904708,1602268,0,772372,15292,0,18
1789146907,8705,2511716,1536732,787664,904708,1602268,0,772372,15292,0,18
1789146909,8707,2511716,1536732,787668,904712,1602268,0,772376,15292,0,18
1789146912,8710,2511716,1536732,787668,904712,1602268,0,772376,15292,0,18
1789146913,8711,2511716,1536732,787668,904712,1602268,0,772376,15292,0,18
1789146915,8713,2511716,1536732,787672,904716,1602268,0,772380,15292,0,18
1789146917,8715,2511716,1536732,787672,904716,1602268,0,772380,15292,0,18
1789146919,8717,2511716,1536732,787676,904720,1602268,0,772384,15292,0,18
1789146921,8719,2511716,1536732,787676,904720,1602268,0,772384,15292,0,18
1789146924,8722,2511716,1536732,787680,904724,1602268,0,772388,15292,0,18
1789146925,8723,2511716,1536732,787680,904724,1602268,0,772388,15292,0,18
1789146927,8725,2511716,1536732,787680,904724,1602268,0,772388,15292,0,18
1789146929,8727,2511716,1536732,787684,904728,1602268,0,772392,15292,0,18
1789146931,8729,2511716,1536732,787684,904728,1602268,0,772392,15292,0,18
1789146933,8731,2511716,1536732,787688,904732,1602268,0,772396,15292,0,18
1789146935,8733,2511716,1536732,787688,904732,1602268,0,772396,15292,0,18
1789146937,8735,2511716,1536732,787692,904736,1602268,0,772400,15292,0,18
1789146939,8737,2511716,1536732,787692,904736,1602268,0,772400,15292,0,18
1789146941,8739,2511716,1536732,787696,904740,1602268,0,772404,15292,0,18
1789146943,8741,2511716,1536732,787696,904740,1602268,0,772404,15292,0,18
1789146945,8743,2511716,1536732,787696,904740,1602268,0,772404,15292,0,18
1789146947,8745,2511716,1536732,787700,904744,1602268,0,772408,15292,0,18
1789146950,8748,2511716,1536732,787700,904744,1602268,0,772408,15292,0,18
1789146952,8750,2511716,1536732,787704,904748,1602268,0,772412,15292,0,18
1789146954,8752,2511716,1536732,787704,904748,1602268,0,772412,15292,0,18
1789146956,8754,2511716,1536732,787708,904752,1602268,0,772416,15292,0,18
1789146958,8756,2511716,1536732,787708,904752,1602268,0,772416,15292,0,18
1789146960,8758,2511716,1536732,787712,904756,1602268,0,772420,15292,0,18
1789146962,8760,2511716,1536732,787712,904756,1602268,0,772420,15292,0,18
1789146964,8762,2511716,1536732,787712,904756,1602268,0,772420,15292,0,18
1789146966,8764,2511716,1536732,787716,904760,1602268,0,772424,15292,0,18
1789146968,8766,2511716,1536732,787716,904760,1602268,0,772424,15292,0,18
1789146970,8768,2511716,1536732,787720,904764,1602268,0,772428,15292,0,18
1789146972,8770,2511716,1536732,787720,904764,1602268,0,772428,15292,0,18
1789146974,8772,2511716,1536732,787724,904768,1602268,0,772432,15292,0,18
1789146976,8774,2511716,1536732,787724,904768,1602268,0,772432,15292,0,18
1789146978,8776,2511716,1536732,787724,904768,1602268,0,772432,15292,0,18
1789146980,8778,2511716,1536732,787728,904772,1602268,0,772436,15292,0,18
1789146982,8780,2511716,1536732,787728,904772,1602268,0,772436,15292,0,18
1789146984,8782,2511716,1536732,787732,904776,1602268,0,772440,15292,0,18
1789146986,8784,2511716,1536732,787732,904776,1602268,0,772440,15292,0,18
1789146988,8786,2511716,1536732,787732,904776,1602268,0,772440,15292,0,18
1789146990,8788,2511716,1536732,787736,904780,1602268,0,772444,15292,0,18
1789146992,8790,2511716,1536732,787740,904784,1602268,0,772448,15292,0,18
1789146994,8792,2511716,1536732,787740,904784,1602268,0,772448,15292,0,18
1789146996,8794,2511716,1536732,787740,904784,1602268,0,772448,15292,0,18
1789146998,8796,2511716,1536732,787744,904788,1602268,0,772452,15292,0,18
1789147000,8798,2511716,1536732,787744,904788,1602268,0,772452,15292,0,18
1789147002,8800,2511716,1536732,787748,904792,1602268,0,772456,15292,0,18
1789147004,8802,2511716,1536732,787748,904792,1602268,0,772456,15292,0,18
1789147006,8804,2511716,1536732,787752,904796,1602268,0,772460,15292,0,18
1789147008,8806,2511716,1536732,787752,904796,1602268,0,772460,15292,0,18
1789147010,8808,2511716,1536732,787752,904796,1602268,0,772460,15292,0,18
1789147012,8810,2511716,1536732,787756,904800,1602268,0,772464,15292,0,18
1789147014,8812,2511716,1536732,787756,904800,1602268,0,772464,15292,0,18
1789147016,8814,2511716,1536732,787760,904804,1602268,0,772468,15292,0,18
1789147018,8816,2511716,1536732,787760,904804,1602268,0,772468,15292,0,18
1789147020,8818,2511716,1536732,787760,904804,1602268,0,772468,15292,0,18
1789147022,8820,2511716,1536732,787764,904808,1602268,0,772472,15292,0,18
