ts,run_rel_s,pid,VmSize_kb,VmRSS_kb,VmData_kb,VmPeak_kb,VmSwap_kb,RssAnon_kb,RssFile_kb,RssShmem_kb,Threads
1789006624,5880,1923127,2888904,1271232,1493412,2954440,0,1254664,16560,8,29
1789006626,5882,1923127,2888904,1271232,1493412,2954440,0,1254664,16560,8,29
1789006628,5884,1923127,2888904,1271232,1493412,2954440,0,1254664,16560,8,29
1789006630,5886,1923127,2888904,1271232,1493412,2954440,0,1254664,16560,8,29
1789006632,5888,1923127,2888904,1271232,1493412,2954440,0,1254664,16560,8,29
1789006634,5890,1923127,2888904,1271232,1493412,2954440,0,1254664,16560,8,29
1789006636,5892,1923127,2888904,1271232,1493412,2954440,0,1254664,16560,8,29
1789006639,5895,1923127,2888904,1271232,1493412,2954440,0,1254664,16560,8,29
1789006641,5897,1923127,2888904,1271232,1493412,2954440,0,1254664,16560,8,29
1789006643,5899,1923127,2888904,1271232,1493412,2954440,0,1254664,16560,8,29
1789006645,5901,1923127,2888904,1271232,1493412,2954440,0,1254664,16560,8,29
1789006647,5903,1923127,2888904,1271232,1493412,2954440,0,1254664,16560,8,29
1789006649,5905,1923127,2888904,1271232,1493412,2954440,0,1254664,16560,8,29
1789006651,5907,1923127,2888904,1271232,1493412,2954440,0,1254664,16560,8,29
1789006653,5909,1923127,2888904,1271232,1493412,2954440,0,1254664,16560,8,29
1789006655,5911,1923127,2888904,1271232,1493412,2954440,0,1254664,16560,8,29
1789006657,5913,1923127,2888904,1271232,1493412,2954440,0,1254664,16560,8,29
1789006659,5915,1923127,2888904,1271232,1493412,2954440,0,1254664,16560,8,29
1789006661,5917,1923127,2888904,1271232,1493412,2954440,0,1254664,16560,8,29
1789006663,5919,1923127,2888904,1271232,1493412,2954440,0,1254664,16560,8,29
1789006665,5921,1923127,2888904,1271232,1493412,2954440,0,1254664,16560,8,29
1789006667,5923,1923127,2888904,1271232,1493412,2954440,0,1254664,16560,8,29
1789006669,5925,1923127,2888904,1271232,1493412,2954440,0,1254664,16560,8,29
1789006671,5927,1923127,2888904,1271232,1493412,2954440,0,1254664,16560,8,29
1789006673,5929,1923127,2888904,1271232,1493412,2954440,0,1254664,16560,8,29
1789006675,5931,1923127,2888904,1271232,1493412,2954440,0,1254664,16560,8,29
1789006677,5933,1923127,2888904,1271232,1493412,2954440,0,1254664,16560,8,29
1789006679,5935,1923127,2888904,1271232,1493412,2954440,0,1254664,16560,8,29
1789006681,5937,1923127,2888904,1271232,1493412,2954440,0,1254664,16560,8,29
1789006683,5939,1923127,2888904,1271232,1493412,2954440,0,1254664,16560,8,29
1789006685,5941,1923127,2888904,1271232,1493412,2954440,0,1254664,16560,8,29
1789006687,5943,1923127,2888904,1271232,1493412,2954440,0,1254664,16560,8,29
1789006689,5945,1923127,2888904,1271232,1493412,2954440,0,1254664,16560,8,29
1789006691,5947,1923127,2888904,1271232,1493412,2954440,0,1254664,16560,8,29
1789006693,5949,1923127,2888904,1271232,1493412,2954440,0,1254664,16560,8,29
1789006695,5951,1923127,2888904,1271232,1493412,2954440,0,1254664,16560,8,29
1789006697,5953,1923127,2888904,1271232,1493412,2954440,0,1254664,16560,8,29
1789006699,5955,1923127,2888904,1271232,1493412,2954440,0,1254664,16560,8,29
1789006701,5957,1923127,2888904,1271232,1493412,2954440,0,1254664,16560,8,29
1789006703,5959,1923127,2888904,1271232,1493412,2954440,0,1254664,16560,8,29
1789006706,5962,1923127,2888904,1271232,1493412,2954440,0,1254664,16560,8,29
1789006708,5964,1923127,2888904,1271232,1493412,2954440,0,1254664,16560,8,29
1789006710,5966,1923127,2888904,1271232,1493412,2954440,0,1254664,16560,8,29
1789006712,5968,1923127,2888904,1271232,1493412,2954440,0,1254664,16560,8,29
1789006714,5970,1923127,2888904,1271232,1493412,2954440,0,1254664,16560,8,29
1789006716,5972,1923127,2888904,1271232,1493412,2954440,0,1254664,16560,8,29
1789006718,5974,1923127,2888904,1271232,1493412,2954440,0,1254664,16560,8,29
1789006720,5976,1923127,2888904,1271232,1493412,2954440,0,1254664,16560,8,29
1789006722,5978,1923127,2888904,1271232,1493412,2954440,0,1254664,16560,8,29
1789006724,5980,1923127,2888904,1271232,1493412,2954440,0,1254664,16560,8,29
1789006726,5982,1923127,2888904,1271232,1493412,2954440,0,1254664,16560,8,29
1789006728,5984,1923127,2888904,1271232,1493412,2954440,0,1254664,16560,8,29
1789006730,5986,1923127,2888904,1271232,1493412,2954440,0,1254664,16560,8,29
1789006732,5988,1923127,2888904,1271232,1493412,2954440,0,1254664,16560,8,29
1789006734,5990,1923127,2888904,1271232,1493412,2954440,0,1254664,16560,8,29
1789006736,5992,1923127,2888904,1271232,1493412,2954440,0,1254664,16560,8,29
1789006739,5995,1923127,2888904,1271232,1493412,2954440,0,1254664,16560,8,29
1789006740,5996,1923127,2888904,1271232,1493412,2954440,0,1254664,16560,8,29
1789006742,5998,1923127,2888904,1271232,1493412,2954440,0,1254664,16560,8,29
1789006744,6000,1923127,2888904,1271232,1493412,2954440,0,1254664,16560,8,29
1789006746,6002,1923127,2888904,1271232,1493412,2954440,0,1254664,16560,8,29
1789006748,6004,1923127,2888904,1271232,1493412,2954440,0,1254664,16560,8,29
1789006750,6006,1923127,2888904,1271232,1493412,2954440,0,1254664,16560,8,29
1789006752,6008,1923127,2888904,1271232,1493412,2954440,0,1254664,16560,8,29
1789006754,6010,1923127,2888904,1271232,1493412,2954440,0,1254664,16560,8,29
1789006756,6012,1923127,2888904,1271232,1493412,2954440,0,1254664,16560,8,29
1789006758,6014,1923127,2888904,1271232,1493412,2954440,0,1254664,16560,8,29
1789006760,6016,1923127,2888904,1271232,1493412,2954440,0,1254664,16560,8,29
1789006762,6018,1923127,2888904,1271232,1493412,2954440,0,1254664,16560,8,29
1789006764,6020,1923127,2888904,1271232,1493412,2954440,0,1254664,16560,8,29
1789006767,6023,1923127,2888904,1271232,1493412,2954440,0,1254664,16560,8,29
1789006768,6024,1923127,2888904,1271232,1493412,2954440,0,1254664,16560,8,29
1789006770,6026,1923127,2888904,1271232,1493412,2954440,0,1254664,16560,8,29
1789006772,6028,1923127,2888904,1271232,1493412,2954440,0,1254664,16560,8,29
1789006774,6030,1923127,2888904,1271232,1493412,2954440,0,1254664,16560,8,29
1789006776,6032,1923127,2888904,1271232,1493412,2954440,0,1254664,16560,8,29
1789006778,6034,1923127,2888904,1271232,1493412,2954440,0,1254664,16560,8,29
1789006780,6036,1923127,2888904,1271232,1493412,2954440,0,1254664,16560,8,29
1789006782,6038,1923127,2888904,1271232,1493412,2954440,0,1254664,16560,8,29
1789006784,6040,1923127,2888904,1271232,1493412,2954440,0,1254664,16560,8,29
1789006786,6042,1923127,2888904,1271232,1493412,2954440,0,1254664,16560,8,29
1789006788,6044,1923127,2888904,1271232,1493412,2954440,0,1254664,16560,8,29
1789006790,6046,1923127,2888904,1271232,1493412,2954440,0,1254664,16560,8,29
1789006792,6048,1923127,2888904,1271232,1493412,2954440,0,1254664,16560,8,29
1789006794,6050,1923127,2888904,1271232,1493412,2954440,0,1254664,16560,8,29
1789006796,6052,1923127,2888904,1271232,1493412,2954440,0,1254664,16560,8,29
1789006798,6054,1923127,2888904,1271232,1493412,2954440,0,1254664,16560,8,29
1789006800,6056,1923127,2888904,1271232,1493412,2954440,0,1254664,16560,8,29
1789006802,6058,1923127,2888904,1271232,1493412,2954440,0,1254664,16560,8,29
1789006804,6060,1923127,2888904,1271232,1493412,2954440,0,1254664,16560,8,29
1789006806,6062,1923127,2888904,1271232,1493412,2954440,0,1254664,16560,8,29
1789006808,6064,1923127,2888904,1271232,1493412,2954440,0,1254664,16560,8,29
1789006810,6066,1923127,2888904,1271232,1493412,2954440,0,1254664,16560,8,29
1789006812,6068,1923127,2888904,1271232,1493412,2954440,0,1254664,16560,8,29
1789006814,6070,1923127,2888904,1271232,1493412,2954440,0,1254664,16560,8,29
1789006816,6072,1923127,2888904,1271232,1493412,2954440,0,1254664,16560,8,29
1789006818,6074,1923127,2888904,1271232,1493412,2954440,0,1254664,16560,8,29
1789006820,6076,1923127,2888904,1271232,1493412,2954440,0,1254664,16560,8,29
1789006822,6078,1923127,2888904,1271232,1493412,2954440,0,1254664,16560,8,29
1789006824,6080,1923127,2888904,1271232,1493412,2954440,0,1254664,16560,8,29
1789006826,6082,1923127,2888904,1271232,1493412,2954440,0,1254664,16560,8,29
1789006828,6084,1923127,2888904,1271232,1493412,2954440,0,1254664,16560,8,29
1789006831,6087,1923127,2888904,1271232,1493412,2954440,0,1254664,16560,8,29
1789006833,6089,1923127,2888904,1271232,1493412,2954440,0,1254664,16560,8,29
1789006835,6091,1923127,2888904,1271232,1493412,2954440,0,1254664,16560,8,29
1789006837,6093,1923127,2888904,1271232,1493412,2954440,0,1254664,16560,8,29
1789006839,6095,1923127,2888904,1271232,1493412,2954440,0,1254664,16560,8,29
1789006841,6097,1923127,2888904,1271232,1493412,2954440,0,1254664,16560,8,29
1789006843,6099,1923127,2888904,1271232,1493412,2954440,0,1254664,16560,8,29
1789006845,6101,1923127,2888904,1271232,1493412,2954440,0,1254664,16560,8,29
1789006847,6103,1923127,2888904,1271232,1493412,2954440,0,1254664,16560,8,29
1789006849,6105,1923127,2888904,1271232,1493412,2954440,0,1254664,16560,8,29
1789006851,6107,1923127,2888904,1271232,1493412,2954440,0,1254664,16560,8,29
1789006853,6109,1923127,2888904,1271232,1493412,2954440,0,1254664,16560,8,29
1789006855,6111,1923127,2888904,1271232,1493412,2954440,0,1254664,16560,8,29
1789006857,6113,1923127,2888904,1271232,1493412,2954440,0,1254664,16560,8,29
1789006859,6115,1923127,2888904,1271232,1493412,2954440,0,1254664,16560,8,29
1789006861,6117,1923127,2888904,1271232,1493412,2954440,0,1254664,16560,8,29
1789006864,6120,1923127,2888904,1271232,1493412,2954440,0,1254664,16560,8,29
1789006865,6121,1923127,2888904,1271232,1493412,2954440,0,1254664,16560,8,29
1789006867,6123,1923127,2888904,1271232,1493412,2954440,0,1254664,16560,8,29
1789006869,6125,1923127,2888904,1271232,1493412,2954440,0,1254664,16560,8,29
1789006871,6127,1923127,2888904,1271232,1493412,2954440,0,1254664,16560,8,29
1789006873,6129,1923127,2888904,1271232,1493412,2954440,0,1254664,16560,8,29
1789006875,6131,1923127,2888904,1271232,1493412,2954440,0,1254664,16560,8,29
1789006877,6133,1923127,2888904,1271232,1493412,2954440,0,1254664,16560,8,29
1789006879,6135,1923127,2888904,1271232,1493412,2954440,0,1254664,16560,8,29
1789006881,6137,1923127,2888904,1271232,1493412,2954440,0,1254664,16560,8,29
1789006883,6139,1923127,2888904,1271232,1493412,2954440,0,1254664,16560,8,29
1789006885,6141,1923127,2888904,1271232,1493412,2954440,0,1254664,16560,8,29
1789006887,6143,1923127,2888904,1271232,1493412,2954440,0,1254664,16560,8,29
1789006889,6145,1923127,2888904,1271232,1493412,2954440,0,1254664,16560,8,29
1789006891,6147,1923127,2888904,1271232,1493412,2954440,0,1254664,16560,8,29
1789006893,6149,1923127,2888904,1271232,1493412,2954440,0,1254664,16560,8,29
1789006895,6151,1923127,2888904,1271232,1493412,2954440,0,1254664,16560,8,29
1789006897,6153,1923127,2888904,1271232,1493412,2954440,0,1254664,16560,8,29
1789006899,6155,1923127,2888904,1271232,1493412,2954440,0,1254664,16560,8,29
1789006901,6157,1923127,2888904,1271232,1493412,2954440,0,1254664,16560,8,29
1789006903,6159,1923127,2888904,1271232,1493412,2954440,0,1254664,16560,8,29
1789006905,6161,1923127,2888904,1271232,1493412,2954440,0,1254664,16560,8,29
1789006907,6163,1923127,2888904,1271232,1493412,2954440,0,1254664,16560,8,29
1789006909,6165,1923127,2888904,1271232,1493412,2954440,0,1254664,16560,8,29
1789006911,6167,1923127,2888904,1271232,1493412,2954440,0,1254664,16560,8,29
1789006913,6169,1923127,2888904,1271232,1493412,2954440,0,1254664,16560,8,29
1789006915,6171,1923127,2888904,1271232,1493412,2954440,0,1254664,16560,8,29
1789006917,6173,1923127,2888904,1271232,1493412,2954440,0,1254664,16560,8,29
1789006919,6175,1923127,2888904,1271232,1493412,2954440,0,1254664,16560,8,29
1789006921,6177,1923127,2888904,1271232,1493412,2954440,0,1254664,16560,8,29
1789006923,6179,1923127,2888904,1271232,1493412,2954440,0,1254664,16560,8,29
1789006925,6181,1923127,2888904,1271232,1493412,2954440,0,1254664,16560,8,29
1789006927,6183,1923127,2888904,1271232,1493412,2954440,0,1254664,16560,8,29
1789006929,6185,1923127,2888904,1271232,1493412,2954440,0,1254664,16560,8,29
1789006931,6187,1923127,2888904,1271232,1493412,2954440,0,1254664,16560,8,29
1789006933,6189,1923127,2888904,1271232,1493412,2954440,0,1254664,16560,8,29
1789006935,6191,1923127,2888904,1271232,1493412,2954440,0,1254664,16560,8,29
1789006937,6193,1923127,2888904,1271232,1493412,2954440,0,1254664,16560,8,29
1789006939,6195,1923127,2888904,1271232,1493412,2954440,0,1254664,16560,8,29
1789006941,6197,1923127,2888904,1271232,1493412,2954440,0,1254664,16560,8,29
1789006943,6199,1923127,2888904,1271232,1493412,2954440,0,1254664,16560,8,29
1789006945,6201,1923127,2888904,1271232,1493412,2954440,0,1254664,16560,8,29
1789006947,6203,1923127,2888904,1271232,1493412,2954440,0,1254664,16560,8,29
1789006949,6205,1923127,2888904,1271232,1493412,2954440,0,1254664,16560,8,29
1789006951,6207,1923127,2888904,1271232,1493412,2954440,0,1254664,16560,8,29
1789006953,6209,1923127,2888904,1271232,1493412,2954440,0,1254664,16560,8,29
1789006955,6211,1923127,2888904,1271232,1493412,2954440,0,1254664,16560,8,29
1789006958,6214,1923127,2888904,1271232,1493412,2954440,0,1254664,16560,8,29
1789006959,6215,1923127,2888904,1271232,1493412,2954440,0,1254664,16560,8,29
1789006961,6217,1923127,2888904,1271232,1493412,2954440,0,1254664,16560,8,29
1789006963,6219,1923127,2888904,1271232,1493412,2954440,0,1254664,16560,8,29
1789006965,6221,1923127,2888904,1271232,1493412,2954440,0,1254664,16560,8,29
1789006967,6223,1923127,2888904,1271232,1493412,2954440,0,1254664,16560,8,29
1789006969,6225,1923127,2888904,1271232,1493412,2954440,0,1254664,16560,8,29
1789006971,6227,1923127,2888904,1271232,1493412,2954440,0,1254664,16560,8,29
1789006973,6229,1923127,2888904,1271232,1493412,2954440,0,1254664,16560,8,29
1789006975,6231,1923127,2888904,1271232,1493412,2954440,0,1254664,16560,8,29
1789006977,6233,1923127,2888904,1271232,1493412,2954440,0,1254664,16560,8,29
1789006979,6235,1923127,2888904,1271232,1493412,2954440,0,1254664,16560,8,29
1789006981,6237,1923127,2888904,1271232,1493412,2954440,0,1254664,16560,8,29
1789006983,6239,1923127,2888904,1271232,1493412,2954440,0,1254664,16560,8,29
1789006985,6241,1923127,2888904,1271232,1493412,2954440,0,1254664,16560,8,29
1789006987,6243,1923127,2888904,1271232,1493412,2954440,0,1254664,16560,8,29
1789006989,6245,1923127,2888904,1271232,1493412,2954440,0,1254664,16560,8,29
1789006991,6247,1923127,2888904,1271232,1493412,2954440,0,1254664,16560,8,29
1789006993,6249,1923127,2888904,1271232,1493412,2954440,0,1254664,16560,8,29
1789006995,6251,1923127,2888904,1271232,1493412,2954440,0,1254664,16560,8,29
1789006997,6253,1923127,2888904,1271232,1493412,2954440,0,1254664,16560,8,29
1789006999,6255,1923127,2888904,1271232,1493412,2954440,0,1254664,16560,8,29
1789007001,6257,1923127,2888904,1271232,1493412,2954440,0,1254664,16560,8,29
1789007003,6259,1923127,2888904,1271232,1493412,2954440,0,1254664,16560,8,29
1789007005,6261,1923127,2888904,1271232,1493412,2954440,0,1254664,16560,8,29
1789007007,6263,1923127,2888904,1271232,1493412,2954440,0,1254664,16560,8,29
1789007009,6265,1923127,2888904,1271232,1493412,2954440,0,1254664,16560,8,29
1789007011,6267,1923127,2888904,1271232,1493412,2954440,0,1254664,16560,8,29
1789007013,6269,1923127,2888904,1271232,1493412,2954440,0,1254664,16560,8,29
1789007015,6271,1923127,2888904,1271232,1493412,2954440,0,1254664,16560,8,29
1789007017,6273,1923127,2888904,1271232,1493412,2954440,0,1254664,16560,8,29
1789007019,6275,1923127,2888904,1271232,1493412,2954440,0,1254664,16560,8,29
1789007022,6278,1923127,2888904,1271232,1493412,2954440,0,1254664,16560,8,29
1789007024,6280,1923127,2888904,1271232,1493412,2954440,0,1254664,16560,8,29
1789007026,6282,1923127,2888904,1271232,1493412,2954440,0,1254664,16560,8,29
1789007028,6284,1923127,2888904,1271232,1493412,2954440,0,1254664,16560,8,29
1789007030,6286,1923127,2888904,1271232,1493412,2954440,0,1254664,16560,8,29
1789007032,6288,1923127,2888904,1271232,1493412,2954440,0,1254664,16560,8,29
1789007034,6290,1923127,2888904,1271232,1493412,2954440,0,1254664,16560,8,29
1789007036,6292,1923127,2888904,1271232,1493412,2954440,0,1254664,16560,8,29
1789007038,6294,1923127,2888904,1271232,1493412,2954440,0,1254664,16560,8,29
1789007040,6296,1923127,2888904,1271232,1493412,2954440,0,1254664,16560,8,29
1789007042,6298,1923127,2888904,1271232,1493412,2954440,0,1254664,16560,8,29
1789007044,6300,1923127,2888904,1271232,1493412,2954440,0,1254664,16560,8,29
1789007046,6302,1923127,2888904,1271232,1493412,2954440,0,1254664,16560,8,29
1789007048,6304,1923127,2888904,1271232,1493412,2954440,0,1254664,16560,8,29
1789007050,6306,1923127,2888904,1271232,1493412,2954440,0,1254664,16560,8,29
1789007052,6308,1923127,2888904,1271232,1493412,2954440,0,1254664,16560,8,29
1789007054,6310,1923127,2888904,1271232,1493412,2954440,0,1254664,16560,8,29
1789007056,6312,1923127,2888904,1271232,1493412,2954440,0,1254664,16560,8,29
1789007058,6314,1923127,2888904,1271232,1493412,2954440,0,1254664,16560,8,29
1789007060,6316,1923127,2888904,1271232,1493412,2954440,0,1254664,16560,8,29
1789007062,6318,1923127,2888904,1271232,1493412,2954440,0,1254664,16560,8,29
1789007064,6320,1923127,2888904,1271232,1493412,2954440,0,1254664,16560,8,29
1789007066,6322,1923127,2888904,1271232,1493412,2954440,0,1254664,16560,8,29
1789007068,6324,1923127,2888904,1271232,1493412,2954440,0,1254664,16560,8,29
1789007070,6326,1923127,2888904,1271232,1493412,2954440,0,1254664,16560,8,29
1789007072,6328,1923127,2888904,1271232,1493412,2954440,0,1254664,16560,8,29
1789007074,6330,1923127,2888904,1271232,1493412,2954440,0,1254664,16560,8,29
1789007076,6332,1923127,2888904,1271232,1493412,2954440,0,1254664,16560,8,29
1789007078,6334,1923127,2888904,1271232,1493412,2954440,0,1254664,16560,8,29
1789007080,6336,1923127,2888904,1271232,1493412,2954440,0,1254664,16560,8,29
1789007083,6339,1923127,2888904,1271232,1493412,2954440,0,1254664,16560,8,29
1789007085,6341,1923127,2888904,1271232,1493412,2954440,0,1254664,16560,8,29
1789007087,6343,1923127,2888904,1271232,1493412,2954440,0,1254664,16560,8,29
1789007089,6345,1923127,2888904,1271232,1493412,2954440,0,1254664,16560,8,29
1789007091,6347,1923127,2888904,1271232,1493412,2954440,0,1254664,16560,8,29
1789007093,6349,1923127,2888904,1271232,1493412,2954440,0,1254664,16560,8,29
1789007095,6351,1923127,2888904,1271232,1493412,2954440,0,1254664,16560,8,29
1789007097,6353,1923127,2888904,1271232,1493412,2954440,0,1254664,16560,8,29
1789007099,6355,1923127,2888904,1271232,1493412,2954440,0,1254664,16560,8,29
1789007101,6357,1923127,2888904,1271232,1493412,2954440,0,1254664,16560,8,29
1789007103,6359,1923127,2888904,1271232,1493412,2954440,0,1254664,16560,8,29
1789007105,6361,1923127,2888904,1271232,1493412,2954440,0,1254664,16560,8,29
1789007107,6363,1923127,2888904,1271232,1493412,2954440,0,1254664,16560,8,29
1789007109,6365,1923127,2888904,1271232,1493412,2954440,0,1254664,16560,8,29
1789007111,6367,1923127,2888904,1271232,1493412,2954440,0,1254664,16560,8,29
1789007113,6369,1923127,2888904,1271232,1493412,2954440,0,1254664,16560,8,29
1789007115,6371,1923127,2888904,1271232,1493412,2954440,0,1254664,16560,8,29
1789007117,6373,1923127,2888904,1271232,1493412,2954440,0,1254664,16560,8,29
1789007119,6375,1923127,2888904,1271232,1493412,2954440,0,1254664,16560,8,29
1789007121,6377,1923127,2888904,1271232,1493412,2954440,0,1254664,16560,8,29
1789007123,6379,1923127,2888904,1271232,1493412,2954440,0,1254664,16560,8,29
1789007125,6381,1923127,2888904,1271232,1493412,2954440,0,1254664,16560,8,29
1789007127,6383,1923127,2888904,1271232,1493412,2954440,0,1254664,16560,8,29
1789007129,6385,1923127,2888904,1271232,1493412,2954440,0,1254664,16560,8,29
1789007131,6387,1923127,2888904,1271232,1493412,2954440,0,1254664,16560,8,29
1789007133,6389,1923127,2888904,1271232,1493412,2954440,0,1254664,16560,8,29
1789007135,6391,1923127,2888904,1271232,1493412,2954440,0,1254664,16560,8,29
1789007137,6393,1923127,2888904,1271232,1493412,2954440,0,1254664,16560,8,29
1789007139,6395,1923127,2888904,1271232,1493412,2954440,0,1254664,16560,8,29
1789007141,6397,1923127,2888904,1271232,1493412,2954440,0,1254664,16560,8,29
1789007144,6400,1923127,2888916,1271244,1493420,2954440,0,1254676,16560,8,30
1789007145,6401,1923127,2888904,1271232,1493412,2954440,0,1254664,16560,8,29
1789007147,6403,1923127,2888904,1271232,1493412,2954440,0,1254664,16560,8,29
1789007149,6405,1923127,2888904,1271232,1493412,2954440,0,1254664,16560,8,29
1789007151,6407,1923127,2888904,1271232,1493412,2954440,0,1254664,16560,8,29
1789007153,6409,1923127,2888904,1271232,1493412,2954440,0,1254664,16560,8,29
1789007155,6411,1923127,2888904,1271232,1493412,2954440,0,1254664,16560,8,29
1789007157,6413,1923127,2888904,1271232,1493412,2954440,0,1254664,16560,8,29
1789007159,6415,1923127,2888904,1271232,1493412,2954440,0,1254664,16560,8,29
1789007161,6417,1923127,2888904,1271232,1493412,2954440,0,1254664,16560,8,29
1789007163,6419,1923127,2888904,1271232,1493412,2954440,0,1254664,16560,8,29
1789007165,6421,1923127,2888904,1271232,1493412,2954440,0,1254664,16560,8,29
1789007167,6423,1923127,2888904,1271232,1493412,2954440,0,1254664,16560,8,29
1789007169,6425,1923127,2888904,1271232,1493412,2954440,0,1254664,16560,8,29
1789007171,6427,1923127,2888904,1271232,1493412,2954440,0,1254664,16560,8,29
1789007173,6429,1923127,2888904,1271232,1493412,2954440,0,1254664,16560,8,29
1789007175,6431,1923127,2888904,1271232,1493412,2954440,0,1254664,16560,8,29
1789007177,6433,1923127,2888904,1271232,1493412,2954440,0,1254664,16560,8,29
1789007179,6435,1923127,2888904,1271232,1493412,2954440,0,1254664,16560,8,29
1789007181,6437,1923127,2888904,1271232,1493412,2954440,0,1254664,16560,8,29
1789007183,6439,1923127,2888904,1271232,1493412,2954440,0,1254664,16560,8,29
1789007185,6441,1923127,2888904,1271232,1493412,2954440,0,1254664,16560,8,29
1789007187,6443,1923127,2888904,1271232,1493412,2954440,0,1254664,16560,8,29
1789007189,6445,1923127,2888904,1271232,1493412,2954440,0,1254664,16560,8,29
1789007191,6447,1923127,2888904,1271232,1493412,2954440,0,1254664,16560,8,29
1789007193,6449,1923127,2888904,1271232,1493412,2954440,0,1254664,16560,8,29
1789007195,6451,1923127,2888904,1271232,1493412,2954440,0,1254664,16560,8,29
1789007197,6453,1923127,2888904,1271232,1493412,2954440,0,1254664,16560,8,29
1789007199,6455,1923127,2888904,1271232,1493412,2954440,0,1254664,16560,8,29
1789007201,6457,1923127,2888904,1271268,1493412,2954440,0,1254700,16560,8,29
1789007203,6459,1923127,2888904,1271280,1493412,2954440,0,1254712,16560,8,29
1789007205,6461,1923127,2888904,1271280,1493412,2954440,0,1254712,16560,8,29
1789007208,6464,1923127,2888904,1271280,1493412,2954440,0,1254712,16560,8,29
1789007210,6466,1923127,2888904,1271280,1493412,2954440,0,1254712,16560,8,29
1789007212,6468,1923127,2888904,1271280,1493412,2954440,0,1254712,16560,8,29
1789007214,6470,1923127,2888904,1271280,1493412,2954440,0,1254712,16560,8,29
1789007216,6472,1923127,2888904,1271280,1493412,2954440,0,1254712,16560,8,29
1789007218,6474,1923127,2888904,1271280,1493412,2954440,0,1254712,16560,8,29
1789007220,6476,1923127,2888904,1271280,1493412,2954440,0,1254712,16560,8,29
1789007222,6478,1923127,2888904,1271280,1493412,2954440,0,1254712,16560,8,29
1789007224,6480,1923127,2888904,1271280,1493412,2954440,0,1254712,16560,8,29
1789007226,6482,1923127,2888904,1271280,1493412,2954440,0,1254712,16560,8,29
1789007228,6484,1923127,2888904,1271280,1493412,2954440,0,1254712,16560,8,29
1789007230,6486,1923127,2888904,1271280,1493412,2954440,0,1254712,16560,8,29
1789007232,6488,1923127,2888904,1271280,1493412,2954440,0,1254712,16560,8,29
1789007234,6490,1923127,2888904,1271280,1493412,2954440,0,1254712,16560,8,29
1789007236,6492,1923127,2888904,1271280,1493412,2954440,0,1254712,16560,8,29
1789007239,6495,1923127,2888904,1271280,1493412,2954440,0,1254712,16560,8,29
1789007241,6497,1923127,2888904,1271280,1493412,2954440,0,1254712,16560,8,29
1789007243,6499,1923127,2888904,1271280,1493412,2954440,0,1254712,16560,8,29
1789007245,6501,1923127,2888904,1271280,1493412,2954440,0,1254712,16560,8,29
1789007247,6503,1923127,2888904,1271280,1493412,2954440,0,1254712,16560,8,29
1789007249,6505,1923127,2888904,1271280,1493412,2954440,0,1254712,16560,8,29
1789007251,6507,1923127,2888904,1271280,1493412,2954440,0,1254712,16560,8,29
1789007253,6509,1923127,2888904,1271280,1493412,2954440,0,1254712,16560,8,29
1789007255,6511,1923127,2888904,1271280,1493412,2954440,0,1254712,16560,8,29
1789007257,6513,1923127,2888904,1271280,1493412,2954440,0,1254712,16560,8,29
1789007259,6515,1923127,2888904,1271280,1493412,2954440,0,1254712,16560,8,29
1789007261,6517,1923127,2888904,1271280,1493412,2954440,0,1254712,16560,8,29
1789007263,6519,1923127,2888904,1271280,1493412,2954440,0,1254712,16560,8,29
1789007265,6521,1923127,2888904,1271280,1493412,2954440,0,1254712,16560,8,29
1789007267,6523,1923127,2888904,1271280,1493412,2954440,0,1254712,16560,8,29
1789007269,6525,1923127,2888904,1271280,1493412,2954440,0,1254712,16560,8,29
1789007271,6527,1923127,2888904,1271280,1493412,2954440,0,1254712,16560,8,29
1789007273,6529,1923127,2888904,1271280,1493412,2954440,0,1254712,16560,8,29
1789007275,6531,1923127,2888904,1271280,1493412,2954440,0,1254712,16560,8,29
1789007277,6533,1923127,2888904,1271280,1493412,2954440,0,1254712,16560,8,29
1789007279,6535,1923127,2888904,1271280,1493412,2954440,0,1254712,16560,8,29
1789007281,6537,1923127,2888904,1271280,1493412,2954440,0,1254712,16560,8,29
1789007283,6539,1923127,2888904,1271280,1493412,2954440,0,1254712,16560,8,29
1789007285,6541,1923127,2888904,1271280,1493412,2954440,0,1254712,16560,8,29
1789007287,6543,1923127,2888904,1271280,1493412,2954440,0,1254712,16560,8,29
1789007289,6545,1923127,2888904,1271280,1493412,2954440,0,1254712,16560,8,29
1789007291,6547,1923127,2888904,1271280,1493412,2954440,0,1254712,16560,8,29
1789007293,6549,1923127,2888904,1271280,1493412,2954440,0,1254712,16560,8,29
1789007295,6551,1923127,2888904,1271280,1493412,2954440,0,1254712,16560,8,29
1789007297,6553,1923127,2888904,1271280,1493412,2954440,0,1254712,16560,8,29
1789007299,6555,1923127,2888904,1271280,1493412,2954440,0,1254712,16560,8,29
1789007302,6558,1923127,2888904,1271280,1493412,2954440,0,1254712,16560,8,29
1789007304,6560,1923127,2888904,1271280,1493412,2954440,0,1254712,16560,8,29
1789007306,6562,1923127,2888904,1271280,1493412,2954440,0,1254712,16560,8,29
1789007308,6564,1923127,2888904,1271280,1493412,2954440,0,1254712,16560,8,29
1789007310,6566,1923127,2888904,1271280,1493412,2954440,0,1254712,16560,8,29
1789007312,6568,1923127,2888904,1271280,1493412,2954440,0,1254712,16560,8,29
1789007314,6570,1923127,2888904,1271280,1493412,2954440,0,1254712,16560,8,29
1789007316,6572,1923127,2888904,1271280,1493412,2954440,0,1254712,16560,8,29
1789007318,6574,1923127,2888904,1271280,1493412,2954440,0,1254712,16560,8,29
1789007320,6576,1923127,2888904,1271280,1493412,2954440,0,1254712,16560,8,29
1789007322,6578,1923127,2888904,1271280,1493412,2954440,0,1254712,16560,8,29
1789007324,6580,1923127,2888904,1271280,1493412,2954440,0,1254712,16560,8,29
1789007326,6582,1923127,2888904,1271280,1493412,2954440,0,1254712,16560,8,29
1789007328,6584,1923127,2888904,1271280,1493412,2954440,0,1254712,16560,8,29
1789007330,6586,1923127,2888904,1271280,1493412,2954440,0,1254712,16560,8,29
1789007332,6588,1923127,2888904,1271280,1493412,2954440,0,1254712,16560,8,29
1789007335,6591,1923127,2888904,1271280,1493412,2954440,0,1254712,16560,8,29
1789007336,6592,1923127,2888904,1271280,1493412,2954440,0,1254712,16560,8,29
1789007338,6594,1923127,2888904,1271280,1493412,2954440,0,1254712,16560,8,29
1789007340,6596,1923127,2888904,1271280,1493412,2954440,0,1254712,16560,8,29
1789007342,6598,1923127,2888904,1271280,1493412,2954440,0,1254712,16560,8,29
1789007344,6600,1923127,2888904,1271280,1493412,2954440,0,1254712,16560,8,29
1789007346,6602,1923127,2888904,1271280,1493412,2954440,0,1254712,16560,8,29
1789007348,6604,1923127,2888904,1271280,1493412,2954440,0,1254712,16560,8,29
1789007350,6606,1923127,2888904,1271280,1493412,2954440,0,1254712,16560,8,29
1789007352,6608,1923127,2888904,1271280,1493412,2954440,0,1254712,16560,8,29
1789007354,6610,1923127,2888904,1271280,1493412,2954440,0,1254712,16560,8,29
1789007356,6612,1923127,2888904,1271280,1493412,2954440,0,1254712,16560,8,29
1789007358,6614,1923127,2888904,1271280,1493412,2954440,0,1254712,16560,8,29
1789007360,6616,1923127,2888904,1271280,1493412,2954440,0,1254712,16560,8,29
1789007363,6619,1923127,2888904,1271280,1493412,2954440,0,1254712,16560,8,29
1789007365,6621,1923127,2888904,1271280,1493412,2954440,0,1254712,16560,8,29
1789007367,6623,1923127,2888904,1271280,1493412,2954440,0,1254712,16560,8,29
1789007369,6625,1923127,2888904,1271280,1493412,2954440,0,1254712,16560,8,29
1789007371,6627,1923127,2888904,1271280,1493412,2954440,0,1254712,16560,8,29
1789007373,6629,1923127,2888904,1271280,1493412,2954440,0,1254712,16560,8,29
1789007375,6631,1923127,2888904,1271280,1493412,2954440,0,1254712,16560,8,29
1789007377,6633,1923127,2888904,1271280,1493412,2954440,0,1254712,16560,8,29
1789007379,6635,1923127,2888904,1271280,1493412,2954440,0,1254712,16560,8,29
1789007381,6637,1923127,2888904,1271280,1493412,2954440,0,1254712,16560,8,29
1789007383,6639,1923127,2888904,1271280,1493412,2954440,0,1254712,16560,8,29
1789007385,6641,1923127,2888904,1271280,1493412,2954440,0,1254712,16560,8,29
1789007387,6643,1923127,2888904,1271280,1493412,2954440,0,1254712,16560,8,29
1789007389,6645,1923127,2888904,1271280,1493412,2954440,0,1254712,16560,8,29
1789007391,6647,1923127,2888904,1271280,1493412,2954440,0,1254712,16560,8,29
1789007393,6649,1923127,2888904,1271280,1493412,2954440,0,1254712,16560,8,29
1789007396,6652,1923127,2888904,1271280,1493412,2954440,0,1254712,16560,8,29
1789007397,6653,1923127,2888904,1271280,1493412,2954440,0,1254712,16560,8,29
1789007399,6655,1923127,2888904,1271280,1493412,2954440,0,1254712,16560,8,29
1789007401,6657,1923127,2888904,1271280,1493412,2954440,0,1254712,16560,8,29
1789007403,6659,1923127,2888916,1271292,1493420,2954440,0,1254724,16560,8,30
1789007405,6661,1923127,2888904,1271280,1493412,2954440,0,1254712,16560,8,29
1789007407,6663,1923127,2888904,1271280,1493412,2954440,0,1254712,16560,8,29
1789007409,6665,1923127,2888904,1271280,1493412,2954440,0,1254712,16560,8,29
1789007411,6667,1923127,2888904,1271280,1493412,2954440,0,1254712,16560,8,29
1789007413,6669,1923127,2888904,1271280,1493412,2954440,0,1254712,16560,8,29
1789007415,6671,1923127,2888904,1271280,1493412,2954440,0,1254712,16560,8,29
1789007417,6673,1923127,2888904,1271280,1493412,2954440,0,1254712,16560,8,29
1789007419,6675,1923127,2888904,1271280,1493412,2954440,0,1254712,16560,8,29
1789007421,6677,1923127,2888904,1271280,1493412,2954440,0,1254712,16560,8,29
1789007423,6679,1923127,2888904,1271280,1493412,2954440,0,1254712,16560,8,29
1789007426,6682,1923127,2888904,1271280,1493412,2954440,0,1254712,16560,8,29
1789007427,6683,1923127,2888904,1271280,1493412,2954440,0,1254712,16560,8,29
1789007429,6685,1923127,2888904,1271280,1493412,2954440,0,1254712,16560,8,29
1789007431,6687,1923127,2888904,1271280,1493412,2954440,0,1254712,16560,8,29
1789007433,6689,1923127,2888904,1271284,1493412,2954440,0,1254716,16560,8,29
1789007435,6691,1923127,2888904,1271284,1493412,2954440,0,1254716,16560,8,29
1789007437,6693,1923127,2888904,1271284,1493412,2954440,0,1254716,16560,8,29
1789007439,6695,1923127,2888904,1271284,1493412,2954440,0,1254716,16560,8,29
1789007441,6697,1923127,2888904,1271284,1493412,2954440,0,1254716,16560,8,29
1789007443,6699,1923127,2888904,1271284,1493412,2954440,0,1254716,16560,8,29
1789007445,6701,1923127,2888904,1271284,1493412,2954440,0,1254716,16560,8,29
1789007447,6703,1923127,2888904,1271284,1493412,2954440,0,1254716,16560,8,29
1789007449,6705,1923127,2888904,1271284,1493412,2954440,0,1254716,16560,8,29
1789007451,6707,1923127,2888904,1271284,1493412,2954440,0,1254716,16560,8,29
1789007453,6709,1923127,2888904,1271284,1493412,2954440,0,1254716,16560,8,29
1789007455,6711,1923127,2888904,1271284,1493412,2954440,0,1254716,16560,8,29
1789007457,6713,1923127,2888904,1271284,1493412,2954440,0,1254716,16560,8,29
1789007459,6715,1923127,2888904,1271284,1493412,2954440,0,1254716,16560,8,29
1789007461,6717,1923127,2888904,1271284,1493412,2954440,0,1254716,16560,8,29
1789007463,6719,1923127,2888904,1271284,1493412,2954440,0,1254716,16560,8,29
1789007465,6721,1923127,2888904,1271284,1493412,2954440,0,1254716,16560,8,29
1789007467,6723,1923127,2888904,1271284,1493412,2954440,0,1254716,16560,8,29
1789007469,6725,1923127,2888904,1271284,1493412,2954440,0,1254716,16560,8,29
1789007471,6727,1923127,2888904,1271284,1493412,2954440,0,1254716,16560,8,29
1789007473,6729,1923127,2888904,1271284,1493412,2954440,0,1254716,16560,8,29
1789007475,6731,1923127,2888904,1271284,1493412,2954440,0,1254716,16560,8,29
1789007477,6733,1923127,2888904,1271284,1493412,2954440,0,1254716,16560,8,29
1789007479,6735,1923127,2888904,1271284,1493412,2954440,0,1254716,16560,8,29
1789007481,6737,1923127,2888904,1271284,1493412,2954440,0,1254716,16560,8,29
1789007483,6739,1923127,2888904,1271284,1493412,2954440,0,1254716,16560,8,29
1789007485,6741,1923127,2888904,1271284,1493412,2954440,0,1254716,16560,8,29
1789007487,6743,1923127,2888904,1271284,1493412,2954440,0,1254716,16560,8,29
1789007490,6746,1923127,2888904,1271284,1493412,2954440,0,1254716,16560,8,29
1789007492,6748,1923127,2888904,1271284,1493412,2954440,0,1254716,16560,8,29
1789007494,6750,1923127,2888904,1271284,1493412,2954440,0,1254716,16560,8,29
1789007496,6752,1923127,2888904,1271284,1493412,2954440,0,1254716,16560,8,29
1789007498,6754,1923127,2888904,1271284,1493412,2954440,0,1254716,16560,8,29
1789007500,6756,1923127,2888904,1271284,1493412,2954440,0,1254716,16560,8,29
1789007502,6758,1923127,2888904,1271284,1493412,2954440,0,1254716,16560,8,29
1789007504,6760,1923127,2888904,1271284,1493412,2954440,0,1254716,16560,8,29
1789007506,6762,1923127,2888904,1271284,1493412,2954440,0,1254716,16560,8,29
1789007508,6764,1923127,2888904,1271284,1493412,2954440,0,1254716,16560,8,29
1789007510,6766,1923127,2888904,1271284,1493412,2954440,0,1254716,16560,8,29
1789007512,6768,1923127,2888904,1271284,1493412,2954440,0,1254716,16560,8,29
1789007514,6770,1923127,2888904,1271284,1493412,2954440,0,1254716,16560,8,29
1789007516,6772,1923127,2888904,1271284,1493412,2954440,0,1254716,16560,8,29
1789007518,6774,1923127,2888904,1271284,1493412,2954440,0,1254716,16560,8,29
1789007520,6776,1923127,2888904,1271284,1493412,2954440,0,1254716,16560,8,29
1789007523,6779,1923127,2888904,1271284,1493412,2954440,0,1254716,16560,8,29
1789007525,6781,1923127,2888904,1271284,1493412,2954440,0,1254716,16560,8,29
1789007527,6783,1923127,2888904,1271284,1493412,2954440,0,1254716,16560,8,29
1789007529,6785,1923127,2888904,1271284,1493412,2954440,0,1254716,16560,8,29
1789007531,6787,1923127,2888904,1271284,1493412,2954440,0,1254716,16560,8,29
1789007533,6789,1923127,2888904,1271284,1493412,2954440,0,1254716,16560,8,29
1789007535,6791,1923127,2888904,1271284,1493412,2954440,0,1254716,16560,8,29
1789007537,6793,1923127,2888904,1271284,1493412,2954440,0,1254716,16560,8,29
1789007539,6795,1923127,2888904,1271284,1493412,2954440,0,1254716,16560,8,29
1789007541,6797,1923127,2888904,1271284,1493412,2954440,0,1254716,16560,8,29
1789007543,6799,1923127,2888904,1271284,1493412,2954440,0,1254716,16560,8,29
1789007545,6801,1923127,2888904,1271284,1493412,2954440,0,1254716,16560,8,29
1789007547,6803,1923127,2888904,1271284,1493412,2954440,0,1254716,16560,8,29
1789007549,6805,1923127,2888904,1271284,1493412,2954440,0,1254716,16560,8,29
1789007551,6807,1923127,2888904,1271284,1493412,2954440,0,1254716,16560,8,29
1789007554,6810,1923127,2888904,1271284,1493412,2954440,0,1254716,16560,8,29
1789007556,6812,1923127,2888904,1271284,1493412,2954440,0,1254716,16560,8,29
1789007558,6814,1923127,2888904,1271284,1493412,2954440,0,1254716,16560,8,29
1789007560,6816,1923127,2888904,1271284,1493412,2954440,0,1254716,16560,8,29
1789007562,6818,1923127,2888904,1271284,1493412,2954440,0,1254716,16560,8,29
1789007564,6820,1923127,2888904,1271284,1493412,2954440,0,1254716,16560,8,29
1789007566,6822,1923127,2888904,1271284,1493412,2954440,0,1254716,16560,8,29
1789007568,6824,1923127,2888904,1271284,1493412,2954440,0,1254716,16560,8,29
1789007570,6826,1923127,2888904,1271284,1493412,2954440,0,1254716,16560,8,29
1789007572,6828,1923127,2888904,1271284,1493412,2954440,0,1254716,16560,8,29
1789007574,6830,1923127,2888904,1271284,1493412,2954440,0,1254716,16560,8,29
1789007576,6832,1923127,2888904,1271284,1493412,2954440,0,1254716,16560,8,29
1789007578,6834,1923127,2888904,1271284,1493412,2954440,0,1254716,16560,8,29
1789007580,6836,1923127,2888904,1271284,1493412,2954440,0,1254716,16560,8,29
1789007582,6838,1923127,2888904,1271284,1493412,2954440,0,1254716,16560,8,29
1789007584,6840,1923127,2888904,1271284,1493412,2954440,0,1254716,16560,8,29
1789007587,6843,1923127,2888904,1271284,1493412,2954440,0,1254716,16560,8,29
1789007589,6845,1923127,2888904,1271284,1493412,2954440,0,1254716,16560,8,29
1789007591,6847,1923127,2888904,1271284,1493412,2954440,0,1254716,16560,8,29
1789007593,6849,1923127,2888904,1271284,1493412,2954440,0,1254716,16560,8,29
1789007595,6851,1923127,2888904,1271284,1493412,2954440,0,1254716,16560,8,29
1789007597,6853,1923127,2888904,1271284,1493412,2954440,0,1254716,16560,8,29
1789007599,6855,1923127,2888904,1271284,1493412,2954440,0,1254716,16560,8,29
1789007601,6857,1923127,2888904,1271284,1493412,2954440,0,1254716,16560,8,29
1789007603,6859,1923127,2888904,1271284,1493412,2954440,0,1254716,16560,8,29
1789007605,6861,1923127,2888904,1271284,1493412,2954440,0,1254716,16560,8,29
1789007607,6863,1923127,2888904,1271284,1493412,2954440,0,1254716,16560,8,29
1789007609,6865,1923127,2888904,1271284,1493412,2954440,0,1254716,16560,8,29
1789007611,6867,1923127,2888904,1271284,1493412,2954440,0,1254716,16560,8,29
1789007613,6869,1923127,2888904,1271284,1493412,2954440,0,1254716,16560,8,29
1789007615,6871,1923127,2888904,1271284,1493412,2954440,0,1254716,16560,8,29
1789007618,6874,1923127,2888904,1271284,1493412,2954440,0,1254716,16560,8,29
1789007619,6875,1923127,2888904,1271284,1493412,2954440,0,1254716,16560,8,29
1789007621,6877,1923127,2888904,1271284,1493412,2954440,0,1254716,16560,8,29
1789007623,6879,1923127,2888904,1271284,1493412,2954440,0,1254716,16560,8,29
1789007625,6881,1923127,2888904,1271284,1493412,2954440,0,1254716,16560,8,29
1789007627,6883,1923127,2888904,1271284,1493412,2954440,0,1254716,16560,8,29
1789007629,6885,1923127,2888904,1271284,1493412,2954440,0,1254716,16560,8,29
1789007631,6887,1923127,2888904,1271284,1493412,2954440,0,1254716,16560,8,29
1789007633,6889,1923127,2888904,1271284,1493412,2954440,0,1254716,16560,8,29
1789007635,6891,1923127,2888904,1271284,1493412,2954440,0,1254716,16560,8,29
1789007637,6893,1923127,2888904,1271284,1493412,2954440,0,1254716,16560,8,29
1789007639,6895,1923127,2888904,1271284,1493412,2954440,0,1254716,16560,8,29
1789007641,6897,1923127,2888904,1271284,1493412,2954440,0,1254716,16560,8,29
1789007643,6899,1923127,2888904,1271284,1493412,2954440,0,1254716,16560,8,29
1789007645,6901,1923127,2888904,1271284,1493412,2954440,0,1254716,16560,8,29
1789007647,6903,1923127,2888904,1271284,1493412,2954440,0,1254716,16560,8,29
1789007649,6905,1923127,2888904,1271284,1493412,2954440,0,1254716,16560,8,29
1789007651,6907,1923127,2888904,1271284,1493412,2954440,0,1254716,16560,8,29
1789007653,6909,1923127,2888904,1271284,1493412,2954440,0,1254716,16560,8,29
1789007655,6911,1923127,2888904,1271284,1493412,2954440,0,1254716,16560,8,29
1789007657,6913,1923127,2888904,1271284,1493412,2954440,0,1254716,16560,8,29
1789007659,6915,1923127,2888904,1271284,1493412,2954440,0,1254716,16560,8,29
1789007661,6917,1923127,2888904,1271284,1493412,2954440,0,1254716,16560,8,29
1789007663,6919,1923127,2888904,1271284,1493412,2954440,0,1254716,16560,8,29
1789007665,6921,1923127,2888904,1271284,1493412,2954440,0,1254716,16560,8,29
1789007667,6923,1923127,2888904,1271284,1493412,2954440,0,1254716,16560,8,29
1789007669,6925,1923127,2888904,1271284,1493412,2954440,0,1254716,16560,8,29
1789007671,6927,1923127,2888904,1271284,1493412,2954440,0,1254716,16560,8,29
1789007673,6929,1923127,2888904,1271284,1493412,2954440,0,1254716,16560,8,29
1789007675,6931,1923127,2888904,1271284,1493412,2954440,0,1254716,16560,8,29
1789007677,6933,1923127,2888904,1271284,1493412,2954440,0,1254716,16560,8,29
1789007679,6935,1923127,2888904,1271284,1493412,2954440,0,1254716,16560,8,29
1789007681,6937,1923127,2888904,1271284,1493412,2954440,0,1254716,16560,8,29
1789007683,6939,1923127,2888904,1271284,1493412,2954440,0,1254716,16560,8,29
1789007685,6941,1923127,2888904,1271284,1493412,2954440,0,1254716,16560,8,29
1789007687,6943,1923127,2888904,1271284,1493412,2954440,0,1254716,16560,8,29
1789007689,6945,1923127,2888904,1271284,1493412,2954440,0,1254716,16560,8,29
1789007691,6947,1923127,2888904,1271284,1493412,2954440,0,1254716,16560,8,29
1789007693,6949,1923127,2888904,1271284,1493412,2954440,0,1254716,16560,8,29
1789007695,6951,1923127,2888904,1271284,1493412,2954440,0,1254716,16560,8,29
1789007697,6953,1923127,2888904,1271284,1493412,2954440,0,1254716,16560,8,29
1789007699,6955,1923127,2888904,1271284,1493412,2954440,0,1254716,16560,8,29
1789007701,6957,1923127,2888904,1271284,1493412,2954440,0,1254716,16560,8,29
1789007703,6959,1923127,2888904,1271284,1493412,2954440,0,1254716,16560,8,29
1789007705,6961,1923127,2888904,1271284,1493412,2954440,0,1254716,16560,8,29
1789007707,6963,1923127,2888904,1271284,1493412,2954440,0,1254716,16560,8,29
1789007710,6966,1923127,2888904,1271284,1493412,2954440,0,1254716,16560,8,29
1789007712,6968,1923127,2888904,1271284,1493412,2954440,0,1254716,16560,8,29
1789007714,6970,1923127,2888904,1271284,1493412,2954440,0,1254716,16560,8,29
1789007716,6972,1923127,2888904,1271284,1493412,2954440,0,1254716,16560,8,29
1789007718,6974,1923127,2888904,1271284,1493412,2954440,0,1254716,16560,8,29
1789007720,6976,1923127,2888904,1271284,1493412,2954440,0,1254716,16560,8,29
1789007722,6978,1923127,2888904,1271284,1493412,2954440,0,1254716,16560,8,29
1789007724,6980,1923127,2888904,1271284,1493412,2954440,0,1254716,16560,8,29
1789007726,6982,1923127,2888904,1271284,1493412,2954440,0,1254716,16560,8,29
1789007728,6984,1923127,2888904,1271284,1493412,2954440,0,1254716,16560,8,29
1789007730,6986,1923127,2888904,1271284,1493412,2954440,0,1254716,16560,8,29
1789007732,6988,1923127,2888904,1271284,1493412,2954440,0,1254716,16560,8,29
1789007734,6990,1923127,2888904,1271284,1493412,2954440,0,1254716,16560,8,29
1789007736,6992,1923127,2888904,1271284,1493412,2954440,0,1254716,16560,8,29
1789007738,6994,1923127,2888904,1271284,1493412,2954440,0,1254716,16560,8,29
1789007740,6996,1923127,2888904,1271284,1493412,2954440,0,1254716,16560,8,29
1789007743,6999,1923127,2888904,1271284,1493412,2954440,0,1254716,16560,8,29
1789007744,7000,1923127,2888904,1271284,1493412,2954440,0,1254716,16560,8,29
1789007746,7002,1923127,2888904,1271284,1493412,2954440,0,1254716,16560,8,29
1789007748,7004,1923127,2888904,1271284,1493412,2954440,0,1254716,16560,8,29
1789007750,7006,1923127,2888904,1271284,1493412,2954440,0,1254716,16560,8,29
1789007752,7008,1923127,2888904,1271284,1493412,2954440,0,1254716,16560,8,29
1789007754,7010,1923127,2888904,1271284,1493412,2954440,0,1254716,16560,8,29
1789007756,7012,1923127,2888904,1271284,1493412,2954440,0,1254716,16560,8,29
1789007758,7014,1923127,2888904,1271284,1493412,2954440,0,1254716,16560,8,29
1789007760,7016,1923127,2888904,1271284,1493412,2954440,0,1254716,16560,8,29
1789007762,7018,1923127,2888904,1271284,1493412,2954440,0,1254716,16560,8,29
1789007764,7020,1923127,2888904,1271284,1493412,2954440,0,1254716,16560,8,29
1789007766,7022,1923127,2888904,1271284,1493412,2954440,0,1254716,16560,8,29
1789007768,7024,1923127,2888904,1271284,1493412,2954440,0,1254716,16560,8,29
1789007770,7026,1923127,2888904,1271284,1493412,2954440,0,1254716,16560,8,29
1789007773,7029,1923127,2888904,1271284,1493412,2954440,0,1254716,16560,8,29
1789007774,7030,1923127,2888904,1271284,1493412,2954440,0,1254716,16560,8,29
1789007776,7032,1923127,2888904,1271284,1493412,2954440,0,1254716,16560,8,29
1789007778,7034,1923127,2888904,1271284,1493412,2954440,0,1254716,16560,8,29
1789007780,7036,1923127,2888904,1271284,1493412,2954440,0,1254716,16560,8,29
1789007782,7038,1923127,2888904,1271284,1493412,2954440,0,1254716,16560,8,29
1789007784,7040,1923127,2888904,1271284,1493412,2954440,0,1254716,16560,8,29
1789007786,7042,1923127,2888904,1271284,1493412,2954440,0,1254716,16560,8,29
1789007788,7044,1923127,2888904,1271284,1493412,2954440,0,1254716,16560,8,29
1789007790,7046,1923127,2888904,1271284,1493412,2954440,0,1254716,16560,8,29
1789007792,7048,1923127,2888904,1271284,1493412,2954440,0,1254716,16560,8,29
1789007794,7050,1923127,2888904,1271284,1493412,2954440,0,1254716,16560,8,29
1789007796,7052,1923127,2888904,1271284,1493412,2954440,0,1254716,16560,8,29
1789007798,7054,1923127,2888904,1271284,1493412,2954440,0,1254716,16560,8,29
1789007800,7056,1923127,2888904,1271284,1493412,2954440,0,1254716,16560,8,29
1789007802,7058,1923127,2888904,1271284,1493412,2954440,0,1254716,16560,8,29
1789007805,7061,1923127,2888904,1271284,1493412,2954440,0,1254716,16560,8,29
1789007806,7062,1923127,2888904,1271284,1493412,2954440,0,1254716,16560,8,29
1789007808,7064,1923127,2888904,1271288,1493412,2954440,0,1254720,16560,8,29
1789007810,7066,1923127,2888904,1271288,1493412,2954440,0,1254720,16560,8,29
1789007812,7068,1923127,2888904,1271288,1493412,2954440,0,1254720,16560,8,29
1789007814,7070,1923127,2888904,1271288,1493412,2954440,0,1254720,16560,8,29
1789007816,7072,1923127,2888904,1271288,1493412,2954440,0,1254720,16560,8,29
1789007818,7074,1923127,2888904,1271288,1493412,2954440,0,1254720,16560,8,29
1789007820,7076,1923127,2888904,1271288,1493412,2954440,0,1254720,16560,8,29
1789007822,7078,1923127,2888904,1271288,1493412,2954440,0,1254720,16560,8,29
1789007824,7080,1923127,2888904,1271288,1493412,2954440,0,1254720,16560,8,29
1789007826,7082,1923127,2888904,1271288,1493412,2954440,0,1254720,16560,8,29
1789007828,7084,1923127,2888904,1271288,1493412,2954440,0,1254720,16560,8,29
1789007830,7086,1923127,2888904,1271288,1493412,2954440,0,1254720,16560,8,29
1789007832,7088,1923127,2888904,1271288,1493412,2954440,0,1254720,16560,8,29
1789007835,7091,1923127,2888904,1271288,1493412,2954440,0,1254720,16560,8,29
1789007836,7092,1923127,2888904,1271328,1493452,2954440,0,1254760,16560,8,29
1789007838,7094,1923127,2888904,1271328,1493452,2954440,0,1254760,16560,8,29
1789007840,7096,1923127,2888904,1271328,1493452,2954440,0,1254760,16560,8,29
1789007842,7098,1923127,2888904,1271328,1493452,2954440,0,1254760,16560,8,29
1789007844,7100,1923127,2888904,1271328,1493452,2954440,0,1254760,16560,8,29
1789007846,7102,1923127,2888904,1271328,1493452,2954440,0,1254760,16560,8,29
1789007848,7104,1923127,2888904,1271328,1493452,2954440,0,1254760,16560,8,29
1789007850,7106,1923127,2888904,1271328,1493452,2954440,0,1254760,16560,8,29
1789007852,7108,1923127,2888904,1271328,1493452,2954440,0,1254760,16560,8,29
1789007854,7110,1923127,2888904,1271328,1493452,2954440,0,1254760,16560,8,29
1789007856,7112,1923127,2888904,1271328,1493452,2954440,0,1254760,16560,8,29
1789007858,7114,1923127,2888904,1271328,1493452,2954440,0,1254760,16560,8,29
1789007860,7116,1923127,2888904,1271328,1493452,2954440,0,1254760,16560,8,29
1789007862,7118,1923127,2888904,1271328,1493452,2954440,0,1254760,16560,8,29
1789007864,7120,1923127,2888904,1271328,1493452,2954440,0,1254760,16560,8,29
1789007867,7123,1923127,2888904,1271328,1493452,2954440,0,1254760,16560,8,29
1789007868,7124,1923127,2888904,1271328,1493452,2954440,0,1254760,16560,8,29
1789007870,7126,1923127,2888904,1271328,1493452,2954440,0,1254760,16560,8,29
1789007872,7128,1923127,2888904,1271328,1493452,2954440,0,1254760,16560,8,29
1789007874,7130,1923127,2888904,1271328,1493452,2954440,0,1254760,16560,8,29
1789007876,7132,1923127,2888904,1271328,1493452,2954440,0,1254760,16560,8,29
1789007878,7134,1923127,2888904,1271328,1493452,2954440,0,1254760,16560,8,29
1789007880,7136,1923127,2888904,1271328,1493452,2954440,0,1254760,16560,8,29
1789007882,7138,1923127,2888904,1271328,1493452,2954440,0,1254760,16560,8,29
1789007884,7140,1923127,2888904,1271328,1493452,2954440,0,1254760,16560,8,29
1789007886,7142,1923127,2888904,1271328,1493452,2954440,0,1254760,16560,8,29
1789007888,7144,1923127,2888904,1271328,1493452,2954440,0,1254760,16560,8,29
1789007890,7146,1923127,2888904,1271328,1493452,2954440,0,1254760,16560,8,29
1789007892,7148,1923127,2888916,1271340,1493460,2954440,0,1254772,16560,8,30
1789007895,7151,1923127,2888904,1276912,1499036,2954440,0,1260344,16560,8,29
1789007896,7152,1923127,2888904,1276912,1499036,2954440,0,1260344,16560,8,29
1789007898,7154,1923127,2888904,1276912,1499036,2954440,0,1260344,16560,8,29
1789007900,7156,1923127,2888904,1276912,1499036,2954440,0,1260344,16560,8,29
1789007902,7158,1923127,2888904,1276912,1499036,2954440,0,1260344,16560,8,29
1789007904,7160,1923127,2888904,1276912,1499036,2954440,0,1260344,16560,8,29
1789007906,7162,1923127,2888904,1276912,1499036,2954440,0,1260344,16560,8,29
1789007908,7164,1923127,2888904,1276912,1499036,2954440,0,1260344,16560,8,29
1789007910,7166,1923127,2888904,1276912,1499036,2954440,0,1260344,16560,8,29
1789007912,7168,1923127,2888904,1276912,1499036,2954440,0,1260344,16560,8,29
1789007914,7170,1923127,2888904,1276912,1499036,2954440,0,1260344,16560,8,29
1789007916,7172,1923127,2888904,1276912,1499036,2954440,0,1260344,16560,8,29
1789007918,7174,1923127,2888904,1276912,1499036,2954440,0,1260344,16560,8,29
1789007920,7176,1923127,2888904,1276912,1499036,2954440,0,1260344,16560,8,29
1789007922,7178,1923127,2888904,1276952,1499076,2954440,0,1260384,16560,8,29
1789007925,7181,1923127,2888904,1276952,1499076,2954440,0,1260384,16560,8,29
1789007926,7182,1923127,2888904,1276952,1499076,2954440,0,1260384,16560,8,29
1789007928,7184,1923127,2888904,1276952,1499076,2954440,0,1260384,16560,8,29
1789007930,7186,1923127,2888904,1276952,1499076,2954440,0,1260384,16560,8,29
1789007932,7188,1923127,2888904,1276952,1499076,2954440,0,1260384,16560,8,29
1789007934,7190,1923127,2888904,1276952,1499076,2954440,0,1260384,16560,8,29
1789007936,7192,1923127,2888904,1276952,1499076,2954440,0,1260384,16560,8,29
1789007938,7194,1923127,2888904,1276952,1499076,2954440,0,1260384,16560,8,29
1789007940,7196,1923127,2888904,1276952,1499076,2954440,0,1260384,16560,8,29
1789007942,7198,1923127,2888904,1276956,1499080,2954440,0,1260388,16560,8,29
1789007944,7200,1923127,2888904,1276956,1499080,2954440,0,1260388,16560,8,29
1789007946,7202,1923127,2888904,1276956,1499080,2954440,0,1260388,16560,8,29
1789007948,7204,1923127,2888904,1282544,1504668,2954440,0,1265976,16560,8,29
1789007951,7207,1923127,2888904,1282544,1504668,2954440,0,1265976,16560,8,29
1789007953,7209,1923127,2888904,1282544,1504668,2954440,0,1265976,16560,8,29
1789007955,7211,1923127,2888904,1282544,1504668,2954440,0,1265976,16560,8,29
1789007957,7213,1923127,2888904,1282544,1504668,2954440,0,1265976,16560,8,29
1789007959,7215,1923127,2888904,1282544,1504668,2954440,0,1265976,16560,8,29
1789007961,7217,1923127,2888904,1282544,1504668,2954440,0,1265976,16560,8,29
1789007963,7219,1923127,2888904,1282544,1504668,2954440,0,1265976,16560,8,29
1789007965,7221,1923127,2888904,1282544,1504668,2954440,0,1265976,16560,8,29
1789007967,7223,1923127,2888904,1282544,1504668,2954440,0,1265976,16560,8,29
1789007969,7225,1923127,2888904,1282544,1504668,2954440,0,1265976,16560,8,29
1789007971,7227,1923127,2888904,1282544,1504668,2954440,0,1265976,16560,8,29
1789007973,7229,1923127,2888904,1282544,1504668,2954440,0,1265976,16560,8,29
1789007975,7231,1923127,2888904,1282544,1504668,2954440,0,1265976,16560,8,29
1789007977,7233,1923127,2888904,1282544,1504668,2954440,0,1265976,16560,8,29
1789007979,7235,1923127,2888904,1282544,1504668,2954440,0,1265976,16560,8,29
1789007982,7238,1923127,2888904,1282544,1504668,2954440,0,1265976,16560,8,29
1789007983,7239,1923127,2888904,1282544,1504668,2954440,0,1265976,16560,8,29
1789007985,7241,1923127,2888904,1282544,1504668,2954440,0,1265976,16560,8,29
1789007987,7243,1923127,2888904,1282544,1504668,2954440,0,1265976,16560,8,29
1789007989,7245,1923127,2888904,1282544,1504668,2954440,0,1265976,16560,8,29
1789007991,7247,1923127,2888904,1282544,1504668,2954440,0,1265976,16560,8,29
1789007993,7249,1923127,2888904,1282544,1504668,2954440,0,1265976,16560,8,29
1789007995,7251,1923127,2888904,1282544,1504668,2954440,0,1265976,16560,8,29
1789007997,7253,1923127,2888904,1282544,1504668,2954440,0,1265976,16560,8,29
1789007999,7255,1923127,2888904,1282544,1504668,2954440,0,1265976,16560,8,29
1789008001,7257,1923127,2888904,1282544,1504668,2954440,0,1265976,16560,8,29
1789008003,7259,1923127,2888904,1282544,1504668,2954440,0,1265976,16560,8,29
1789008005,7261,1923127,2888904,1282544,1504668,2954440,0,1265976,16560,8,29
1789008007,7263,1923127,2888904,1282544,1504668,2954440,0,1265976,16560,8,29
1789008009,7265,1923127,2888904,1282544,1504668,2954440,0,1265976,16560,8,29
1789008012,7268,1923127,2888904,1282544,1504668,2954440,0,1265976,16560,8,29
1789008013,7269,1923127,2888904,1282544,1504668,2954440,0,1265976,16560,8,29
1789008015,7271,1923127,2888904,1282544,1504668,2954440,0,1265976,16560,8,29
1789008017,7273,1923127,2888904,1282544,1504668,2954440,0,1265976,16560,8,29
1789008019,7275,1923127,2888904,1282544,1504668,2954440,0,1265976,16560,8,29
1789008021,7277,1923127,2888904,1282544,1504668,2954440,0,1265976,16560,8,29
1789008023,7279,1923127,2888904,1282544,1504668,2954440,0,1265976,16560,8,29
1789008025,7281,1923127,2888904,1282544,1504668,2954440,0,1265976,16560,8,29
1789008027,7283,1923127,2888904,1282544,1504668,2954440,0,1265976,16560,8,29
1789008029,7285,1923127,2888904,1282544,1504668,2954440,0,1265976,16560,8,29
1789008031,7287,1923127,2888904,1282544,1504668,2954440,0,1265976,16560,8,29
1789008033,7289,1923127,2888904,1282544,1504668,2954440,0,1265976,16560,8,29
1789008035,7291,1923127,2888904,1282544,1504668,2954440,0,1265976,16560,8,29
1789008037,7293,1923127,2888904,1282544,1504668,2954440,0,1265976,16560,8,29
1789008039,7295,1923127,2888904,1282544,1504668,2954440,0,1265976,16560,8,29
1789008041,7297,1923127,2888904,1282544,1504668,2954440,0,1265976,16560,8,29
1789008043,7299,1923127,2888904,1282544,1504668,2954440,0,1265976,16560,8,29
1789008045,7301,1923127,2888904,1282544,1504668,2954440,0,1265976,16560,8,29
1789008047,7303,1923127,2888904,1282544,1504668,2954440,0,1265976,16560,8,29
1789008049,7305,1923127,2888904,1282544,1504668,2954440,0,1265976,16560,8,29
1789008051,7307,1923127,2888904,1282544,1504668,2954440,0,1265976,16560,8,29
1789008053,7309,1923127,2888904,1282544,1504668,2954440,0,1265976,16560,8,29
1789008055,7311,1923127,2888904,1282544,1504668,2954440,0,1265976,16560,8,29
1789008057,7313,1923127,2888904,1282544,1504668,2954440,0,1265976,16560,8,29
1789008059,7315,1923127,2888904,1282544,1504668,2954440,0,1265976,16560,8,29
1789008061,7317,1923127,2888904,1282544,1504668,2954440,0,1265976,16560,8,29
1789008063,7319,1923127,2888904,1282544,1504668,2954440,0,1265976,16560,8,29
1789008065,7321,1923127,2888904,1282544,1504668,2954440,0,1265976,16560,8,29
1789008067,7323,1923127,2888904,1282544,1504668,2954440,0,1265976,16560,8,29
1789008069,7325,1923127,2888904,1282544,1504668,2954440,0,1265976,16560,8,29
1789008071,7327,1923127,2888904,1282544,1504668,2954440,0,1265976,16560,8,29
1789008073,7329,1923127,2888904,1282544,1504668,2954440,0,1265976,16560,8,29
1789008075,7331,1923127,2888904,1282544,1504668,2954440,0,1265976,16560,8,29
1789008077,7333,1923127,2888904,1282544,1504668,2954440,0,1265976,16560,8,29
1789008079,7335,1923127,2888904,1282544,1504668,2954440,0,1265976,16560,8,29
1789008081,7337,1923127,2888904,1282544,1504668,2954440,0,1265976,16560,8,29
1789008083,7339,1923127,2888904,1282544,1504668,2954440,0,1265976,16560,8,29
1789008085,7341,1923127,2888904,1282544,1504668,2954440,0,1265976,16560,8,29
1789008087,7343,1923127,2888904,1282544,1504668,2954440,0,1265976,16560,8,29
1789008089,7345,1923127,2888904,1282544,1504668,2954440,0,1265976,16560,8,29
1789008091,7347,1923127,2888904,1282544,1504668,2954440,0,1265976,16560,8,29
1789008093,7349,1923127,2888904,1282544,1504668,2954440,0,1265976,16560,8,29
1789008095,7351,1923127,2888904,1282544,1504668,2954440,0,1265976,16560,8,29
1789008097,7353,1923127,2888904,1282544,1504668,2954440,0,1265976,16560,8,29
1789008099,7355,1923127,2888904,1282544,1504668,2954440,0,1265976,16560,8,29
1789008101,7357,1923127,2888904,1282544,1504668,2954440,0,1265976,16560,8,29
1789008103,7359,1923127,2888904,1282544,1504668,2954440,0,1265976,16560,8,29
1789008106,7362,1923127,2888904,1282544,1504668,2954440,0,1265976,16560,8,29
1789008107,7363,1923127,2888904,1282544,1504668,2954440,0,1265976,16560,8,29
1789008109,7365,1923127,2888904,1282544,1504668,2954440,0,1265976,16560,8,29
1789008111,7367,1923127,2888904,1282544,1504668,2954440,0,1265976,16560,8,29
1789008113,7369,1923127,2888904,1282544,1504668,2954440,0,1265976,16560,8,29
1789008115,7371,1923127,2888904,1282544,1504668,2954440,0,1265976,16560,8,29
1789008117,7373,1923127,2888904,1282544,1504668,2954440,0,1265976,16560,8,29
1789008119,7375,1923127,2888904,1282544,1504668,2954440,0,1265976,16560,8,29
1789008121,7377,1923127,2888904,1282544,1504668,2954440,0,1265976,16560,8,29
1789008123,7379,1923127,2888904,1282544,1504668,2954440,0,1265976,16560,8,29
1789008125,7381,1923127,2888904,1282544,1504668,2954440,0,1265976,16560,8,29
1789008127,7383,1923127,2888904,1282544,1504668,2954440,0,1265976,16560,8,29
1789008129,7385,1923127,2888904,1282544,1504668,2954440,0,1265976,16560,8,29
1789008131,7387,1923127,2888904,1282544,1504668,2954440,0,1265976,16560,8,29
1789008133,7389,1923127,2888904,1282544,1504668,2954440,0,1265976,16560,8,29
1789008136,7392,1923127,2888904,1282544,1504668,2954440,0,1265976,16560,8,29
1789008137,7393,1923127,2888904,1282544,1504668,2954440,0,1265976,16560,8,29
1789008139,7395,1923127,2888904,1282544,1504668,2954440,0,1265976,16560,8,29
1789008141,7397,1923127,2888904,1282544,1504668,2954440,0,1265976,16560,8,29
1789008143,7399,1923127,2888904,1282544,1504668,2954440,0,1265976,16560,8,29
1789008145,7401,1923127,2888904,1282544,1504668,2954440,0,1265976,16560,8,29
1789008147,7403,1923127,2888904,1282544,1504668,2954440,0,1265976,16560,8,29
1789008149,7405,1923127,2888904,1282544,1504668,2954440,0,1265976,16560,8,29
1789008151,7407,1923127,2888904,1282544,1504668,2954440,0,1265976,16560,8,29
1789008153,7409,1923127,2888904,1282544,1504668,2954440,0,1265976,16560,8,29
1789008155,7411,1923127,2888904,1282544,1504668,2954440,0,1265976,16560,8,29
1789008157,7413,1923127,2888904,1282544,1504668,2954440,0,1265976,16560,8,29
1789008159,7415,1923127,2888904,1282544,1504668,2954440,0,1265976,16560,8,29
1789008161,7417,1923127,2888904,1282544,1504668,2954440,0,1265976,16560,8,29
1789008163,7419,1923127,2888904,1282544,1504668,2954440,0,1265976,16560,8,29
1789008165,7421,1923127,2888904,1282544,1504668,2954440,0,1265976,16560,8,29
1789008168,7424,1923127,2888904,1282544,1504668,2954440,0,1265976,16560,8,29
1789008170,7426,1923127,2888904,1282544,1504668,2954440,0,1265976,16560,8,29
1789008172,7428,1923127,2888904,1282544,1504668,2954440,0,1265976,16560,8,29
1789008174,7430,1923127,2888904,1282544,1504668,2954440,0,1265976,16560,8,29
1789008176,7432,1923127,2888904,1282544,1504668,2954440,0,1265976,16560,8,29
1789008178,7434,1923127,2888904,1282544,1504668,2954440,0,1265976,16560,8,29
1789008180,7436,1923127,2888904,1282544,1504668,2954440,0,1265976,16560,8,29
1789008182,7438,1923127,2888904,1282544,1504668,2954440,0,1265976,16560,8,29
1789008184,7440,1923127,2888904,1282544,1504668,2954440,0,1265976,16560,8,29
1789008186,7442,1923127,2888904,1282544,1504668,2954440,0,1265976,16560,8,29
1789008188,7444,1923127,2888904,1282544,1504668,2954440,0,1265976,16560,8,29
1789008190,7446,1923127,2888904,1282544,1504668,2954440,0,1265976,16560,8,29
1789008192,7448,1923127,2888904,1282544,1504668,2954440,0,1265976,16560,8,29
1789008194,7450,1923127,2888904,1282544,1504668,2954440,0,1265976,16560,8,29
1789008196,7452,1923127,2888904,1282544,1504668,2954440,0,1265976,16560,8,29
1789008199,7455,1923127,2888904,1282544,1504668,2954440,0,1265976,16560,8,29
1789008201,7457,1923127,2888904,1282544,1504668,2954440,0,1265976,16560,8,29
1789008203,7459,1923127,2888904,1282544,1504668,2954440,0,1265976,16560,8,29
1789008205,7461,1923127,2888904,1282544,1504668,2954440,0,1265976,16560,8,29
1789008207,7463,1923127,2888904,1282544,1504668,2954440,0,1265976,16560,8,29
1789008209,7465,1923127,2888904,1282544,1504668,2954440,0,1265976,16560,8,29
1789008211,7467,1923127,2888904,1282544,1504668,2954440,0,1265976,16560,8,29
1789008213,7469,1923127,2888904,1282544,1504668,2954440,0,1265976,16560,8,29
1789008215,7471,1923127,2888904,1282544,1504668,2954440,0,1265976,16560,8,29
1789008217,7473,1923127,2888904,1282544,1504668,2954440,0,1265976,16560,8,29
1789008219,7475,1923127,2888904,1282544,1504668,2954440,0,1265976,16560,8,29
1789008221,7477,1923127,2888904,1282544,1504668,2954440,0,1265976,16560,8,29
1789008223,7479,1923127,2888904,1282544,1504668,2954440,0,1265976,16560,8,29
1789008225,7481,1923127,2888904,1282544,1504668,2954440,0,1265976,16560,8,29
1789008227,7483,1923127,2888904,1282544,1504668,2954440,0,1265976,16560,8,29
1789008229,7485,1923127,2888904,1282544,1504668,2954440,0,1265976,16560,8,29
1789008232,7488,1923127,2888904,1282544,1504668,2954440,0,1265976,16560,8,29
1789008233,7489,1923127,2888904,1282544,1504668,2954440,0,1265976,16560,8,29
1789008235,7491,1923127,2888904,1282544,1504668,2954440,0,1265976,16560,8,29
1789008237,7493,1923127,2888904,1282544,1504668,2954440,0,1265976,16560,8,29
1789008239,7495,1923127,2888904,1282544,1504668,2954440,0,1265976,16560,8,29
1789008241,7497,1923127,2888904,1282544,1504668,2954440,0,1265976,16560,8,29
1789008243,7499,1923127,2888904,1282544,1504668,2954440,0,1265976,16560,8,29
1789008245,7501,1923127,2888904,1282544,1504668,2954440,0,1265976,16560,8,29
1789008247,7503,1923127,2888904,1282544,1504668,2954440,0,1265976,16560,8,29
1789008249,7505,1923127,2888904,1282544,1504668,2954440,0,1265976,16560,8,29
1789008251,7507,1923127,2888904,1282544,1504668,2954440,0,1265976,16560,8,29
1789008253,7509,1923127,2888904,1282544,1504668,2954440,0,1265976,16560,8,29
1789008255,7511,1923127,2888904,1282544,1504668,2954440,0,1265976,16560,8,29
1789008257,7513,1923127,2888904,1282544,1504668,2954440,0,1265976,16560,8,29
1789008259,7515,1923127,2888904,1282544,1504668,2954440,0,1265976,16560,8,29
1789008262,7518,1923127,2888904,1282544,1504668,2954440,0,1265976,16560,8,29
1789008264,7520,1923127,2888904,1282544,1504668,2954440,0,1265976,16560,8,29
1789008266,7522,1923127,2888904,1282544,1504668,2954440,0,1265976,16560,8,29
1789008268,7524,1923127,2888904,1282544,1504668,2954440,0,1265976,16560,8,29
1789008270,7526,1923127,2888904,1282544,1504668,2954440,0,1265976,16560,8,29
1789008272,7528,1923127,2888904,1282544,1504668,2954440,0,1265976,16560,8,29
1789008274,7530,1923127,2888904,1282544,1504668,2954440,0,1265976,16560,8,29
1789008276,7532,1923127,2888904,1282544,1504668,2954440,0,1265976,16560,8,29
1789008278,7534,1923127,2888904,1282544,1504668,2954440,0,1265976,16560,8,29
1789008280,7536,1923127,2888904,1282544,1504668,2954440,0,1265976,16560,8,29
1789008282,7538,1923127,2888904,1282544,1504668,2954440,0,1265976,16560,8,29
1789008284,7540,1923127,2888904,1282544,1504668,2954440,0,1265976,16560,8,29
1789008286,7542,1923127,2888904,1282544,1504668,2954440,0,1265976,16560,8,29
1789008288,7544,1923127,2888904,1282544,1504668,2954440,0,1265976,16560,8,29
1789008290,7546,1923127,2888904,1282544,1504668,2954440,0,1265976,16560,8,29
1789008292,7548,1923127,2888904,1282544,1504668,2954440,0,1265976,16560,8,29
1789008295,7551,1923127,2888904,1282544,1504668,2954440,0,1265976,16560,8,29
1789008297,7553,1923127,2888904,1282544,1504668,2954440,0,1265976,16560,8,29
1789008299,7555,1923127,2888904,1282544,1504668,2954440,0,1265976,16560,8,29
1789008301,7557,1923127,2888904,1282544,1504668,2954440,0,1265976,16560,8,29
1789008303,7559,1923127,2888904,1282544,1504668,2954440,0,1265976,16560,8,29
1789008305,7561,1923127,2888904,1282544,1504668,2954440,0,1265976,16560,8,29
1789008307,7563,1923127,2888904,1282544,1504668,2954440,0,1265976,16560,8,29
1789008309,7565,1923127,2888904,1282544,1504668,2954440,0,1265976,16560,8,29
1789008311,7567,1923127,2888904,1282544,1504668,2954440,0,1265976,16560,8,29
1789008313,7569,1923127,2888904,1282544,1504668,2954440,0,1265976,16560,8,29
1789008315,7571,1923127,2888904,1282544,1504668,2954440,0,1265976,16560,8,29
1789008317,7573,1923127,2888904,1282544,1504668,2954440,0,1265976,16560,8,29
1789008319,7575,1923127,2888904,1282544,1504668,2954440,0,1265976,16560,8,29
1789008321,7577,1923127,2888904,1282544,1504668,2954440,0,1265976,16560,8,29
1789008323,7579,1923127,2888904,1282544,1504668,2954440,0,1265976,16560,8,29
1789008326,7582,1923127,2888904,1282544,1504668,2954440,0,1265976,16560,8,29
1789008328,7584,1923127,2888904,1282544,1504668,2954440,0,1265976,16560,8,29
1789008330,7586,1923127,2888904,1282544,1504668,2954440,0,1265976,16560,8,29
1789008332,7588,1923127,2888904,1282544,1504668,2954440,0,1265976,16560,8,29
1789008334,7590,1923127,2888904,1282544,1504668,2954440,0,1265976,16560,8,29
1789008336,7592,1923127,2888904,1282544,1504668,2954440,0,1265976,16560,8,29
1789008338,7594,1923127,2888904,1282544,1504668,2954440,0,1265976,16560,8,29
1789008340,7596,1923127,2888904,1282544,1504668,2954440,0,1265976,16560,8,29
1789008342,7598,1923127,2888904,1282544,1504668,2954440,0,1265976,16560,8,29
1789008344,7600,1923127,2888904,1282544,1504668,2954440,0,1265976,16560,8,29
1789008346,7602,1923127,2888904,1282544,1504668,2954440,0,1265976,16560,8,29
1789008348,7604,1923127,2888904,1282544,1504668,2954440,0,1265976,16560,8,29
1789008350,7606,1923127,2888904,1282544,1504668,2954440,0,1265976,16560,8,29
1789008352,7608,1923127,2888904,1282544,1504668,2954440,0,1265976,16560,8,29
1789008354,7610,1923127,2888904,1282544,1504668,2954440,0,1265976,16560,8,29
1789008356,7612,1923127,2888904,1282544,1504668,2954440,0,1265976,16560,8,29
1789008359,7615,1923127,2888904,1282544,1504668,2954440,0,1265976,16560,8,29
1789008361,7617,1923127,2888904,1282544,1504668,2954440,0,1265976,16560,8,29
1789008363,7619,1923127,2888904,1282544,1504668,2954440,0,1265976,16560,8,29
1789008365,7621,1923127,2888904,1282544,1504668,2954440,0,1265976,16560,8,29
1789008367,7623,1923127,2888904,1282544,1504668,2954440,0,1265976,16560,8,29
1789008369,7625,1923127,2888904,1282544,1504668,2954440,0,1265976,16560,8,29
1789008371,7627,1923127,2888904,1282544,1504668,2954440,0,1265976,16560,8,29
1789008373,7629,1923127,2888904,1282544,1504668,2954440,0,1265976,16560,8,29
1789008375,7631,1923127,2888904,1282544,1504668,2954440,0,1265976,16560,8,29
1789008377,7633,1923127,2888904,1282544,1504668,2954440,0,1265976,16560,8,29
1789008379,7635,1923127,2888904,1282544,1504668,2954440,0,1265976,16560,8,29
1789008381,7637,1923127,2888904,1282544,1504668,2954440,0,1265976,16560,8,29
1789008383,7639,1923127,2888904,1282544,1504668,2954440,0,1265976,16560,8,29
1789008385,7641,1923127,2888904,1282544,1504668,2954440,0,1265976,16560,8,29
1789008387,7643,1923127,2888904,1282544,1504668,2954440,0,1265976,16560,8,29
1789008389,7645,1923127,2888904,1282544,1504668,2954440,0,1265976,16560,8,29
1789008391,7647,1923127,2888904,1282544,1504668,2954440,0,1265976,16560,8,29
1789008393,7649,1923127,2888904,1282544,1504668,2954440,0,1265976,16560,8,29
1789008395,7651,1923127,2888904,1282544,1504668,2954440,0,1265976,16560,8,29
1789008397,7653,1923127,2888904,1282544,1504668,2954440,0,1265976,16560,8,29
1789008399,7655,1923127,2888904,1282544,1504668,2954440,0,1265976,16560,8,29
1789008401,7657,1923127,2888904,1282544,1504668,2954440,0,1265976,16560,8,29
1789008403,7659,1923127,2888904,1282544,1504668,2954440,0,1265976,16560,8,29
1789008405,7661,1923127,2888904,1282544,1504668,2954440,0,1265976,16560,8,29
1789008407,7663,1923127,2888904,1282544,1504668,2954440,0,1265976,16560,8,29
1789008409,7665,1923127,2888904,1282544,1504668,2954440,0,1265976,16560,8,29
1789008411,7667,1923127,2888904,1282544,1504668,2954440,0,1265976,16560,8,29
1789008413,7669,1923127,2888904,1282548,1504668,2954440,0,1265980,16560,8,29
1789008415,7671,1923127,2888904,1282548,1504668,2954440,0,1265980,16560,8,29
1789008417,7673,1923127,2888904,1282548,1504668,2954440,0,1265980,16560,8,29
1789008419,7675,1923127,2888904,1282548,1504668,2954440,0,1265980,16560,8,29
1789008422,7678,1923127,2888904,1282548,1504668,2954440,0,1265980,16560,8,29
1789008424,7680,1923127,2888904,1282548,1504668,2954440,0,1265980,16560,8,29
1789008426,7682,1923127,2888904,1282548,1504668,2954440,0,1265980,16560,8,29
1789008428,7684,1923127,2888904,1282548,1504668,2954440,0,1265980,16560,8,29
1789008430,7686,1923127,2888904,1282548,1504668,2954440,0,1265980,16560,8,29
1789008432,7688,1923127,2888904,1282548,1504668,2954440,0,1265980,16560,8,29
1789008434,7690,1923127,2888904,1282548,1504668,2954440,0,1265980,16560,8,29
1789008436,7692,1923127,2888904,1282548,1504668,2954440,0,1265980,16560,8,29
1789008438,7694,1923127,2888904,1282548,1504668,2954440,0,1265980,16560,8,29
1789008440,7696,1923127,2888904,1282548,1504668,2954440,0,1265980,16560,8,29
1789008442,7698,1923127,2888904,1282548,1504668,2954440,0,1265980,16560,8,29
1789008444,7700,1923127,2888904,1282548,1504668,2954440,0,1265980,16560,8,29
1789008446,7702,1923127,2888904,1282548,1504668,2954440,0,1265980,16560,8,29
1789008448,7704,1923127,2888904,1282548,1504668,2954440,0,1265980,16560,8,29
1789008450,7706,1923127,2888904,1282548,1504668,2954440,0,1265980,16560,8,29
1789008453,7709,1923127,2888904,1282548,1504668,2954440,0,1265980,16560,8,29
1789008455,7711,1923127,2888904,1282548,1504668,2954440,0,1265980,16560,8,29
1789008457,7713,1923127,2888904,1282548,1504668,2954440,0,1265980,16560,8,29
1789008459,7715,1923127,2888904,1282548,1504668,2954440,0,1265980,16560,8,29
1789008461,7717,1923127,2888904,1282548,1504668,2954440,0,1265980,16560,8,29
1789008463,7719,1923127,2888904,1282548,1504668,2954440,0,1265980,16560,8,29
1789008465,7721,1923127,2888904,1282548,1504668,2954440,0,1265980,16560,8,29
1789008467,7723,1923127,2888904,1282548,1504668,2954440,0,1265980,16560,8,29
1789008469,7725,1923127,2888904,1282548,1504668,2954440,0,1265980,16560,8,29
1789008471,7727,1923127,2888904,1282548,1504668,2954440,0,1265980,16560,8,29
1789008473,7729,1923127,2888904,1282548,1504668,2954440,0,1265980,16560,8,29
1789008475,7731,1923127,2888904,1282548,1504668,2954440,0,1265980,16560,8,29
1789008477,7733,1923127,2888904,1282548,1504668,2954440,0,1265980,16560,8,29
1789008479,7735,1923127,2888904,1282548,1504668,2954440,0,1265980,16560,8,29
1789008481,7737,1923127,2888904,1282548,1504668,2954440,0,1265980,16560,8,29
1789008483,7739,1923127,2888904,1282548,1504668,2954440,0,1265980,16560,8,29
1789008485,7741,1923127,2888904,1282548,1504668,2954440,0,1265980,16560,8,29
1789008487,7743,1923127,2888904,1282548,1504668,2954440,0,1265980,16560,8,29
1789008489,7745,1923127,2888904,1282548,1504668,2954440,0,1265980,16560,8,29
1789008491,7747,1923127,2888904,1282548,1504668,2954440,0,1265980,16560,8,29
1789008493,7749,1923127,2888904,1282548,1504668,2954440,0,1265980,16560,8,29
1789008495,7751,1923127,2888904,1282548,1504668,2954440,0,1265980,16560,8,29
1789008497,7753,1923127,2888904,1282548,1504668,2954440,0,1265980,16560,8,29
1789008499,7755,1923127,2888904,1282548,1504668,2954440,0,1265980,16560,8,29
1789008501,7757,1923127,2888904,1282548,1504668,2954440,0,1265980,16560,8,29
1789008503,7759,1923127,2888904,1282548,1504668,2954440,0,1265980,16560,8,29
1789008505,7761,1923127,2888904,1282548,1504668,2954440,0,1265980,16560,8,29
1789008507,7763,1923127,2888904,1282548,1504668,2954440,0,1265980,16560,8,29
1789008509,7765,1923127,2888904,1282548,1504668,2954440,0,1265980,16560,8,29
1789008511,7767,1923127,2888904,1282548,1504668,2954440,0,1265980,16560,8,29
1789008513,7769,1923127,2888904,1282548,1504668,2954440,0,1265980,16560,8,29
1789008516,7772,1923127,2888904,1282548,1504668,2954440,0,1265980,16560,8,29
1789008517,7773,1923127,2888904,1282548,1504668,2954440,0,1265980,16560,8,29
1789008519,7775,1923127,2888904,1282548,1504668,2954440,0,1265980,16560,8,29
1789008521,7777,1923127,2888904,1282548,1504668,2954440,0,1265980,16560,8,29
1789008523,7779,1923127,2888904,1282548,1504668,2954440,0,1265980,16560,8,29
1789008525,7781,1923127,2888904,1282548,1504668,2954440,0,1265980,16560,8,29
1789008527,7783,1923127,2888904,1282548,1504668,2954440,0,1265980,16560,8,29
1789008529,7785,1923127,2888904,1282548,1504668,2954440,0,1265980,16560,8,29
1789008531,7787,1923127,2888904,1282548,1504668,2954440,0,1265980,16560,8,29
1789008533,7789,1923127,2888904,1282548,1504668,2954440,0,1265980,16560,8,29
1789008535,7791,1923127,2888904,1282548,1504668,2954440,0,1265980,16560,8,29
1789008537,7793,1923127,2888904,1282548,1504668,2954440,0,1265980,16560,8,29
1789008539,7795,1923127,2888904,1282548,1504668,2954440,0,1265980,16560,8,29
1789008541,7797,1923127,2888904,1282548,1504668,2954440,0,1265980,16560,8,29
1789008543,7799,1923127,2888904,1282548,1504668,2954440,0,1265980,16560,8,29
1789008545,7801,1923127,2888904,1282548,1504668,2954440,0,1265980,16560,8,29
1789008547,7803,1923127,2888904,1282548,1504668,2954440,0,1265980,16560,8,29
1789008549,7805,1923127,2888904,1282548,1504668,2954440,0,1265980,16560,8,29
1789008551,7807,1923127,2888904,1282548,1504668,2954440,0,1265980,16560,8,29
1789008553,7809,1923127,2888904,1282548,1504668,2954440,0,1265980,16560,8,29
1789008555,7811,1923127,2888904,1282548,1504668,2954440,0,1265980,16560,8,29
1789008557,7813,1923127,2888904,1282548,1504668,2954440,0,1265980,16560,8,29
1789008559,7815,1923127,2888904,1282548,1504668,2954440,0,1265980,16560,8,29
1789008561,7817,1923127,2888904,1282548,1504668,2954440,0,1265980,16560,8,29
1789008563,7819,1923127,2888904,1282548,1504668,2954440,0,1265980,16560,8,29
1789008565,7821,1923127,2888904,1282548,1504668,2954440,0,1265980,16560,8,29
1789008567,7823,1923127,2888904,1282548,1504668,2954440,0,1265980,16560,8,29
1789008569,7825,1923127,2888904,1282548,1504668,2954440,0,1265980,16560,8,29
1789008571,7827,1923127,2888904,1282548,1504668,2954440,0,1265980,16560,8,29
1789008573,7829,1923127,2888904,1282548,1504668,2954440,0,1265980,16560,8,29
1789008575,7831,1923127,2888904,1282548,1504668,2954440,0,1265980,16560,8,29
1789008578,7834,1923127,2888904,1282548,1504668,2954440,0,1265980,16560,8,29
1789008580,7836,1923127,2888904,1282548,1504668,2954440,0,1265980,16560,8,29
1789008582,7838,1923127,2888904,1282548,1504668,2954440,0,1265980,16560,8,29
1789008584,7840,1923127,2888904,1282548,1504668,2954440,0,1265980,16560,8,29
1789008586,7842,1923127,2888904,1282548,1504668,2954440,0,1265980,16560,8,29
1789008588,7844,1923127,2888904,1282548,1504668,2954440,0,1265980,16560,8,29
1789008590,7846,1923127,2888904,1282548,1504668,2954440,0,1265980,16560,8,29
1789008592,7848,1923127,2888904,1282548,1504668,2954440,0,1265980,16560,8,29
1789008594,7850,1923127,2888904,1282548,1504668,2954440,0,1265980,16560,8,29
1789008596,7852,1923127,2888904,1282548,1504668,2954440,0,1265980,16560,8,29
1789008598,7854,1923127,2888904,1282548,1504668,2954440,0,1265980,16560,8,29
1789008600,7856,1923127,2888904,1282548,1504668,2954440,0,1265980,16560,8,29
1789008602,7858,1923127,2888904,1282548,1504668,2954440,0,1265980,16560,8,29
1789008604,7860,1923127,2888904,1282548,1504668,2954440,0,1265980,16560,8,29
1789008606,7862,1923127,2888904,1282548,1504668,2954440,0,1265980,16560,8,29
1789008608,7864,1923127,2888904,1282548,1504668,2954440,0,1265980,16560,8,29
1789008610,7866,1923127,2888904,1282548,1504668,2954440,0,1265980,16560,8,29
1789008612,7868,1923127,2888904,1282548,1504668,2954440,0,1265980,16560,8,29
1789008614,7870,1923127,2888904,1282548,1504668,2954440,0,1265980,16560,8,29
1789008616,7872,1923127,2888904,1282548,1504668,2954440,0,1265980,16560,8,29
1789008618,7874,1923127,2888904,1282548,1504668,2954440,0,1265980,16560,8,29
1789008620,7876,1923127,2888904,1282548,1504668,2954440,0,1265980,16560,8,29
1789008622,7878,1923127,2888904,1282548,1504668,2954440,0,1265980,16560,8,29
1789008624,7880,1923127,2888904,1282548,1504668,2954440,0,1265980,16560,8,29
1789008626,7882,1923127,2888904,1282548,1504668,2954440,0,1265980,16560,8,29
1789008628,7884,1923127,2888904,1282548,1504668,2954440,0,1265980,16560,8,29
1789008630,7886,1923127,2888904,1282548,1504668,2954440,0,1265980,16560,8,29
1789008632,7888,1923127,2888904,1282548,1504668,2954440,0,1265980,16560,8,29
1789008634,7890,1923127,2888904,1282548,1504668,2954440,0,1265980,16560,8,29
1789008636,7892,1923127,2888904,1282548,1504668,2954440,0,1265980,16560,8,29
1789008638,7894,1923127,2888904,1282548,1504668,2954440,0,1265980,16560,8,29
1789008641,7897,1923127,2888904,1282548,1504668,2954440,0,1265980,16560,8,29
1789008643,7899,1923127,2888904,1282548,1504668,2954440,0,1265980,16560,8,29
1789008645,7901,1923127,2888904,1282548,1504668,2954440,0,1265980,16560,8,29
1789008647,7903,1923127,2888904,1282548,1504668,2954440,0,1265980,16560,8,29
1789008649,7905,1923127,2888904,1282548,1504668,2954440,0,1265980,16560,8,29
1789008651,7907,1923127,2888904,1282548,1504668,2954440,0,1265980,16560,8,29
1789008653,7909,1923127,2888904,1282548,1504668,2954440,0,1265980,16560,8,29
1789008655,7911,1923127,2888904,1282548,1504668,2954440,0,1265980,16560,8,29
1789008657,7913,1923127,2888904,1282548,1504668,2954440,0,1265980,16560,8,29
1789008659,7915,1923127,2888904,1282548,1504668,2954440,0,1265980,16560,8,29
1789008661,7917,1923127,2888904,1282548,1504668,2954440,0,1265980,16560,8,29
1789008663,7919,1923127,2888904,1282548,1504668,2954440,0,1265980,16560,8,29
1789008665,7921,1923127,2888904,1282548,1504668,2954440,0,1265980,16560,8,29
1789008667,7923,1923127,2888904,1282548,1504668,2954440,0,1265980,16560,8,29
1789008669,7925,1923127,2888904,1282548,1504668,2954440,0,1265980,16560,8,29
1789008672,7928,1923127,2888904,1282548,1504668,2954440,0,1265980,16560,8,29
1789008674,7930,1923127,2888904,1282548,1504668,2954440,0,1265980,16560,8,29
1789008676,7932,1923127,2888904,1282548,1504668,2954440,0,1265980,16560,8,29
1789008678,7934,1923127,2888904,1282548,1504668,2954440,0,1265980,16560,8,29
1789008680,7936,1923127,2888904,1282548,1504668,2954440,0,1265980,16560,8,29
1789008682,7938,1923127,2888904,1282548,1504668,2954440,0,1265980,16560,8,29
1789008684,7940,1923127,2888904,1282548,1504668,2954440,0,1265980,16560,8,29
1789008686,7942,1923127,2888904,1282548,1504668,2954440,0,1265980,16560,8,29
1789008688,7944,1923127,2888904,1282548,1504668,2954440,0,1265980,16560,8,29
1789008690,7946,1923127,2888904,1282548,1504668,2954440,0,1265980,16560,8,29
1789008692,7948,1923127,2888904,1282548,1504668,2954440,0,1265980,16560,8,29
1789008694,7950,1923127,2888904,1282548,1504668,2954440,0,1265980,16560,8,29
1789008696,7952,1923127,2888904,1282548,1504668,2954440,0,1265980,16560,8,29
1789008698,7954,1923127,2888904,1282548,1504668,2954440,0,1265980,16560,8,29
1789008700,7956,1923127,2888904,1282548,1504668,2954440,0,1265980,16560,8,29
1789008702,7958,1923127,2888904,1282548,1504668,2954440,0,1265980,16560,8,29
1789008705,7961,1923127,2888904,1282548,1504668,2954440,0,1265980,16560,8,29
1789008707,7963,1923127,2888904,1282548,1504668,2954440,0,1265980,16560,8,29
1789008709,7965,1923127,2888904,1282548,1504668,2954440,0,1265980,16560,8,29
1789008711,7967,1923127,2888904,1282548,1504668,2954440,0,1265980,16560,8,29
1789008713,7969,1923127,2888904,1282548,1504668,2954440,0,1265980,16560,8,29
1789008715,7971,1923127,2888904,1282548,1504668,2954440,0,1265980,16560,8,29
1789008717,7973,1923127,2888904,1282548,1504668,2954440,0,1265980,16560,8,29
1789008719,7975,1923127,2888904,1282548,1504668,2954440,0,1265980,16560,8,29
1789008721,7977,1923127,2888904,1282548,1504668,2954440,0,1265980,16560,8,29
1789008723,7979,1923127,2888904,1282548,1504668,2954440,0,1265980,16560,8,29
1789008725,7981,1923127,2888904,1282548,1504668,2954440,0,1265980,16560,8,29
1789008727,7983,1923127,2888904,1282548,1504668,2954440,0,1265980,16560,8,29
1789008729,7985,1923127,2888904,1282548,1504668,2954440,0,1265980,16560,8,29
1789008731,7987,1923127,2888904,1282548,1504668,2954440,0,1265980,16560,8,29
1789008733,7989,1923127,2888904,1282548,1504668,2954440,0,1265980,16560,8,29
1789008736,7992,1923127,2888904,1282548,1504668,2954440,0,1265980,16560,8,29
1789008738,7994,1923127,2888904,1282548,1504668,2954440,0,1265980,16560,8,29
1789008740,7996,1923127,2888904,1282548,1504668,2954440,0,1265980,16560,8,29
1789008742,7998,1923127,2888904,1282548,1504668,2954440,0,1265980,16560,8,29
1789008744,8000,1923127,2888904,1282548,1504668,2954440,0,1265980,16560,8,29
1789008746,8002,1923127,2888904,1282548,1504668,2954440,0,1265980,16560,8,29
1789008748,8004,1923127,2888904,1282548,1504668,2954440,0,1265980,16560,8,29
1789008750,8006,1923127,2888904,1282548,1504668,2954440,0,1265980,16560,8,29
1789008752,8008,1923127,2888904,1282548,1504668,2954440,0,1265980,16560,8,29
1789008754,8010,1923127,2888904,1282548,1504668,2954440,0,1265980,16560,8,29
1789008756,8012,1923127,2888904,1282548,1504668,2954440,0,1265980,16560,8,29
1789008758,8014,1923127,2888904,1282548,1504668,2954440,0,1265980,16560,8,29
1789008760,8016,1923127,2888904,1282548,1504668,2954440,0,1265980,16560,8,29
1789008762,8018,1923127,2888904,1282548,1504668,2954440,0,1265980,16560,8,29
1789008764,8020,1923127,2888904,1282548,1504668,2954440,0,1265980,16560,8,29
1789008767,8023,1923127,2888904,1282548,1504668,2954440,0,1265980,16560,8,29
1789008768,8024,1923127,2888904,1282548,1504668,2954440,0,1265980,16560,8,29
1789008770,8026,1923127,2888904,1282548,1504668,2954440,0,1265980,16560,8,29
1789008772,8028,1923127,2888904,1282548,1504668,2954440,0,1265980,16560,8,29
1789008774,8030,1923127,2888904,1282548,1504668,2954440,0,1265980,16560,8,29
1789008776,8032,1923127,2888904,1282548,1504668,2954440,0,1265980,16560,8,29
1789008778,8034,1923127,2888904,1282548,1504668,2954440,0,1265980,16560,8,29
1789008780,8036,1923127,2888904,1282548,1504668,2954440,0,1265980,16560,8,29
1789008782,8038,1923127,2888904,1282548,1504668,2954440,0,1265980,16560,8,29
1789008784,8040,1923127,2888904,1282548,1504668,2954440,0,1265980,16560,8,29
1789008786,8042,1923127,2888904,1282548,1504668,2954440,0,1265980,16560,8,29
1789008788,8044,1923127,2888904,1282548,1504668,2954440,0,1265980,16560,8,29
1789008790,8046,1923127,2888904,1282548,1504668,2954440,0,1265980,16560,8,29
1789008792,8048,1923127,2888904,1282548,1504668,2954440,0,1265980,16560,8,29
1789008794,8050,1923127,2888904,1282548,1504668,2954440,0,1265980,16560,8,29
1789008797,8053,1923127,2888904,1282548,1504668,2954440,0,1265980,16560,8,29
1789008798,8054,1923127,2888904,1282548,1504668,2954440,0,1265980,16560,8,29
1789008800,8056,1923127,2888904,1282548,1504668,2954440,0,1265980,16560,8,29
1789008802,8058,1923127,2888904,1282548,1504668,2954440,0,1265980,16560,8,29
1789008804,8060,1923127,2888904,1282548,1504668,2954440,0,1265980,16560,8,29
1789008806,8062,1923127,2888904,1282548,1504668,2954440,0,1265980,16560,8,29
1789008808,8064,1923127,2888904,1282548,1504668,2954440,0,1265980,16560,8,29
1789008810,8066,1923127,2888904,1282548,1504668,2954440,0,1265980,16560,8,29
1789008812,8068,1923127,2888904,1282548,1504668,2954440,0,1265980,16560,8,29
1789008814,8070,1923127,2888916,1282560,1504676,2954440,0,1265992,16560,8,30
1789008816,8072,1923127,2888904,1282548,1504668,2954440,0,1265980,16560,8,29
1789008818,8074,1923127,2888904,1282548,1504668,2954440,0,1265980,16560,8,29
1789008820,8076,1923127,2888904,1282548,1504668,2954440,0,1265980,16560,8,29
1789008822,8078,1923127,2888904,1282548,1504668,2954440,0,1265980,16560,8,29
1789008824,8080,1923127,2888904,1282548,1504668,2954440,0,1265980,16560,8,29
1789008826,8082,1923127,2888904,1282548,1504668,2954440,0,1265980,16560,8,29
1789008828,8084,1923127,2888904,1282548,1504668,2954440,0,1265980,16560,8,29
1789008831,8087,1923127,2888904,1282548,1504668,2954440,0,1265980,16560,8,29
1789008833,8089,1923127,2888904,1282548,1504668,2954440,0,1265980,16560,8,29
1789008835,8091,1923127,2888904,1282548,1504668,2954440,0,1265980,16560,8,29
1789008837,8093,1923127,2888904,1282548,1504668,2954440,0,1265980,16560,8,29
1789008839,8095,1923127,2888904,1282548,1504668,2954440,0,1265980,16560,8,29
1789008841,8097,1923127,2888904,1282548,1504668,2954440,0,1265980,16560,8,29
1789008843,8099,1923127,2888904,1282548,1504668,2954440,0,1265980,16560,8,29
1789008845,8101,1923127,2888904,1282548,1504668,2954440,0,1265980,16560,8,29
1789008847,8103,1923127,2888904,1282548,1504668,2954440,0,1265980,16560,8,29
1789008849,8105,1923127,2888904,1282548,1504668,2954440,0,1265980,16560,8,29
1789008851,8107,1923127,2888904,1282548,1504668,2954440,0,1265980,16560,8,29
1789008853,8109,1923127,2888904,1282548,1504668,2954440,0,1265980,16560,8,29
1789008855,8111,1923127,2888904,1282548,1504668,2954440,0,1265980,16560,8,29
1789008857,8113,1923127,2888904,1282548,1504668,2954440,0,1265980,16560,8,29
1789008859,8115,1923127,2888904,1282548,1504668,2954440,0,1265980,16560,8,29
1789008861,8117,1923127,2888904,1282548,1504668,2954440,0,1265980,16560,8,29
1789008863,8119,1923127,2888904,1282548,1504668,2954440,0,1265980,16560,8,29
1789008865,8121,1923127,2888904,1282548,1504668,2954440,0,1265980,16560,8,29
1789008867,8123,1923127,2888904,1282548,1504668,2954440,0,1265980,16560,8,29
1789008869,8125,1923127,2888904,1282548,1504668,2954440,0,1265980,16560,8,29
1789008871,8127,1923127,2888904,1282548,1504668,2954440,0,1265980,16560,8,29
1789008873,8129,1923127,2888904,1282552,1504668,2954440,0,1265984,16560,8,29
1789008875,8131,1923127,2888904,1282552,1504668,2954440,0,1265984,16560,8,29
1789008877,8133,1923127,2888904,1282552,1504668,2954440,0,1265984,16560,8,29
1789008879,8135,1923127,2888904,1282552,1504668,2954440,0,1265984,16560,8,29
1789008881,8137,1923127,2888904,1282552,1504668,2954440,0,1265984,16560,8,29
1789008883,8139,1923127,2888904,1282552,1504668,2954440,0,1265984,16560,8,29
1789008885,8141,1923127,2888904,1282552,1504668,2954440,0,1265984,16560,8,29
1789008887,8143,1923127,2888904,1282552,1504668,2954440,0,1265984,16560,8,29
1789008889,8145,1923127,2888904,1282552,1504668,2954440,0,1265984,16560,8,29
1789008891,8147,1923127,2888904,1282552,1504668,2954440,0,1265984,16560,8,29
1789008893,8149,1923127,2888904,1282552,1504668,2954440,0,1265984,16560,8,29
1789008895,8151,1923127,2888904,1282552,1504668,2954440,0,1265984,16560,8,29
1789008897,8153,1923127,2888904,1282552,1504668,2954440,0,1265984,16560,8,29
1789008899,8155,1923127,2888904,1282552,1504668,2954440,0,1265984,16560,8,29
1789008901,8157,1923127,2888904,1282552,1504668,2954440,0,1265984,16560,8,29
1789008903,8159,1923127,2888904,1282552,1504668,2954440,0,1265984,16560,8,29
1789008905,8161,1923127,2888904,1282552,1504668,2954440,0,1265984,16560,8,29
1789008907,8163,1923127,2888904,1282552,1504668,2954440,0,1265984,16560,8,29
1789008909,8165,1923127,2888904,1282552,1504668,2954440,0,1265984,16560,8,29
1789008911,8167,1923127,2888904,1282552,1504668,2954440,0,1265984,16560,8,29
1789008913,8169,1923127,2888904,1282552,1504668,2954440,0,1265984,16560,8,29
1789008915,8171,1923127,2888904,1282552,1504668,2954440,0,1265984,16560,8,29
1789008917,8173,1923127,2888904,1282552,1504668,2954440,0,1265984,16560,8,29
1789008919,8175,1923127,2888904,1282552,1504668,2954440,0,1265984,16560,8,29
1789008921,8177,1923127,2888904,1282552,1504668,2954440,0,1265984,16560,8,29
1789008924,8180,1923127,2888904,1282552,1504668,2954440,0,1265984,16560,8,29
1789008925,8181,1923127,2888904,1282552,1504668,2954440,0,1265984,16560,8,29
1789008927,8183,1923127,2888904,1282552,1504668,2954440,0,1265984,16560,8,29
1789008929,8185,1923127,2888904,1282552,1504668,2954440,0,1265984,16560,8,29
1789008931,8187,1923127,2888904,1282552,1504668,2954440,0,1265984,16560,8,29
1789008933,8189,1923127,2888904,1282552,1504668,2954440,0,1265984,16560,8,29
1789008935,8191,1923127,2888904,1282552,1504668,2954440,0,1265984,16560,8,29
1789008937,8193,1923127,2888904,1282552,1504668,2954440,0,1265984,16560,8,29
1789008939,8195,1923127,2888904,1282552,1504668,2954440,0,1265984,16560,8,29
1789008941,8197,1923127,2888904,1282552,1504668,2954440,0,1265984,16560,8,29
1789008943,8199,1923127,2888904,1282552,1504668,2954440,0,1265984,16560,8,29
1789008945,8201,1923127,2888904,1282552,1504668,2954440,0,1265984,16560,8,29
1789008947,8203,1923127,2888904,1282552,1504668,2954440,0,1265984,16560,8,29
1789008949,8205,1923127,2888904,1282552,1504668,2954440,0,1265984,16560,8,29
1789008951,8207,1923127,2888904,1282552,1504668,2954440,0,1265984,16560,8,29
1789008953,8209,1923127,2888904,1282552,1504668,2954440,0,1265984,16560,8,29
1789008955,8211,1923127,2888904,1282552,1504668,2954440,0,1265984,16560,8,29
1789008957,8213,1923127,2888904,1282552,1504668,2954440,0,1265984,16560,8,29
1789008959,8215,1923127,2888904,1282552,1504668,2954440,0,1265984,16560,8,29
1789008961,8217,1923127,2888904,1282552,1504668,2954440,0,1265984,16560,8,29
1789008963,8219,1923127,2888904,1282552,1504668,2954440,0,1265984,16560,8,29
1789008965,8221,1923127,2888904,1282552,1504668,2954440,0,1265984,16560,8,29
1789008967,8223,1923127,2888904,1282552,1504668,2954440,0,1265984,16560,8,29
1789008969,8225,1923127,2888904,1282552,1504668,2954440,0,1265984,16560,8,29
1789008971,8227,1923127,2888904,1282552,1504668,2954440,0,1265984,16560,8,29
1789008973,8229,1923127,2888904,1282552,1504668,2954440,0,1265984,16560,8,29
1789008975,8231,1923127,2888904,1282552,1504668,2954440,0,1265984,16560,8,29
1789008977,8233,1923127,2888904,1282552,1504668,2954440,0,1265984,16560,8,29
1789008979,8235,1923127,2888904,1282552,1504668,2954440,0,1265984,16560,8,29
1789008981,8237,1923127,2888904,1282552,1504668,2954440,0,1265984,16560,8,29
1789008983,8239,1923127,2888904,1282552,1504668,2954440,0,1265984,16560,8,29
1789008985,8241,1923127,2888904,1282552,1504668,2954440,0,1265984,16560,8,29
1789008988,8244,1923127,2888904,1282552,1504668,2954440,0,1265984,16560,8,29
1789008989,8245,1923127,2888904,1282552,1504668,2954440,0,1265984,16560,8,29
1789008991,8247,1923127,2888904,1282552,1504668,2954440,0,1265984,16560,8,29
1789008993,8249,1923127,2888904,1282552,1504668,2954440,0,1265984,16560,8,29
1789008995,8251,1923127,2888904,1282552,1504668,2954440,0,1265984,16560,8,29
1789008997,8253,1923127,2888904,1282552,1504668,2954440,0,1265984,16560,8,29
1789008999,8255,1923127,2888904,1282552,1504668,2954440,0,1265984,16560,8,29
1789009001,8257,1923127,2888904,1282552,1504668,2954440,0,1265984,16560,8,29
1789009003,8259,1923127,2888904,1282552,1504668,2954440,0,1265984,16560,8,29
1789009005,8261,1923127,2888904,1282552,1504668,2954440,0,1265984,16560,8,29
1789009007,8263,1923127,2888904,1282552,1504668,2954440,0,1265984,16560,8,29
1789009009,8265,1923127,2888904,1282552,1504668,2954440,0,1265984,16560,8,29
1789009011,8267,1923127,2888904,1282552,1504668,2954440,0,1265984,16560,8,29
1789009013,8269,1923127,2888904,1282552,1504668,2954440,0,1265984,16560,8,29
1789009015,8271,1923127,2888904,1282552,1504668,2954440,0,1265984,16560,8,29
1789009017,8273,1923127,2888904,1282552,1504668,2954440,0,1265984,16560,8,29
1789009019,8275,1923127,2888904,1282552,1504668,2954440,0,1265984,16560,8,29
1789009021,8277,1923127,2888904,1282552,1504668,2954440,0,1265984,16560,8,29
1789009023,8279,1923127,2888904,1282552,1504668,2954440,0,1265984,16560,8,29
1789009025,8281,1923127,2888904,1282552,1504668,2954440,0,1265984,16560,8,29
1789009027,8283,1923127,2888904,1282552,1504668,2954440,0,1265984,16560,8,29
1789009029,8285,1923127,2888904,1282552,1504668,2954440,0,1265984,16560,8,29
1789009031,8287,1923127,2888904,1282552,1504668,2954440,0,1265984,16560,8,29
1789009033,8289,1923127,2888904,1282552,1504668,2954440,0,1265984,16560,8,29
1789009035,8291,1923127,2888904,1282552,1504668,2954440,0,1265984,16560,8,29
1789009037,8293,1923127,2888904,1282552,1504668,2954440,0,1265984,16560,8,29
1789009039,8295,1923127,2888904,1282552,1504668,2954440,0,1265984,16560,8,29
1789009041,8297,1923127,2888904,1282552,1504668,2954440,0,1265984,16560,8,29
1789009043,8299,1923127,2888904,1282552,1504668,2954440,0,1265984,16560,8,29
1789009045,8301,1923127,2888904,1282552,1504668,2954440,0,1265984,16560,8,29
1789009047,8303,1923127,2888904,1282552,1504668,2954440,0,1265984,16560,8,29
1789009049,8305,1923127,2888904,1282552,1504668,2954440,0,1265984,16560,8,29
1789009052,8308,1923127,2888904,1282552,1504668,2954440,0,1265984,16560,8,29
1789009053,8309,1923127,2888904,1282552,1504668,2954440,0,1265984,16560,8,29
1789009055,8311,1923127,2888904,1282552,1504668,2954440,0,1265984,16560,8,29
1789009057,8313,1923127,2888904,1282552,1504668,2954440,0,1265984,16560,8,29
1789009059,8315,1923127,2888904,1282552,1504668,2954440,0,1265984,16560,8,29
1789009061,8317,1923127,2888904,1282552,1504668,2954440,0,1265984,16560,8,29
1789009063,8319,1923127,2888904,1282552,1504668,2954440,0,1265984,16560,8,29
1789009065,8321,1923127,2888904,1282552,1504668,2954440,0,1265984,16560,8,29
1789009067,8323,1923127,2888904,1282552,1504668,2954440,0,1265984,16560,8,29
1789009069,8325,1923127,2888904,1282552,1504668,2954440,0,1265984,16560,8,29
1789009071,8327,1923127,2888904,1282552,1504668,2954440,0,1265984,16560,8,29
1789009073,8329,1923127,2888904,1282552,1504668,2954440,0,1265984,16560,8,29
1789009075,8331,1923127,2888904,1282552,1504668,2954440,0,1265984,16560,8,29
1789009077,8333,1923127,2888904,1282552,1504668,2954440,0,1265984,16560,8,29
1789009079,8335,1923127,2888904,1282552,1504668,2954440,0,1265984,16560,8,29
1789009081,8337,1923127,2888904,1282552,1504668,2954440,0,1265984,16560,8,29
1789009084,8340,1923127,2888904,1282552,1504668,2954440,0,1265984,16560,8,29
1789009085,8341,1923127,2888904,1282552,1504668,2954440,0,1265984,16560,8,29
1789009087,8343,1923127,2888904,1282552,1504668,2954440,0,1265984,16560,8,29
1789009089,8345,1923127,2888904,1282552,1504668,2954440,0,1265984,16560,8,29
1789009091,8347,1923127,2888904,1282552,1504668,2954440,0,1265984,16560,8,29
1789009093,8349,1923127,2888904,1282552,1504668,2954440,0,1265984,16560,8,29
1789009095,8351,1923127,2888904,1282552,1504668,2954440,0,1265984,16560,8,29
1789009097,8353,1923127,2888904,1282552,1504668,2954440,0,1265984,16560,8,29
1789009099,8355,1923127,2888904,1282552,1504668,2954440,0,1265984,16560,8,29
1789009101,8357,1923127,2888904,1282552,1504668,2954440,0,1265984,16560,8,29
1789009103,8359,1923127,2888904,1282552,1504668,2954440,0,1265984,16560,8,29
1789009105,8361,1923127,2888904,1282552,1504668,2954440,0,1265984,16560,8,29
1789009107,8363,1923127,2888904,1282552,1504668,2954440,0,1265984,16560,8,29
1789009109,8365,1923127,2888904,1282552,1504668,2954440,0,1265984,16560,8,29
1789009111,8367,1923127,2888904,1282552,1504668,2954440,0,1265984,16560,8,29
1789009114,8370,1923127,2888904,1282552,1504668,2954440,0,1265984,16560,8,29
1789009115,8371,1923127,2888904,1282552,1504668,2954440,0,1265984,16560,8,29
1789009117,8373,1923127,2888904,1282552,1504668,2954440,0,1265984,16560,8,29
1789009119,8375,1923127,2888904,1282552,1504668,2954440,0,1265984,16560,8,29
1789009121,8377,1923127,2888904,1282552,1504668,2954440,0,1265984,16560,8,29
1789009123,8379,1923127,2888904,1282552,1504668,2954440,0,1265984,16560,8,29
1789009125,8381,1923127,2888904,1282552,1504668,2954440,0,1265984,16560,8,29
1789009127,8383,1923127,2888904,1282552,1504668,2954440,0,1265984,16560,8,29
1789009129,8385,1923127,2888904,1282552,1504668,2954440,0,1265984,16560,8,29
1789009131,8387,1923127,2888904,1282552,1504668,2954440,0,1265984,16560,8,29
1789009133,8389,1923127,2888904,1282552,1504668,2954440,0,1265984,16560,8,29
1789009135,8391,1923127,2888904,1282552,1504668,2954440,0,1265984,16560,8,29
1789009137,8393,1923127,2888904,1282552,1504668,2954440,0,1265984,16560,8,29
1789009139,8395,1923127,2888904,1282552,1504668,2954440,0,1265984,16560,8,29
1789009141,8397,1923127,2888904,1282552,1504668,2954440,0,1265984,16560,8,29
1789009143,8399,1923127,2888904,1282552,1504668,2954440,0,1265984,16560,8,29
1789009146,8402,1923127,2888904,1282552,1504668,2954440,0,1265984,16560,8,29
1789009148,8404,1923127,2888904,1282552,1504668,2954440,0,1265984,16560,8,29
1789009150,8406,1923127,2888904,1282552,1504668,2954440,0,1265984,16560,8,29
1789009152,8408,1923127,2888904,1282552,1504668,2954440,0,1265984,16560,8,29
1789009154,8410,1923127,2888904,1282552,1504668,2954440,0,1265984,16560,8,29
1789009156,8412,1923127,2888904,1282552,1504668,2954440,0,1265984,16560,8,29
1789009158,8414,1923127,2888904,1282552,1504668,2954440,0,1265984,16560,8,29
1789009160,8416,1923127,2888904,1282552,1504668,2954440,0,1265984,16560,8,29
1789009162,8418,1923127,2888904,1282552,1504668,2954440,0,1265984,16560,8,29
1789009164,8420,1923127,2888904,1282552,1504668,2954440,0,1265984,16560,8,29
1789009166,8422,1923127,2888904,1282552,1504668,2954440,0,1265984,16560,8,29
1789009168,8424,1923127,2888904,1282552,1504668,2954440,0,1265984,16560,8,29
1789009170,8426,1923127,2888904,1282552,1504668,2954440,0,1265984,16560,8,29
1789009172,8428,1923127,2888904,1282552,1504668,2954440,0,1265984,16560,8,29
1789009174,8430,1923127,2888904,1282552,1504668,2954440,0,1265984,16560,8,29
1789009176,8432,1923127,2888904,1282552,1504668,2954440,0,1265984,16560,8,29
1789009178,8434,1923127,2888904,1282552,1504668,2954440,0,1265984,16560,8,29
1789009180,8436,1923127,2888904,1282552,1504668,2954440,0,1265984,16560,8,29
1789009182,8438,1923127,2888904,1282552,1504668,2954440,0,1265984,16560,8,29
1789009184,8440,1923127,2888904,1282552,1504668,2954440,0,1265984,16560,8,29
1789009186,8442,1923127,2888904,1282552,1504668,2954440,0,1265984,16560,8,29
1789009188,8444,1923127,2888904,1282552,1504668,2954440,0,1265984,16560,8,29
1789009190,8446,1923127,2888904,1282552,1504668,2954440,0,1265984,16560,8,29
1789009192,8448,1923127,2888904,1282552,1504668,2954440,0,1265984,16560,8,29
1789009194,8450,1923127,2888904,1282552,1504668,2954440,0,1265984,16560,8,29
1789009196,8452,1923127,2888904,1282552,1504668,2954440,0,1265984,16560,8,29
1789009198,8454,1923127,2888904,1282552,1504668,2954440,0,1265984,16560,8,29
1789009200,8456,1923127,2888904,1282552,1504668,2954440,0,1265984,16560,8,29
1789009202,8458,1923127,2888904,1282552,1504668,2954440,0,1265984,16560,8,29
1789009204,8460,1923127,2888904,1282552,1504668,2954440,0,1265984,16560,8,29
1789009206,8462,1923127,2888904,1282552,1504668,2954440,0,1265984,16560,8,29
1789009208,8464,1923127,2888904,1282552,1504668,2954440,0,1265984,16560,8,29
1789009210,8466,1923127,2888904,1282552,1504668,2954440,0,1265984,16560,8,29
1789009212,8468,1923127,2888904,1282552,1504668,2954440,0,1265984,16560,8,29
1789009214,8470,1923127,2888904,1282552,1504668,2954440,0,1265984,16560,8,29
1789009216,8472,1923127,2888904,1282552,1504668,2954440,0,1265984,16560,8,29
1789009218,8474,1923127,2888904,1282552,1504668,2954440,0,1265984,16560,8,29
1789009220,8476,1923127,2888904,1282552,1504668,2954440,0,1265984,16560,8,29
1789009222,8478,1923127,2888904,1282552,1504668,2954440,0,1265984,16560,8,29
1789009224,8480,1923127,2888904,1282552,1504668,2954440,0,1265984,16560,8,29
1789009226,8482,1923127,2888904,1282552,1504668,2954440,0,1265984,16560,8,29
1789009228,8484,1923127,2888904,1282552,1504668,2954440,0,1265984,16560,8,29
1789009230,8486,1923127,2888904,1282552,1504668,2954440,0,1265984,16560,8,29
1789009232,8488,1923127,2888904,1282552,1504668,2954440,0,1265984,16560,8,29
1789009234,8490,1923127,2888904,1282552,1504668,2954440,0,1265984,16560,8,29
1789009237,8493,1923127,2888904,1282552,1504668,2954440,0,1265984,16560,8,29
1789009239,8495,1923127,2888904,1282552,1504668,2954440,0,1265984,16560,8,29
1789009241,8497,1923127,2888904,1282552,1504668,2954440,0,1265984,16560,8,29
1789009243,8499,1923127,2888904,1282552,1504668,2954440,0,1265984,16560,8,29
1789009245,8501,1923127,2888904,1282552,1504668,2954440,0,1265984,16560,8,29
1789009247,8503,1923127,2888904,1282552,1504668,2954440,0,1265984,16560,8,29
1789009249,8505,1923127,2888904,1282552,1504668,2954440,0,1265984,16560,8,29
1789009251,8507,1923127,2888904,1282552,1504668,2954440,0,1265984,16560,8,29
1789009253,8509,1923127,2888904,1282552,1504668,2954440,0,1265984,16560,8,29
1789009255,8511,1923127,2888904,1282552,1504668,2954440,0,1265984,16560,8,29
1789009257,8513,1923127,2888904,1282552,1504668,2954440,0,1265984,16560,8,29
1789009259,8515,1923127,2888904,1282552,1504668,2954440,0,1265984,16560,8,29
1789009261,8517,1923127,2888904,1282552,1504668,2954440,0,1265984,16560,8,29
1789009263,8519,1923127,2888904,1282552,1504668,2954440,0,1265984,16560,8,29
1789009265,8521,1923127,2888904,1282552,1504668,2954440,0,1265984,16560,8,29
1789009268,8524,1923127,2888904,1282552,1504668,2954440,0,1265984,16560,8,29
1789009270,8526,1923127,2888904,1282552,1504668,2954440,0,1265984,16560,8,29
1789009272,8528,1923127,2888904,1282552,1504668,2954440,0,1265984,16560,8,29
1789009274,8530,1923127,2888904,1282552,1504668,2954440,0,1265984,16560,8,29
1789009276,8532,1923127,2888904,1282552,1504668,2954440,0,1265984,16560,8,29
1789009278,8534,1923127,2888904,1282552,1504668,2954440,0,1265984,16560,8,29
1789009280,8536,1923127,2888904,1282552,1504668,2954440,0,1265984,16560,8,29
1789009282,8538,1923127,2888904,1282552,1504668,2954440,0,1265984,16560,8,29
1789009284,8540,1923127,2888904,1282552,1504668,2954440,0,1265984,16560,8,29
1789009286,8542,1923127,2888904,1282552,1504668,2954440,0,1265984,16560,8,29
1789009288,8544,1923127,2888904,1282552,1504668,2954440,0,1265984,16560,8,29
1789009290,8546,1923127,2888904,1282552,1504668,2954440,0,1265984,16560,8,29
1789009292,8548,1923127,2888904,1282552,1504668,2954440,0,1265984,16560,8,29
1789009294,8550,1923127,2888904,1282552,1504668,2954440,0,1265984,16560,8,29
1789009296,8552,1923127,2888904,1282552,1504668,2954440,0,1265984,16560,8,29
1789009298,8554,1923127,2888904,1282552,1504668,2954440,0,1265984,16560,8,29
1789009301,8557,1923127,2888904,1282552,1504668,2954440,0,1265984,16560,8,29
1789009302,8558,1923127,2888904,1282552,1504668,2954440,0,1265984,16560,8,29
1789009304,8560,1923127,2888904,1282552,1504668,2954440,0,1265984,16560,8,29
1789009306,8562,1923127,2888904,1282556,1504668,2954440,0,1265988,16560,8,29
1789009308,8564,1923127,2888904,1282556,1504668,2954440,0,1265988,16560,8,29
1789009310,8566,1923127,2888904,1282556,1504668,2954440,0,1265988,16560,8,29
1789009312,8568,1923127,2888904,1282556,1504668,2954440,0,1265988,16560,8,29
1789009314,8570,1923127,2888904,1282556,1504668,2954440,0,1265988,16560,8,29
1789009316,8572,1923127,2888904,1282556,1504668,2954440,0,1265988,16560,8,29
1789009318,8574,1923127,2888904,1282556,1504668,2954440,0,1265988,16560,8,29
1789009320,8576,1923127,2888904,1282556,1504668,2954440,0,1265988,16560,8,29
1789009322,8578,1923127,2888904,1282556,1504668,2954440,0,1265988,16560,8,29
1789009324,8580,1923127,2888904,1282556,1504668,2954440,0,1265988,16560,8,29
1789009326,8582,1923127,2888904,1282556,1504668,2954440,0,1265988,16560,8,29
1789009328,8584,1923127,2888904,1282556,1504668,2954440,0,1265988,16560,8,29
1789009330,8586,1923127,2888904,1282556,1504668,2954440,0,1265988,16560,8,29
1789009332,8588,1923127,2888904,1282556,1504668,2954440,0,1265988,16560,8,29
1789009334,8590,1923127,2888904,1282556,1504668,2954440,0,1265988,16560,8,29
1789009336,8592,1923127,2888904,1282556,1504668,2954440,0,1265988,16560,8,29
1789009338,8594,1923127,2888904,1282556,1504668,2954440,0,1265988,16560,8,29
1789009340,8596,1923127,2888904,1282556,1504668,2954440,0,1265988,16560,8,29
1789009342,8598,1923127,2888904,1282556,1504668,2954440,0,1265988,16560,8,29
1789009344,8600,1923127,2888904,1282556,1504668,2954440,0,1265988,16560,8,29
1789009346,8602,1923127,2888904,1282556,1504668,2954440,0,1265988,16560,8,29
1789009348,8604,1923127,2888904,1282556,1504668,2954440,0,1265988,16560,8,29
1789009350,8606,1923127,2888904,1282556,1504668,2954440,0,1265988,16560,8,29
1789009352,8608,1923127,2888904,1282556,1504668,2954440,0,1265988,16560,8,29
1789009354,8610,1923127,2888904,1282556,1504668,2954440,0,1265988,16560,8,29
1789009356,8612,1923127,2888904,1282556,1504668,2954440,0,1265988,16560,8,29
1789009358,8614,1923127,2888904,1282556,1504668,2954440,0,1265988,16560,8,29
1789009360,8616,1923127,2888904,1282556,1504668,2954440,0,1265988,16560,8,29
1789009362,8618,1923127,2888904,1282556,1504668,2954440,0,1265988,16560,8,29
1789009364,8620,1923127,2888904,1282556,1504668,2954440,0,1265988,16560,8,29
1789009366,8622,1923127,2888904,1282556,1504668,2954440,0,1265988,16560,8,29
1789009368,8624,1923127,2888904,1282556,1504668,2954440,0,1265988,16560,8,29
1789009370,8626,1923127,2888904,1282556,1504668,2954440,0,1265988,16560,8,29
1789009372,8628,1923127,2888904,1282556,1504668,2954440,0,1265988,16560,8,29
1789009374,8630,1923127,2888904,1282556,1504668,2954440,0,1265988,16560,8,29
1789009376,8632,1923127,2888904,1282556,1504668,2954440,0,1265988,16560,8,29
1789009378,8634,1923127,2888904,1282556,1504668,2954440,0,1265988,16560,8,29
1789009380,8636,1923127,2888904,1282556,1504668,2954440,0,1265988,16560,8,29
1789009382,8638,1923127,2888904,1282556,1504668,2954440,0,1265988,16560,8,29
1789009384,8640,1923127,2888904,1282556,1504668,2954440,0,1265988,16560,8,29
1789009386,8642,1923127,2888904,1282556,1504668,2954440,0,1265988,16560,8,29
1789009388,8644,1923127,2888904,1282556,1504668,2954440,0,1265988,16560,8,29
1789009390,8646,1923127,2888904,1282556,1504668,2954440,0,1265988,16560,8,29
1789009392,8648,1923127,2888904,1282556,1504668,2954440,0,1265988,16560,8,29
1789009394,8650,1923127,2888904,1282556,1504668,2954440,0,1265988,16560,8,29
1789009396,8652,1923127,2888904,1282556,1504668,2954440,0,1265988,16560,8,29
1789009398,8654,1923127,2888904,1282556,1504668,2954440,0,1265988,16560,8,29
1789009400,8656,1923127,2888904,1282556,1504668,2954440,0,1265988,16560,8,29
1789009402,8658,1923127,2888904,1282556,1504668,2954440,0,1265988,16560,8,29
1789009404,8660,1923127,2888904,1282556,1504668,2954440,0,1265988,16560,8,29
1789009406,8662,1923127,2888904,1282556,1504668,2954440,0,1265988,16560,8,29
1789009408,8664,1923127,2888904,1282556,1504668,2954440,0,1265988,16560,8,29
1789009410,8666,1923127,2888904,1282556,1504668,2954440,0,1265988,16560,8,29
1789009412,8668,1923127,2888904,1282556,1504668,2954440,0,1265988,16560,8,29
1789009414,8670,1923127,2888904,1282556,1504668,2954440,0,1265988,16560,8,29
1789009416,8672,1923127,2888904,1282556,1504668,2954440,0,1265988,16560,8,29
1789009418,8674,1923127,2888904,1282556,1504668,2954440,0,1265988,16560,8,29
1789009420,8676,1923127,2888904,1282556,1504668,2954440,0,1265988,16560,8,29
1789009422,8678,1923127,2888904,1282556,1504668,2954440,0,1265988,16560,8,29
1789009424,8680,1923127,2888904,1282556,1504668,2954440,0,1265988,16560,8,29
1789009427,8683,1923127,2888904,1282556,1504668,2954440,0,1265988,16560,8,29
1789009428,8684,1923127,2888904,1282556,1504668,2954440,0,1265988,16560,8,29
1789009430,8686,1923127,2888904,1282556,1504668,2954440,0,1265988,16560,8,29
1789009432,8688,1923127,2888904,1282556,1504668,2954440,0,1265988,16560,8,29
1789009434,8690,1923127,2888904,1282556,1504668,2954440,0,1265988,16560,8,29
1789009436,8692,1923127,2888904,1282556,1504668,2954440,0,1265988,16560,8,29
1789009438,8694,1923127,2888904,1282556,1504668,2954440,0,1265988,16560,8,29
1789009440,8696,1923127,2888904,1282556,1504668,2954440,0,1265988,16560,8,29
1789009442,8698,1923127,2888904,1282556,1504668,2954440,0,1265988,16560,8,29
1789009444,8700,1923127,2888904,1282556,1504668,2954440,0,1265988,16560,8,29
1789009446,8702,1923127,2888904,1282556,1504668,2954440,0,1265988,16560,8,29
1789009448,8704,1923127,2888904,1282556,1504668,2954440,0,1265988,16560,8,29
1789009450,8706,1923127,2888904,1282556,1504668,2954440,0,1265988,16560,8,29
1789009452,8708,1923127,2888904,1282556,1504668,2954440,0,1265988,16560,8,29
1789009454,8710,1923127,2888904,1282556,1504668,2954440,0,1265988,16560,8,29
1789009457,8713,1923127,2888904,1282556,1504668,2954440,0,1265988,16560,8,29
1789009458,8714,1923127,2888904,1282556,1504668,2954440,0,1265988,16560,8,29
1789009460,8716,1923127,2888904,1282556,1504668,2954440,0,1265988,16560,8,29
1789009462,8718,1923127,2888904,1282556,1504668,2954440,0,1265988,16560,8,29
1789009464,8720,1923127,2888904,1282556,1504668,2954440,0,1265988,16560,8,29
1789009466,8722,1923127,2888904,1282556,1504668,2954440,0,1265988,16560,8,29
1789009468,8724,1923127,2888904,1282556,1504668,2954440,0,1265988,16560,8,29
1789009470,8726,1923127,2888904,1282556,1504668,2954440,0,1265988,16560,8,29
1789009472,8728,1923127,2888904,1282556,1504668,2954440,0,1265988,16560,8,29
1789009474,8730,1923127,2888904,1282556,1504668,2954440,0,1265988,16560,8,29
1789009476,8732,1923127,2888904,1282556,1504668,2954440,0,1265988,16560,8,29
1789009478,8734,1923127,2888904,1282556,1504668,2954440,0,1265988,16560,8,29
1789009480,8736,1923127,2888904,1282556,1504668,2954440,0,1265988,16560,8,29
1789009482,8738,1923127,2888904,1282556,1504668,2954440,0,1265988,16560,8,29
1789009484,8740,1923127,2888904,1282556,1504668,2954440,0,1265988,16560,8,29
1789009486,8742,1923127,2888904,1282556,1504668,2954440,0,1265988,16560,8,29
1789009488,8744,1923127,2888904,1282556,1504668,2954440,0,1265988,16560,8,29
1789009491,8747,1923127,2888904,1282556,1504668,2954440,0,1265988,16560,8,29
1789009493,8749,1923127,2888904,1282556,1504668,2954440,0,1265988,16560,8,29
1789009495,8751,1923127,2888904,1282556,1504668,2954440,0,1265988,16560,8,29
1789009497,8753,1923127,2888904,1282556,1504668,2954440,0,1265988,16560,8,29
1789009499,8755,1923127,2888904,1282556,1504668,2954440,0,1265988,16560,8,29
1789009501,8757,1923127,2888904,1282556,1504668,2954440,0,1265988,16560,8,29
1789009503,8759,1923127,2888904,1282556,1504668,2954440,0,1265988,16560,8,29
1789009505,8761,1923127,2888904,1282556,1504668,2954440,0,1265988,16560,8,29
1789009507,8763,1923127,2888904,1282556,1504668,2954440,0,1265988,16560,8,29
1789009509,8765,1923127,2888904,1282556,1504668,2954440,0,1265988,16560,8,29
1789009511,8767,1923127,2888904,1282556,1504668,2954440,0,1265988,16560,8,29
1789009513,8769,1923127,2888904,1282556,1504668,2954440,0,1265988,16560,8,29
1789009515,8771,1923127,2888904,1282556,1504668,2954440,0,1265988,16560,8,29
1789009517,8773,1923127,2888904,1282556,1504668,2954440,0,1265988,16560,8,29
1789009519,8775,1923127,2888904,1282556,1504668,2954440,0,1265988,16560,8,29
1789009521,8777,1923127,2888904,1282556,1504668,2954440,0,1265988,16560,8,29
1789009524,8780,1923127,2888904,1282556,1504668,2954440,0,1265988,16560,8,29
1789009526,8782,1923127,2888904,1282556,1504668,2954440,0,1265988,16560,8,29
1789009528,8784,1923127,2888904,1282556,1504668,2954440,0,1265988,16560,8,29
1789009530,8786,1923127,2888904,1282556,1504668,2954440,0,1265988,16560,8,29
1789009532,8788,1923127,2888904,1282556,1504668,2954440,0,1265988,16560,8,29
1789009534,8790,1923127,2888904,1282556,1504668,2954440,0,1265988,16560,8,29
1789009536,8792,1923127,2888904,1282556,1504668,2954440,0,1265988,16560,8,29
1789009538,8794,1923127,2888904,1282556,1504668,2954440,0,1265988,16560,8,29
1789009540,8796,1923127,2888904,1282556,1504668,2954440,0,1265988,16560,8,29
1789009542,8798,1923127,2888904,1282556,1504668,2954440,0,1265988,16560,8,29
1789009544,8800,1923127,2888904,1282556,1504668,2954440,0,1265988,16560,8,29
1789009546,8802,1923127,2888904,1282556,1504668,2954440,0,1265988,16560,8,29
1789009548,8804,1923127,2888904,1282556,1504668,2954440,0,1265988,16560,8,29
1789009550,8806,1923127,2888904,1282556,1504668,2954440,0,1265988,16560,8,29
1789009552,8808,1923127,2888904,1282556,1504668,2954440,0,1265988,16560,8,29
1789009554,8810,1923127,2888904,1282556,1504668,2954440,0,1265988,16560,8,29
1789009556,8812,1923127,2888904,1282556,1504668,2954440,0,1265988,16560,8,29
1789009558,8814,1923127,2888904,1282556,1504668,2954440,0,1265988,16560,8,29
1789009560,8816,1923127,2888904,1282556,1504668,2954440,0,1265988,16560,8,29
1789009562,8818,1923127,2888904,1282556,1504668,2954440,0,1265988,16560,8,29
1789009564,8820,1923127,2888904,1282556,1504668,2954440,0,1265988,16560,8,29
