ts,run_rel_s,pid,VmSize_kb,VmRSS_kb,VmData_kb,VmPeak_kb,VmSwap_kb,RssAnon_kb,RssFile_kb,RssShmem_kb,Threads
1789023367,5880,2011183,2888904,1269212,1490664,2888928,0,1252976,16228,8,29
1789023369,5882,2011183,2888904,1269212,1490664,2888928,0,1252976,16228,8,29
1789023371,5884,2011183,2888904,1269212,1490664,2888928,0,1252976,16228,8,29
1789023373,5886,2011183,2888904,1269212,1490664,2888928,0,1252976,16228,8,29
1789023375,5888,2011183,2888904,1269212,1490664,2888928,0,1252976,16228,8,29
1789023377,5890,2011183,2888904,1269212,1490664,2888928,0,1252976,16228,8,29
1789023379,5892,2011183,2888904,1269212,1490664,2888928,0,1252976,16228,8,29
1789023381,5894,2011183,2888904,1269212,1490664,2888928,0,1252976,16228,8,29
1789023383,5896,2011183,2888904,1269212,1490664,2888928,0,1252976,16228,8,29
1789023386,5899,2011183,2888904,1269212,1490664,2888928,0,1252976,16228,8,29
1789023387,5900,2011183,2888904,1269212,1490664,2888928,0,1252976,16228,8,29
1789023390,5903,2011183,2888904,1269212,1490664,2888928,0,1252976,16228,8,29
1789023391,5904,2011183,2888916,1269212,1490672,2888928,0,1252976,16228,8,30
1789023393,5906,2011183,2888904,1269212,1490664,2888928,0,1252976,16228,8,29
1789023395,5908,2011183,2888904,1269212,1490664,2888928,0,1252976,16228,8,29
1789023397,5910,2011183,2888904,1269212,1490664,2888928,0,1252976,16228,8,29
1789023399,5912,2011183,2888904,1269212,1490664,2888928,0,1252976,16228,8,29
1789023401,5914,2011183,2888904,1269212,1490664,2888928,0,1252976,16228,8,29
1789023403,5916,2011183,2888904,1269212,1490664,2888928,0,1252976,16228,8,29
1789023405,5918,2011183,2888904,1269212,1490664,2888928,0,1252976,16228,8,29
1789023407,5920,2011183,2888904,1269212,1490664,2888928,0,1252976,16228,8,29
1789023409,5922,2011183,2888904,1269212,1490664,2888928,0,1252976,16228,8,29
1789023411,5924,2011183,2888904,1269212,1490664,2888928,0,1252976,16228,8,29
1789023413,5926,2011183,2888904,1269212,1490664,2888928,0,1252976,16228,8,29
1789023415,5928,2011183,2888904,1269212,1490664,2888928,0,1252976,16228,8,29
1789023417,5930,2011183,2888904,1269212,1490664,2888928,0,1252976,16228,8,29
1789023419,5932,2011183,2888904,1269212,1490664,2888928,0,1252976,16228,8,29
1789023421,5934,2011183,2888904,1269212,1490664,2888928,0,1252976,16228,8,29
1789023423,5936,2011183,2888904,1269212,1490664,2888928,0,1252976,16228,8,29
1789023425,5938,2011183,2888904,1269212,1490664,2888928,0,1252976,16228,8,29
1789023427,5940,2011183,2888904,1269212,1490664,2888928,0,1252976,16228,8,29
1789023429,5942,2011183,2888904,1269212,1490664,2888928,0,1252976,16228,8,29
1789023431,5944,2011183,2888904,1269212,1490664,2888928,0,1252976,16228,8,29
1789023433,5946,2011183,2888904,1269212,1490664,2888928,0,1252976,16228,8,29
1789023436,5949,2011183,2888904,1269212,1490664,2888928,0,1252976,16228,8,29
1789023437,5950,2011183,2888904,1269212,1490664,2888928,0,1252976,16228,8,29
1789023439,5952,2011183,2888904,1269212,1490664,2888928,0,1252976,16228,8,29
1789023441,5954,2011183,2888904,1269212,1490664,2888928,0,1252976,16228,8,29
1789023444,5957,2011183,2888904,1269212,1490664,2888928,0,1252976,16228,8,29
1789023445,5958,2011183,2888904,1269212,1490664,2888928,0,1252976,16228,8,29
1789023447,5960,2011183,2888904,1269212,1490664,2888928,0,1252976,16228,8,29
1789023449,5962,2011183,2888904,1269212,1490664,2888928,0,1252976,16228,8,29
1789023451,5964,2011183,2888904,1269212,1490664,2888928,0,1252976,16228,8,29
1789023453,5966,2011183,2888904,1269212,1490664,2888928,0,1252976,16228,8,29
1789023455,5968,2011183,2888904,1269212,1490664,2888928,0,1252976,16228,8,29
1789023457,5970,2011183,2888904,1269212,1490664,2888928,0,1252976,16228,8,29
1789023459,5972,2011183,2888904,1269212,1490664,2888928,0,1252976,16228,8,29
1789023461,5974,2011183,2888904,1269212,1490664,2888928,0,1252976,16228,8,29
1789023463,5976,2011183,2888904,1269212,1490664,2888928,0,1252976,16228,8,29
1789023465,5978,2011183,2888904,1269212,1490664,2888928,0,1252976,16228,8,29
1789023467,5980,2011183,2888904,1269212,1490664,2888928,0,1252976,16228,8,29
1789023469,5982,2011183,2888904,1269212,1490664,2888928,0,1252976,16228,8,29
1789023471,5984,2011183,2888904,1269212,1490664,2888928,0,1252976,16228,8,29
1789023473,5986,2011183,2888904,1269212,1490664,2888928,0,1252976,16228,8,29
1789023475,5988,2011183,2888904,1269212,1490664,2888928,0,1252976,16228,8,29
1789023477,5990,2011183,2888904,1269212,1490664,2888928,0,1252976,16228,8,29
1789023479,5992,2011183,2888904,1269212,1490664,2888928,0,1252976,16228,8,29
1789023481,5994,2011183,2888904,1269212,1490664,2888928,0,1252976,16228,8,29
1789023483,5996,2011183,2888904,1269212,1490664,2888928,0,1252976,16228,8,29
1789023485,5998,2011183,2888904,1269212,1490664,2888928,0,1252976,16228,8,29
1789023487,6000,2011183,2888904,1269212,1490664,2888928,0,1252976,16228,8,29
1789023489,6002,2011183,2888904,1269212,1490664,2888928,0,1252976,16228,8,29
1789023491,6004,2011183,2888904,1269212,1490664,2888928,0,1252976,16228,8,29
1789023493,6006,2011183,2888904,1269212,1490664,2888928,0,1252976,16228,8,29
1789023495,6008,2011183,2888904,1269212,1490664,2888928,0,1252976,16228,8,29
1789023497,6010,2011183,2888904,1269212,1490664,2888928,0,1252976,16228,8,29
1789023499,6012,2011183,2888904,1269212,1490664,2888928,0,1252976,16228,8,29
1789023501,6014,2011183,2888904,1269212,1490664,2888928,0,1252976,16228,8,29
1789023503,6016,2011183,2888904,1269212,1490664,2888928,0,1252976,16228,8,29
1789023505,6018,2011183,2888904,1269212,1490664,2888928,0,1252976,16228,8,29
1789023507,6020,2011183,2888904,1269212,1490664,2888928,0,1252976,16228,8,29
1789023509,6022,2011183,2888904,1269212,1490664,2888928,0,1252976,16228,8,29
1789023511,6024,2011183,2888904,1269212,1490664,2888928,0,1252976,16228,8,29
1789023513,6026,2011183,2888904,1269212,1490664,2888928,0,1252976,16228,8,29
1789023515,6028,2011183,2888904,1269212,1490664,2888928,0,1252976,16228,8,29
1789023518,6031,2011183,2888904,1269212,1490664,2888928,0,1252976,16228,8,29
1789023519,6032,2011183,2888904,1269212,1490664,2888928,0,1252976,16228,8,29
1789023521,6034,2011183,2888904,1269212,1490664,2888928,0,1252976,16228,8,29
1789023523,6036,2011183,2888904,1269212,1490664,2888928,0,1252976,16228,8,29
1789023525,6038,2011183,2888904,1269212,1490664,2888928,0,1252976,16228,8,29
1789023527,6040,2011183,2888904,1269212,1490664,2888928,0,1252976,16228,8,29
1789023529,6042,2011183,2888904,1269212,1490664,2888928,0,1252976,16228,8,29
1789023531,6044,2011183,2888904,1269212,1490664,2888928,0,1252976,16228,8,29
1789023533,6046,2011183,2888904,1269212,1490664,2888928,0,1252976,16228,8,29
1789023535,6048,2011183,2888904,1269212,1490664,2888928,0,1252976,16228,8,29
1789023537,6050,2011183,2888904,1269212,1490664,2888928,0,1252976,16228,8,29
1789023539,6052,2011183,2888904,1269212,1490664,2888928,0,1252976,16228,8,29
1789023541,6054,2011183,2888904,1269212,1490664,2888928,0,1252976,16228,8,29
1789023543,6056,2011183,2888904,1269212,1490664,2888928,0,1252976,16228,8,29
1789023545,6058,2011183,2888904,1269212,1490664,2888928,0,1252976,16228,8,29
1789023547,6060,2011183,2888904,1269212,1490664,2888928,0,1252976,16228,8,29
1789023549,6062,2011183,2888904,1269212,1490664,2888928,0,1252976,16228,8,29
1789023551,6064,2011183,2888904,1269212,1490664,2888928,0,1252976,16228,8,29
1789023553,6066,2011183,2888904,1269212,1490664,2888928,0,1252976,16228,8,29
1789023555,6068,2011183,2888904,1269212,1490664,2888928,0,1252976,16228,8,29
1789023557,6070,2011183,2888904,1269212,1490664,2888928,0,1252976,16228,8,29
1789023559,6072,2011183,2888904,1269212,1490664,2888928,0,1252976,16228,8,29
1789023561,6074,2011183,2888904,1269212,1490664,2888928,0,1252976,16228,8,29
1789023563,6076,2011183,2888904,1269212,1490664,2888928,0,1252976,16228,8,29
1789023565,6078,2011183,2888904,1269212,1490664,2888928,0,1252976,16228,8,29
1789023567,6080,2011183,2888904,1269212,1490664,2888928,0,1252976,16228,8,29
1789023569,6082,2011183,2888904,1269212,1490664,2888928,0,1252976,16228,8,29
1789023571,6084,2011183,2888904,1269212,1490664,2888928,0,1252976,16228,8,29
1789023573,6086,2011183,2888904,1269212,1490664,2888928,0,1252976,16228,8,29
1789023575,6088,2011183,2888904,1269212,1490664,2888928,0,1252976,16228,8,29
1789023577,6090,2011183,2888904,1269212,1490664,2888928,0,1252976,16228,8,29
1789023579,6092,2011183,2888904,1269212,1490664,2888928,0,1252976,16228,8,29
1789023581,6094,2011183,2888904,1269212,1490664,2888928,0,1252976,16228,8,29
1789023583,6096,2011183,2888904,1269212,1490664,2888928,0,1252976,16228,8,29
1789023585,6098,2011183,2888904,1269212,1490664,2888928,0,1252976,16228,8,29
1789023587,6100,2011183,2888904,1269212,1490664,2888928,0,1252976,16228,8,29
1789023589,6102,2011183,2888904,1269212,1490664,2888928,0,1252976,16228,8,29
1789023591,6104,2011183,2888904,1269212,1490664,2888928,0,1252976,16228,8,29
1789023593,6106,2011183,2888904,1269212,1490664,2888928,0,1252976,16228,8,29
1789023595,6108,2011183,2888904,1269212,1490664,2888928,0,1252976,16228,8,29
1789023597,6110,2011183,2888904,1269212,1490664,2888928,0,1252976,16228,8,29
1789023599,6112,2011183,2888904,1269212,1490664,2888928,0,1252976,16228,8,29
1789023601,6114,2011183,2888904,1269212,1490664,2888928,0,1252976,16228,8,29
1789023603,6116,2011183,2888904,1269212,1490664,2888928,0,1252976,16228,8,29
1789023605,6118,2011183,2888904,1269212,1490664,2888928,0,1252976,16228,8,29
1789023607,6120,2011183,2888904,1269212,1490664,2888928,0,1252976,16228,8,29
1789023609,6122,2011183,2888904,1269212,1490664,2888928,0,1252976,16228,8,29
1789023611,6124,2011183,2888904,1269212,1490664,2888928,0,1252976,16228,8,29
1789023613,6126,2011183,2888904,1269212,1490664,2888928,0,1252976,16228,8,29
1789023615,6128,2011183,2888904,1269212,1490664,2888928,0,1252976,16228,8,29
1789023617,6130,2011183,2888904,1269212,1490664,2888928,0,1252976,16228,8,29
1789023619,6132,2011183,2888904,1269212,1490664,2888928,0,1252976,16228,8,29
1789023621,6134,2011183,2888904,1269212,1490664,2888928,0,1252976,16228,8,29
1789023623,6136,2011183,2888904,1269212,1490664,2888928,0,1252976,16228,8,29
1789023626,6139,2011183,2888904,1269212,1490664,2888928,0,1252976,16228,8,29
1789023628,6141,2011183,2888904,1269212,1490664,2888928,0,1252976,16228,8,29
1789023631,6144,2011183,2888904,1269212,1490664,2888928,0,1252976,16228,8,29
1789023633,6146,2011183,2888904,1269212,1490664,2888928,0,1252976,16228,8,29
1789023635,6148,2011183,2888904,1269212,1490664,2888928,0,1252976,16228,8,29
1789023637,6150,2011183,2888904,1269212,1490664,2888928,0,1252976,16228,8,29
1789023639,6152,2011183,2888904,1269212,1490664,2888928,0,1252976,16228,8,29
1789023641,6154,2011183,2888904,1269212,1490664,2888928,0,1252976,16228,8,29
1789023643,6156,2011183,2888904,1269212,1490664,2888928,0,1252976,16228,8,29
1789023645,6158,2011183,2888904,1269212,1490664,2888928,0,1252976,16228,8,29
1789023647,6160,2011183,2888904,1269212,1490664,2888928,0,1252976,16228,8,29
1789023649,6162,2011183,2888904,1269212,1490664,2888928,0,1252976,16228,8,29
1789023651,6164,2011183,2888904,1269212,1490664,2888928,0,1252976,16228,8,29
1789023653,6166,2011183,2888904,1269212,1490664,2888928,0,1252976,16228,8,29
1789023655,6168,2011183,2888904,1269212,1490664,2888928,0,1252976,16228,8,29
1789023657,6170,2011183,2888904,1269212,1490664,2888928,0,1252976,16228,8,29
1789023660,6173,2011183,2888904,1269212,1490664,2888928,0,1252976,16228,8,29
1789023662,6175,2011183,2888904,1269212,1490664,2888928,0,1252976,16228,8,29
1789023664,6177,2011183,2888904,1269212,1490664,2888928,0,1252976,16228,8,29
1789023666,6179,2011183,2888904,1269212,1490664,2888928,0,1252976,16228,8,29
1789023669,6182,2011183,2888904,1269212,1490664,2888928,0,1252976,16228,8,29
1789023671,6184,2011183,2888904,1269212,1490664,2888928,0,1252976,16228,8,29
1789023673,6186,2011183,2888904,1269212,1490664,2888928,0,1252976,16228,8,29
1789023675,6188,2011183,2888904,1269212,1490664,2888928,0,1252976,16228,8,29
1789023678,6191,2011183,2888904,1269212,1490664,2888928,0,1252976,16228,8,29
1789023679,6192,2011183,2888904,1269212,1490664,2888928,0,1252976,16228,8,29
1789023681,6194,2011183,2888904,1269212,1490664,2888928,0,1252976,16228,8,29
1789023683,6196,2011183,2888904,1269212,1490664,2888928,0,1252976,16228,8,29
1789023685,6198,2011183,2888904,1269212,1490664,2888928,0,1252976,16228,8,29
1789023687,6200,2011183,2888904,1269212,1490664,2888928,0,1252976,16228,8,29
1789023689,6202,2011183,2888904,1269212,1490664,2888928,0,1252976,16228,8,29
1789023691,6204,2011183,2888904,1269212,1490664,2888928,0,1252976,16228,8,29
1789023693,6206,2011183,2888904,1269212,1490664,2888928,0,1252976,16228,8,29
1789023695,6208,2011183,2888904,1269212,1490664,2888928,0,1252976,16228,8,29
1789023697,6210,2011183,2888904,1269212,1490664,2888928,0,1252976,16228,8,29
1789023699,6212,2011183,2888904,1269212,1490664,2888928,0,1252976,16228,8,29
1789023701,6214,2011183,2888904,1269212,1490664,2888928,0,1252976,16228,8,29
1789023703,6216,2011183,2888904,1269212,1490664,2888928,0,1252976,16228,8,29
1789023705,6218,2011183,2888904,1269212,1490664,2888928,0,1252976,16228,8,29
1789023707,6220,2011183,2888904,1269212,1490664,2888928,0,1252976,16228,8,29
1789023709,6222,2011183,2888904,1269212,1490664,2888928,0,1252976,16228,8,29
1789023711,6224,2011183,2888904,1269212,1490664,2888928,0,1252976,16228,8,29
1789023713,6226,2011183,2888904,1269212,1490664,2888928,0,1252976,16228,8,29
1789023715,6228,2011183,2888904,1269212,1490664,2888928,0,1252976,16228,8,29
1789023717,6230,2011183,2888904,1269212,1490664,2888928,0,1252976,16228,8,29
1789023719,6232,2011183,2888904,1269212,1490664,2888928,0,1252976,16228,8,29
1789023721,6234,2011183,2888904,1269212,1490664,2888928,0,1252976,16228,8,29
1789023723,6236,2011183,2888904,1269212,1490664,2888928,0,1252976,16228,8,29
1789023725,6238,2011183,2888904,1269212,1490664,2888928,0,1252976,16228,8,29
1789023727,6240,2011183,2888904,1269212,1490664,2888928,0,1252976,16228,8,29
1789023729,6242,2011183,2888904,1269212,1490664,2888928,0,1252976,16228,8,29
1789023731,6244,2011183,2888904,1269212,1490664,2888928,0,1252976,16228,8,29
1789023733,6246,2011183,2888904,1269212,1490664,2888928,0,1252976,16228,8,29
1789023735,6248,2011183,2888904,1269212,1490664,2888928,0,1252976,16228,8,29
1789023737,6250,2011183,2888904,1269212,1490664,2888928,0,1252976,16228,8,29
1789023739,6252,2011183,2888904,1269212,1490664,2888928,0,1252976,16228,8,29
1789023741,6254,2011183,2888904,1269212,1490664,2888928,0,1252976,16228,8,29
1789023743,6256,2011183,2888916,1269224,1490672,2888928,0,1252988,16228,8,30
1789023745,6258,2011183,2888904,1269212,1490664,2888928,0,1252976,16228,8,29
1789023747,6260,2011183,2888904,1269212,1490664,2888928,0,1252976,16228,8,29
1789023749,6262,2011183,2888904,1269212,1490664,2888928,0,1252976,16228,8,29
1789023752,6265,2011183,2888904,1269212,1490664,2888928,0,1252976,16228,8,29
1789023753,6266,2011183,2888904,1269212,1490664,2888928,0,1252976,16228,8,29
1789023755,6268,2011183,2888904,1269212,1490664,2888928,0,1252976,16228,8,29
1789023757,6270,2011183,2888904,1269212,1490664,2888928,0,1252976,16228,8,29
1789023759,6272,2011183,2888904,1269212,1490664,2888928,0,1252976,16228,8,29
1789023761,6274,2011183,2888904,1269212,1490664,2888928,0,1252976,16228,8,29
1789023763,6276,2011183,2888904,1269212,1490664,2888928,0,1252976,16228,8,29
1789023765,6278,2011183,2888904,1269212,1490664,2888928,0,1252976,16228,8,29
1789023767,6280,2011183,2888904,1269212,1490664,2888928,0,1252976,16228,8,29
1789023769,6282,2011183,2888904,1269212,1490664,2888928,0,1252976,16228,8,29
1789023771,6284,2011183,2888916,1269224,1490672,2888928,0,1252988,16228,8,30
1789023773,6286,2011183,2888904,1269212,1490664,2888928,0,1252976,16228,8,29
1789023775,6288,2011183,2888904,1269212,1490664,2888928,0,1252976,16228,8,29
1789023777,6290,2011183,2888904,1269212,1490664,2888928,0,1252976,16228,8,29
1789023779,6292,2011183,2888904,1269212,1490664,2888928,0,1252976,16228,8,29
1789023781,6294,2011183,2888904,1269212,1490664,2888928,0,1252976,16228,8,29
1789023783,6296,2011183,2888904,1269212,1490664,2888928,0,1252976,16228,8,29
1789023785,6298,2011183,2888904,1269212,1490664,2888928,0,1252976,16228,8,29
1789023787,6300,2011183,2888904,1269212,1490664,2888928,0,1252976,16228,8,29
1789023789,6302,2011183,2888904,1269212,1490664,2888928,0,1252976,16228,8,29
1789023791,6304,2011183,2888904,1269212,1490664,2888928,0,1252976,16228,8,29
1789023793,6306,2011183,2888904,1269212,1490664,2888928,0,1252976,16228,8,29
1789023795,6308,2011183,2888904,1269212,1490664,2888928,0,1252976,16228,8,29
1789023797,6310,2011183,2888904,1269212,1490664,2888928,0,1252976,16228,8,29
1789023799,6312,2011183,2888904,1269212,1490664,2888928,0,1252976,16228,8,29
1789023801,6314,2011183,2888904,1269212,1490664,2888928,0,1252976,16228,8,29
1789023803,6316,2011183,2888904,1269212,1490664,2888928,0,1252976,16228,8,29
1789023805,6318,2011183,2888904,1269212,1490664,2888928,0,1252976,16228,8,29
1789023807,6320,2011183,2888904,1269212,1490664,2888928,0,1252976,16228,8,29
1789023809,6322,2011183,2888904,1269212,1490664,2888928,0,1252976,16228,8,29
1789023811,6324,2011183,2888904,1269212,1490664,2888928,0,1252976,16228,8,29
1789023813,6326,2011183,2888904,1269212,1490664,2888928,0,1252976,16228,8,29
1789023815,6328,2011183,2888904,1269212,1490664,2888928,0,1252976,16228,8,29
1789023817,6330,2011183,2888904,1269212,1490664,2888928,0,1252976,16228,8,29
1789023819,6332,2011183,2888904,1269212,1490664,2888928,0,1252976,16228,8,29
1789023821,6334,2011183,2888904,1269212,1490664,2888928,0,1252976,16228,8,29
1789023823,6336,2011183,2888904,1269212,1490664,2888928,0,1252976,16228,8,29
1789023825,6338,2011183,2888904,1269212,1490664,2888928,0,1252976,16228,8,29
1789023827,6340,2011183,2888904,1269212,1490664,2888928,0,1252976,16228,8,29
1789023829,6342,2011183,2888904,1269212,1490664,2888928,0,1252976,16228,8,29
1789023831,6344,2011183,2888904,1269216,1490664,2888928,0,1252980,16228,8,29
1789023833,6346,2011183,2888904,1269216,1490664,2888928,0,1252980,16228,8,29
1789023835,6348,2011183,2888904,1269216,1490664,2888928,0,1252980,16228,8,29
1789023837,6350,2011183,2888904,1269216,1490664,2888928,0,1252980,16228,8,29
1789023839,6352,2011183,2888904,1269216,1490664,2888928,0,1252980,16228,8,29
1789023841,6354,2011183,2888904,1269216,1490664,2888928,0,1252980,16228,8,29
1789023843,6356,2011183,2888904,1269216,1490664,2888928,0,1252980,16228,8,29
1789023845,6358,2011183,2888904,1269216,1490664,2888928,0,1252980,16228,8,29
1789023847,6360,2011183,2888904,1269216,1490664,2888928,0,1252980,16228,8,29
1789023849,6362,2011183,2888904,1269216,1490664,2888928,0,1252980,16228,8,29
1789023851,6364,2011183,2888904,1269216,1490664,2888928,0,1252980,16228,8,29
1789023853,6366,2011183,2888904,1269216,1490664,2888928,0,1252980,16228,8,29
1789023855,6368,2011183,2888904,1269216,1490664,2888928,0,1252980,16228,8,29
1789023857,6370,2011183,2888904,1269216,1490664,2888928,0,1252980,16228,8,29
1789023859,6372,2011183,2888904,1269216,1490664,2888928,0,1252980,16228,8,29
1789023861,6374,2011183,2888904,1269216,1490664,2888928,0,1252980,16228,8,29
1789023863,6376,2011183,2888904,1269216,1490664,2888928,0,1252980,16228,8,29
1789023865,6378,2011183,2888904,1269216,1490664,2888928,0,1252980,16228,8,29
1789023867,6380,2011183,2888904,1269216,1490664,2888928,0,1252980,16228,8,29
1789023869,6382,2011183,2888904,1269216,1490664,2888928,0,1252980,16228,8,29
1789023871,6384,2011183,2888904,1269216,1490664,2888928,0,1252980,16228,8,29
1789023873,6386,2011183,2888904,1269216,1490664,2888928,0,1252980,16228,8,29
1789023875,6388,2011183,2888904,1269216,1490664,2888928,0,1252980,16228,8,29
1789023877,6390,2011183,2888904,1269216,1490664,2888928,0,1252980,16228,8,29
1789023879,6392,2011183,2888904,1269216,1490664,2888928,0,1252980,16228,8,29
1789023881,6394,2011183,2888904,1269216,1490664,2888928,0,1252980,16228,8,29
1789023883,6396,2011183,2888904,1269216,1490664,2888928,0,1252980,16228,8,29
1789023885,6398,2011183,2888904,1269216,1490664,2888928,0,1252980,16228,8,29
1789023888,6401,2011183,2888904,1269216,1490664,2888928,0,1252980,16228,8,29
1789023889,6402,2011183,2888904,1269216,1490664,2888928,0,1252980,16228,8,29
1789023891,6404,2011183,2888904,1269216,1490664,2888928,0,1252980,16228,8,29
1789023893,6406,2011183,2888904,1269216,1490664,2888928,0,1252980,16228,8,29
1789023895,6408,2011183,2888904,1269216,1490664,2888928,0,1252980,16228,8,29
1789023897,6410,2011183,2888904,1269216,1490664,2888928,0,1252980,16228,8,29
1789023899,6412,2011183,2888904,1269216,1490664,2888928,0,1252980,16228,8,29
1789023901,6414,2011183,2888904,1269216,1490664,2888928,0,1252980,16228,8,29
1789023904,6417,2011183,2888904,1269216,1490664,2888928,0,1252980,16228,8,29
1789023905,6418,2011183,2888904,1269216,1490664,2888928,0,1252980,16228,8,29
1789023907,6420,2011183,2888904,1269216,1490664,2888928,0,1252980,16228,8,29
1789023909,6422,2011183,2888904,1269216,1490664,2888928,0,1252980,16228,8,29
1789023911,6424,2011183,2888904,1269216,1490664,2888928,0,1252980,16228,8,29
1789023913,6426,2011183,2888904,1269216,1490664,2888928,0,1252980,16228,8,29
1789023915,6428,2011183,2888904,1269216,1490664,2888928,0,1252980,16228,8,29
1789023917,6430,2011183,2888904,1269216,1490664,2888928,0,1252980,16228,8,29
1789023919,6432,2011183,2888904,1269216,1490664,2888928,0,1252980,16228,8,29
1789023921,6434,2011183,2888904,1269216,1490664,2888928,0,1252980,16228,8,29
1789023923,6436,2011183,2888904,1269216,1490664,2888928,0,1252980,16228,8,29
1789023925,6438,2011183,2888904,1269216,1490664,2888928,0,1252980,16228,8,29
1789023927,6440,2011183,2888904,1269216,1490664,2888928,0,1252980,16228,8,29
1789023929,6442,2011183,2888904,1269216,1490664,2888928,0,1252980,16228,8,29
1789023931,6444,2011183,2888904,1269216,1490664,2888928,0,1252980,16228,8,29
1789023933,6446,2011183,2888904,1269216,1490664,2888928,0,1252980,16228,8,29
1789023935,6448,2011183,2888904,1269216,1490664,2888928,0,1252980,16228,8,29
1789023937,6450,2011183,2888904,1269216,1490664,2888928,0,1252980,16228,8,29
1789023939,6452,2011183,2888904,1269216,1490664,2888928,0,1252980,16228,8,29
1789023941,6454,2011183,2888904,1269216,1490664,2888928,0,1252980,16228,8,29
1789023943,6456,2011183,2888904,1269216,1490664,2888928,0,1252980,16228,8,29
1789023945,6458,2011183,2888904,1269252,1490668,2888928,0,1253016,16228,8,29
1789023947,6460,2011183,2888904,1269252,1490668,2888928,0,1253016,16228,8,29
1789023949,6462,2011183,2888904,1269252,1490668,2888928,0,1253016,16228,8,29
1789023951,6464,2011183,2888904,1269252,1490668,2888928,0,1253016,16228,8,29
1789023954,6467,2011183,2888904,1269252,1490668,2888928,0,1253016,16228,8,29
1789023956,6469,2011183,2888904,1269252,1490668,2888928,0,1253016,16228,8,29
1789023959,6472,2011183,2888904,1269252,1490668,2888928,0,1253016,16228,8,29
1789023960,6473,2011183,2888904,1269252,1490668,2888928,0,1253016,16228,8,29
1789023963,6476,2011183,2888904,1269252,1490668,2888928,0,1253016,16228,8,29
1789023964,6477,2011183,2888904,1269252,1490668,2888928,0,1253016,16228,8,29
1789023966,6479,2011183,2888904,1269252,1490668,2888928,0,1253016,16228,8,29
1789023968,6481,2011183,2888904,1269252,1490668,2888928,0,1253016,16228,8,29
1789023970,6483,2011183,2888904,1269252,1490668,2888928,0,1253016,16228,8,29
1789023972,6485,2011183,2888904,1269252,1490668,2888928,0,1253016,16228,8,29
1789023974,6487,2011183,2888904,1269252,1490668,2888928,0,1253016,16228,8,29
1789023976,6489,2011183,2888904,1269252,1490668,2888928,0,1253016,16228,8,29
1789023978,6491,2011183,2888904,1269252,1490668,2888928,0,1253016,16228,8,29
1789023980,6493,2011183,2888904,1269252,1490668,2888928,0,1253016,16228,8,29
1789023982,6495,2011183,2888904,1269252,1490668,2888928,0,1253016,16228,8,29
1789023984,6497,2011183,2888904,1269252,1490668,2888928,0,1253016,16228,8,29
1789023986,6499,2011183,2888904,1269252,1490668,2888928,0,1253016,16228,8,29
1789023988,6501,2011183,2888904,1269252,1490668,2888928,0,1253016,16228,8,29
1789023990,6503,2011183,2888904,1269252,1490668,2888928,0,1253016,16228,8,29
1789023992,6505,2011183,2888904,1269252,1490668,2888928,0,1253016,16228,8,29
1789023994,6507,2011183,2888904,1269252,1490668,2888928,0,1253016,16228,8,29
1789023996,6509,2011183,2888904,1269252,1490668,2888928,0,1253016,16228,8,29
1789023998,6511,2011183,2888904,1269252,1490668,2888928,0,1253016,16228,8,29
1789024000,6513,2011183,2888904,1269252,1490668,2888928,0,1253016,16228,8,29
1789024002,6515,2011183,2888904,1269252,1490668,2888928,0,1253016,16228,8,29
1789024004,6517,2011183,2888904,1269252,1490668,2888928,0,1253016,16228,8,29
1789024006,6519,2011183,2888904,1269252,1490668,2888928,0,1253016,16228,8,29
1789024008,6521,2011183,2888904,1269252,1490668,2888928,0,1253016,16228,8,29
1789024010,6523,2011183,2888904,1269252,1490668,2888928,0,1253016,16228,8,29
1789024013,6526,2011183,2888904,1269252,1490668,2888928,0,1253016,16228,8,29
1789024015,6528,2011183,2888904,1269252,1490668,2888928,0,1253016,16228,8,29
1789024017,6530,2011183,2888904,1269252,1490668,2888928,0,1253016,16228,8,29
1789024019,6532,2011183,2888904,1269252,1490668,2888928,0,1253016,16228,8,29
1789024021,6534,2011183,2888904,1269252,1490668,2888928,0,1253016,16228,8,29
1789024023,6536,2011183,2888904,1269252,1490668,2888928,0,1253016,16228,8,29
1789024025,6538,2011183,2888904,1269252,1490668,2888928,0,1253016,16228,8,29
1789024027,6540,2011183,2888904,1269252,1490668,2888928,0,1253016,16228,8,29
1789024029,6542,2011183,2888904,1269252,1490668,2888928,0,1253016,16228,8,29
1789024031,6544,2011183,2888904,1269252,1490668,2888928,0,1253016,16228,8,29
1789024033,6546,2011183,2888904,1269252,1490668,2888928,0,1253016,16228,8,29
1789024035,6548,2011183,2888904,1269252,1490668,2888928,0,1253016,16228,8,29
1789024037,6550,2011183,2888904,1269252,1490668,2888928,0,1253016,16228,8,29
1789024039,6552,2011183,2888904,1269252,1490668,2888928,0,1253016,16228,8,29
1789024041,6554,2011183,2888904,1269252,1490668,2888928,0,1253016,16228,8,29
1789024043,6556,2011183,2888904,1269252,1490668,2888928,0,1253016,16228,8,29
1789024045,6558,2011183,2888904,1269252,1490668,2888928,0,1253016,16228,8,29
1789024047,6560,2011183,2888904,1269252,1490668,2888928,0,1253016,16228,8,29
1789024049,6562,2011183,2888904,1269252,1490668,2888928,0,1253016,16228,8,29
1789024051,6564,2011183,2888904,1269252,1490668,2888928,0,1253016,16228,8,29
1789024053,6566,2011183,2888904,1269252,1490668,2888928,0,1253016,16228,8,29
1789024055,6568,2011183,2888904,1269252,1490668,2888928,0,1253016,16228,8,29
1789024057,6570,2011183,2888904,1269252,1490668,2888928,0,1253016,16228,8,29
1789024059,6572,2011183,2888904,1269252,1490668,2888928,0,1253016,16228,8,29
1789024061,6574,2011183,2888904,1269252,1490668,2888928,0,1253016,16228,8,29
1789024063,6576,2011183,2888904,1269252,1490668,2888928,0,1253016,16228,8,29
1789024065,6578,2011183,2888904,1269252,1490668,2888928,0,1253016,16228,8,29
1789024067,6580,2011183,2888904,1269252,1490668,2888928,0,1253016,16228,8,29
1789024069,6582,2011183,2888904,1269252,1490668,2888928,0,1253016,16228,8,29
1789024071,6584,2011183,2888904,1269252,1490668,2888928,0,1253016,16228,8,29
1789024073,6586,2011183,2888904,1269252,1490668,2888928,0,1253016,16228,8,29
1789024075,6588,2011183,2888904,1269252,1490668,2888928,0,1253016,16228,8,29
1789024077,6590,2011183,2888904,1269252,1490668,2888928,0,1253016,16228,8,29
1789024079,6592,2011183,2888904,1269252,1490668,2888928,0,1253016,16228,8,29
1789024081,6594,2011183,2888904,1269252,1490668,2888928,0,1253016,16228,8,29
1789024083,6596,2011183,2888904,1269252,1490668,2888928,0,1253016,16228,8,29
1789024085,6598,2011183,2888904,1269252,1490668,2888928,0,1253016,16228,8,29
1789024087,6600,2011183,2888904,1269252,1490668,2888928,0,1253016,16228,8,29
1789024089,6602,2011183,2888904,1269252,1490668,2888928,0,1253016,16228,8,29
1789024091,6604,2011183,2888904,1269252,1490668,2888928,0,1253016,16228,8,29
1789024093,6606,2011183,2888904,1269252,1490668,2888928,0,1253016,16228,8,29
1789024095,6608,2011183,2888904,1269252,1490668,2888928,0,1253016,16228,8,29
1789024097,6610,2011183,2888904,1269252,1490668,2888928,0,1253016,16228,8,29
1789024100,6613,2011183,2888904,1269252,1490668,2888928,0,1253016,16228,8,29
1789024101,6614,2011183,2888904,1269252,1490668,2888928,0,1253016,16228,8,29
1789024103,6616,2011183,2888904,1269252,1490668,2888928,0,1253016,16228,8,29
1789024105,6618,2011183,2888904,1269252,1490668,2888928,0,1253016,16228,8,29
1789024107,6620,2011183,2888904,1269252,1490668,2888928,0,1253016,16228,8,29
1789024109,6622,2011183,2888904,1269252,1490668,2888928,0,1253016,16228,8,29
1789024111,6624,2011183,2888904,1269252,1490668,2888928,0,1253016,16228,8,29
1789024113,6626,2011183,2888904,1269252,1490668,2888928,0,1253016,16228,8,29
1789024115,6628,2011183,2888904,1269252,1490668,2888928,0,1253016,16228,8,29
1789024117,6630,2011183,2888904,1269252,1490668,2888928,0,1253016,16228,8,29
1789024119,6632,2011183,2888904,1269252,1490668,2888928,0,1253016,16228,8,29
1789024121,6634,2011183,2888904,1269252,1490668,2888928,0,1253016,16228,8,29
1789024123,6636,2011183,2888904,1269252,1490668,2888928,0,1253016,16228,8,29
1789024125,6638,2011183,2888904,1269252,1490668,2888928,0,1253016,16228,8,29
1789024127,6640,2011183,2888904,1269252,1490668,2888928,0,1253016,16228,8,29
1789024129,6642,2011183,2888904,1269252,1490668,2888928,0,1253016,16228,8,29
1789024131,6644,2011183,2888904,1269252,1490668,2888928,0,1253016,16228,8,29
1789024133,6646,2011183,2888904,1269252,1490668,2888928,0,1253016,16228,8,29
1789024135,6648,2011183,2888904,1269252,1490668,2888928,0,1253016,16228,8,29
1789024137,6650,2011183,2888904,1269252,1490668,2888928,0,1253016,16228,8,29
1789024139,6652,2011183,2888904,1269252,1490668,2888928,0,1253016,16228,8,29
1789024141,6654,2011183,2888904,1269252,1490668,2888928,0,1253016,16228,8,29
1789024143,6656,2011183,2888904,1269252,1490668,2888928,0,1253016,16228,8,29
1789024145,6658,2011183,2888904,1269252,1490668,2888928,0,1253016,16228,8,29
1789024147,6660,2011183,2888904,1269252,1490668,2888928,0,1253016,16228,8,29
1789024149,6662,2011183,2888904,1269252,1490668,2888928,0,1253016,16228,8,29
1789024151,6664,2011183,2888904,1269252,1490668,2888928,0,1253016,16228,8,29
1789024153,6666,2011183,2888904,1269252,1490668,2888928,0,1253016,16228,8,29
1789024155,6668,2011183,2888904,1269252,1490668,2888928,0,1253016,16228,8,29
1789024157,6670,2011183,2888904,1269252,1490668,2888928,0,1253016,16228,8,29
1789024159,6672,2011183,2888904,1269252,1490668,2888928,0,1253016,16228,8,29
1789024161,6674,2011183,2888904,1269252,1490668,2888928,0,1253016,16228,8,29
1789024163,6676,2011183,2888904,1269252,1490668,2888928,0,1253016,16228,8,29
1789024165,6678,2011183,2888904,1269252,1490668,2888928,0,1253016,16228,8,29
1789024167,6680,2011183,2888904,1269252,1490668,2888928,0,1253016,16228,8,29
1789024169,6682,2011183,2888904,1269252,1490668,2888928,0,1253016,16228,8,29
1789024171,6684,2011183,2888904,1269252,1490668,2888928,0,1253016,16228,8,29
1789024174,6687,2011183,2888904,1269252,1490668,2888928,0,1253016,16228,8,29
1789024175,6688,2011183,2888904,1269252,1490668,2888928,0,1253016,16228,8,29
1789024178,6691,2011183,2888904,1269252,1490668,2888928,0,1253016,16228,8,29
1789024180,6693,2011183,2888904,1269252,1490668,2888928,0,1253016,16228,8,29
1789024183,6696,2011183,2888904,1269252,1490668,2888928,0,1253016,16228,8,29
1789024185,6698,2011183,2888904,1269252,1490668,2888928,0,1253016,16228,8,29
1789024187,6700,2011183,2888904,1269252,1490668,2888928,0,1253016,16228,8,29
1789024189,6702,2011183,2888904,1269252,1490668,2888928,0,1253016,16228,8,29
1789024191,6704,2011183,2888904,1269252,1490668,2888928,0,1253016,16228,8,29
1789024193,6706,2011183,2888904,1269252,1490668,2888928,0,1253016,16228,8,29
1789024195,6708,2011183,2888904,1269252,1490668,2888928,0,1253016,16228,8,29
1789024197,6710,2011183,2888904,1269252,1490668,2888928,0,1253016,16228,8,29
1789024199,6712,2011183,2888904,1269252,1490668,2888928,0,1253016,16228,8,29
1789024201,6714,2011183,2888904,1269252,1490668,2888928,0,1253016,16228,8,29
1789024203,6716,2011183,2888904,1269252,1490668,2888928,0,1253016,16228,8,29
1789024205,6718,2011183,2888904,1269252,1490668,2888928,0,1253016,16228,8,29
1789024207,6720,2011183,2888904,1269252,1490668,2888928,0,1253016,16228,8,29
1789024209,6722,2011183,2888904,1269252,1490668,2888928,0,1253016,16228,8,29
1789024211,6724,2011183,2888904,1269252,1490668,2888928,0,1253016,16228,8,29
1789024213,6726,2011183,2888904,1269252,1490668,2888928,0,1253016,16228,8,29
1789024215,6728,2011183,2888904,1269252,1490668,2888928,0,1253016,16228,8,29
1789024217,6730,2011183,2888904,1269252,1490668,2888928,0,1253016,16228,8,29
1789024219,6732,2011183,2888904,1269252,1490668,2888928,0,1253016,16228,8,29
1789024221,6734,2011183,2888904,1269252,1490668,2888928,0,1253016,16228,8,29
1789024223,6736,2011183,2888904,1269252,1490668,2888928,0,1253016,16228,8,29
1789024225,6738,2011183,2888904,1269252,1490668,2888928,0,1253016,16228,8,29
1789024227,6740,2011183,2888904,1269252,1490668,2888928,0,1253016,16228,8,29
1789024229,6742,2011183,2888904,1269252,1490668,2888928,0,1253016,16228,8,29
1789024231,6744,2011183,2888904,1269252,1490668,2888928,0,1253016,16228,8,29
1789024233,6746,2011183,2888904,1269252,1490668,2888928,0,1253016,16228,8,29
1789024235,6748,2011183,2888904,1269252,1490668,2888928,0,1253016,16228,8,29
1789024237,6750,2011183,2888904,1269252,1490668,2888928,0,1253016,16228,8,29
1789024239,6752,2011183,2888904,1269252,1490668,2888928,0,1253016,16228,8,29
1789024241,6754,2011183,2888904,1269252,1490668,2888928,0,1253016,16228,8,29
1789024243,6756,2011183,2888904,1269252,1490668,2888928,0,1253016,16228,8,29
1789024245,6758,2011183,2888904,1269252,1490668,2888928,0,1253016,16228,8,29
1789024247,6760,2011183,2888904,1269252,1490668,2888928,0,1253016,16228,8,29
1789024249,6762,2011183,2888904,1269252,1490668,2888928,0,1253016,16228,8,29
1789024251,6764,2011183,2888904,1269252,1490668,2888928,0,1253016,16228,8,29
1789024253,6766,2011183,2888904,1269252,1490668,2888928,0,1253016,16228,8,29
1789024255,6768,2011183,2888904,1269252,1490668,2888928,0,1253016,16228,8,29
1789024257,6770,2011183,2888904,1269252,1490668,2888928,0,1253016,16228,8,29
1789024259,6772,2011183,2888904,1269252,1490668,2888928,0,1253016,16228,8,29
1789024261,6774,2011183,2888904,1269252,1490668,2888928,0,1253016,16228,8,29
1789024263,6776,2011183,2888904,1269252,1490668,2888928,0,1253016,16228,8,29
1789024265,6778,2011183,2888904,1269252,1490668,2888928,0,1253016,16228,8,29
1789024267,6780,2011183,2888904,1269252,1490668,2888928,0,1253016,16228,8,29
1789024270,6783,2011183,2888904,1269252,1490668,2888928,0,1253016,16228,8,29
1789024272,6785,2011183,2888904,1269252,1490668,2888928,0,1253016,16228,8,29
1789024274,6787,2011183,2888904,1269252,1490668,2888928,0,1253016,16228,8,29
1789024276,6789,2011183,2888904,1269252,1490668,2888928,0,1253016,16228,8,29
1789024278,6791,2011183,2888904,1269252,1490668,2888928,0,1253016,16228,8,29
1789024280,6793,2011183,2888904,1269252,1490668,2888928,0,1253016,16228,8,29
1789024283,6796,2011183,2888904,1269252,1490668,2888928,0,1253016,16228,8,29
1789024285,6798,2011183,2888904,1269252,1490668,2888928,0,1253016,16228,8,29
1789024287,6800,2011183,2888904,1269252,1490668,2888928,0,1253016,16228,8,29
1789024289,6802,2011183,2888904,1269252,1490668,2888928,0,1253016,16228,8,29
1789024291,6804,2011183,2888904,1269252,1490668,2888928,0,1253016,16228,8,29
1789024293,6806,2011183,2888904,1269252,1490668,2888928,0,1253016,16228,8,29
1789024295,6808,2011183,2888904,1269252,1490668,2888928,0,1253016,16228,8,29
1789024297,6810,2011183,2888904,1269252,1490668,2888928,0,1253016,16228,8,29
1789024299,6812,2011183,2888904,1269252,1490668,2888928,0,1253016,16228,8,29
1789024301,6814,2011183,2888904,1269252,1490668,2888928,0,1253016,16228,8,29
1789024303,6816,2011183,2888904,1269252,1490668,2888928,0,1253016,16228,8,29
1789024305,6818,2011183,2888904,1269252,1490668,2888928,0,1253016,16228,8,29
1789024307,6820,2011183,2888904,1269252,1490668,2888928,0,1253016,16228,8,29
1789024309,6822,2011183,2888904,1269252,1490668,2888928,0,1253016,16228,8,29
1789024311,6824,2011183,2888904,1269252,1490668,2888928,0,1253016,16228,8,29
1789024313,6826,2011183,2888904,1269252,1490668,2888928,0,1253016,16228,8,29
1789024315,6828,2011183,2888904,1269252,1490668,2888928,0,1253016,16228,8,29
1789024317,6830,2011183,2888904,1269252,1490668,2888928,0,1253016,16228,8,29
1789024319,6832,2011183,2888904,1269252,1490668,2888928,0,1253016,16228,8,29
1789024321,6834,2011183,2888904,1269252,1490668,2888928,0,1253016,16228,8,29
1789024323,6836,2011183,2888904,1269252,1490668,2888928,0,1253016,16228,8,29
1789024325,6838,2011183,2888904,1269252,1490668,2888928,0,1253016,16228,8,29
1789024327,6840,2011183,2888904,1269252,1490668,2888928,0,1253016,16228,8,29
1789024329,6842,2011183,2888904,1269252,1490668,2888928,0,1253016,16228,8,29
1789024331,6844,2011183,2888904,1269252,1490668,2888928,0,1253016,16228,8,29
1789024333,6846,2011183,2888904,1269252,1490668,2888928,0,1253016,16228,8,29
1789024335,6848,2011183,2888904,1269252,1490668,2888928,0,1253016,16228,8,29
1789024337,6850,2011183,2888904,1269252,1490668,2888928,0,1253016,16228,8,29
1789024339,6852,2011183,2888904,1269252,1490668,2888928,0,1253016,16228,8,29
1789024341,6854,2011183,2888904,1269252,1490668,2888928,0,1253016,16228,8,29
1789024343,6856,2011183,2888904,1269252,1490668,2888928,0,1253016,16228,8,29
1789024345,6858,2011183,2888904,1269252,1490668,2888928,0,1253016,16228,8,29
1789024347,6860,2011183,2888904,1269252,1490668,2888928,0,1253016,16228,8,29
1789024350,6863,2011183,2888904,1269252,1490668,2888928,0,1253016,16228,8,29
1789024352,6865,2011183,2888904,1269252,1490668,2888928,0,1253016,16228,8,29
1789024355,6868,2011183,2888904,1269252,1490668,2888928,0,1253016,16228,8,29
1789024357,6870,2011183,2888904,1269252,1490668,2888928,0,1253016,16228,8,29
1789024359,6872,2011183,2888904,1269252,1490668,2888928,0,1253016,16228,8,29
1789024361,6874,2011183,2888904,1269252,1490668,2888928,0,1253016,16228,8,29
1789024363,6876,2011183,2888904,1269252,1490668,2888928,0,1253016,16228,8,29
1789024365,6878,2011183,2888904,1269252,1490668,2888928,0,1253016,16228,8,29
1789024367,6880,2011183,2888904,1269252,1490668,2888928,0,1253016,16228,8,29
1789024369,6882,2011183,2888904,1269252,1490668,2888928,0,1253016,16228,8,29
1789024371,6884,2011183,2888904,1269252,1490668,2888928,0,1253016,16228,8,29
1789024373,6886,2011183,2888904,1269252,1490668,2888928,0,1253016,16228,8,29
1789024376,6889,2011183,2888904,1269252,1490668,2888928,0,1253016,16228,8,29
1789024378,6891,2011183,2888904,1269252,1490668,2888928,0,1253016,16228,8,29
1789024380,6893,2011183,2888904,1269252,1490668,2888928,0,1253016,16228,8,29
1789024382,6895,2011183,2888904,1269252,1490668,2888928,0,1253016,16228,8,29
1789024384,6897,2011183,2888904,1269252,1490668,2888928,0,1253016,16228,8,29
1789024386,6899,2011183,2888904,1269252,1490668,2888928,0,1253016,16228,8,29
1789024388,6901,2011183,2888904,1269252,1490668,2888928,0,1253016,16228,8,29
1789024390,6903,2011183,2888904,1269252,1490668,2888928,0,1253016,16228,8,29
1789024392,6905,2011183,2888904,1269252,1490668,2888928,0,1253016,16228,8,29
1789024394,6907,2011183,2888904,1269252,1490668,2888928,0,1253016,16228,8,29
1789024396,6909,2011183,2888904,1269252,1490668,2888928,0,1253016,16228,8,29
1789024398,6911,2011183,2888904,1269252,1490668,2888928,0,1253016,16228,8,29
1789024400,6913,2011183,2888904,1269252,1490668,2888928,0,1253016,16228,8,29
1789024402,6915,2011183,2888904,1269252,1490668,2888928,0,1253016,16228,8,29
1789024404,6917,2011183,2888904,1269252,1490668,2888928,0,1253016,16228,8,29
1789024406,6919,2011183,2888904,1269252,1490668,2888928,0,1253016,16228,8,29
1789024408,6921,2011183,2888904,1269252,1490668,2888928,0,1253016,16228,8,29
1789024410,6923,2011183,2888904,1269252,1490668,2888928,0,1253016,16228,8,29
1789024412,6925,2011183,2888904,1269252,1490668,2888928,0,1253016,16228,8,29
1789024414,6927,2011183,2888904,1269252,1490668,2888928,0,1253016,16228,8,29
1789024416,6929,2011183,2888904,1269252,1490668,2888928,0,1253016,16228,8,29
1789024418,6931,2011183,2888904,1269252,1490668,2888928,0,1253016,16228,8,29
1789024420,6933,2011183,2888904,1269252,1490668,2888928,0,1253016,16228,8,29
1789024422,6935,2011183,2888904,1269252,1490668,2888928,0,1253016,16228,8,29
1789024424,6937,2011183,2888904,1269252,1490668,2888928,0,1253016,16228,8,29
1789024426,6939,2011183,2888904,1269252,1490668,2888928,0,1253016,16228,8,29
1789024428,6941,2011183,2888904,1269252,1490668,2888928,0,1253016,16228,8,29
1789024430,6943,2011183,2888904,1269252,1490668,2888928,0,1253016,16228,8,29
1789024432,6945,2011183,2888904,1269252,1490668,2888928,0,1253016,16228,8,29
1789024434,6947,2011183,2888904,1269252,1490668,2888928,0,1253016,16228,8,29
1789024437,6950,2011183,2888904,1269252,1490668,2888928,0,1253016,16228,8,29
1789024438,6951,2011183,2888904,1269252,1490668,2888928,0,1253016,16228,8,29
1789024440,6953,2011183,2888904,1269252,1490668,2888928,0,1253016,16228,8,29
1789024442,6955,2011183,2888904,1269252,1490668,2888928,0,1253016,16228,8,29
1789024445,6958,2011183,2888904,1269252,1490668,2888928,0,1253016,16228,8,29
1789024447,6960,2011183,2888904,1269252,1490668,2888928,0,1253016,16228,8,29
1789024450,6963,2011183,2888904,1269252,1490668,2888928,0,1253016,16228,8,29
1789024452,6965,2011183,2888904,1269252,1490668,2888928,0,1253016,16228,8,29
1789024454,6967,2011183,2888904,1269252,1490668,2888928,0,1253016,16228,8,29
1789024456,6969,2011183,2888904,1269252,1490668,2888928,0,1253016,16228,8,29
1789024458,6971,2011183,2888904,1269252,1490668,2888928,0,1253016,16228,8,29
1789024460,6973,2011183,2888904,1269252,1490668,2888928,0,1253016,16228,8,29
1789024462,6975,2011183,2888904,1269252,1490668,2888928,0,1253016,16228,8,29
1789024464,6977,2011183,2888904,1269252,1490668,2888928,0,1253016,16228,8,29
1789024466,6979,2011183,2888904,1269252,1490668,2888928,0,1253016,16228,8,29
1789024468,6981,2011183,2888904,1269252,1490668,2888928,0,1253016,16228,8,29
1789024471,6984,2011183,2888904,1269252,1490668,2888928,0,1253016,16228,8,29
1789024473,6986,2011183,2888904,1269252,1490668,2888928,0,1253016,16228,8,29
1789024475,6988,2011183,2888904,1269252,1490668,2888928,0,1253016,16228,8,29
1789024477,6990,2011183,2888904,1269252,1490668,2888928,0,1253016,16228,8,29
1789024479,6992,2011183,2888904,1269252,1490668,2888928,0,1253016,16228,8,29
1789024481,6994,2011183,2888904,1269252,1490668,2888928,0,1253016,16228,8,29
1789024483,6996,2011183,2888904,1269252,1490668,2888928,0,1253016,16228,8,29
1789024485,6998,2011183,2888904,1269252,1490668,2888928,0,1253016,16228,8,29
1789024487,7000,2011183,2888904,1269252,1490668,2888928,0,1253016,16228,8,29
1789024489,7002,2011183,2888904,1269252,1490668,2888928,0,1253016,16228,8,29
1789024491,7004,2011183,2888904,1269252,1490668,2888928,0,1253016,16228,8,29
1789024493,7006,2011183,2888904,1269252,1490668,2888928,0,1253016,16228,8,29
1789024495,7008,2011183,2888904,1269252,1490668,2888928,0,1253016,16228,8,29
1789024497,7010,2011183,2888904,1269252,1490668,2888928,0,1253016,16228,8,29
1789024499,7012,2011183,2888904,1269252,1490668,2888928,0,1253016,16228,8,29
1789024501,7014,2011183,2888904,1269252,1490668,2888928,0,1253016,16228,8,29
1789024503,7016,2011183,2888904,1269252,1490668,2888928,0,1253016,16228,8,29
1789024505,7018,2011183,2888904,1269252,1490668,2888928,0,1253016,16228,8,29
1789024507,7020,2011183,2888904,1269252,1490668,2888928,0,1253016,16228,8,29
1789024509,7022,2011183,2888904,1269252,1490668,2888928,0,1253016,16228,8,29
1789024511,7024,2011183,2888904,1269252,1490668,2888928,0,1253016,16228,8,29
1789024513,7026,2011183,2888904,1269252,1490668,2888928,0,1253016,16228,8,29
1789024515,7028,2011183,2888904,1269252,1490668,2888928,0,1253016,16228,8,29
1789024517,7030,2011183,2888904,1269252,1490668,2888928,0,1253016,16228,8,29
1789024519,7032,2011183,2888904,1269252,1490668,2888928,0,1253016,16228,8,29
1789024521,7034,2011183,2888904,1269252,1490668,2888928,0,1253016,16228,8,29
1789024523,7036,2011183,2888904,1269252,1490668,2888928,0,1253016,16228,8,29
1789024525,7038,2011183,2888904,1269252,1490668,2888928,0,1253016,16228,8,29
1789024527,7040,2011183,2888904,1269252,1490668,2888928,0,1253016,16228,8,29
1789024529,7042,2011183,2888904,1269252,1490668,2888928,0,1253016,16228,8,29
1789024531,7044,2011183,2888904,1269252,1490668,2888928,0,1253016,16228,8,29
1789024533,7046,2011183,2888904,1269252,1490668,2888928,0,1253016,16228,8,29
1789024535,7048,2011183,2888904,1269252,1490668,2888928,0,1253016,16228,8,29
1789024537,7050,2011183,2888904,1269252,1490668,2888928,0,1253016,16228,8,29
1789024539,7052,2011183,2888904,1269252,1490668,2888928,0,1253016,16228,8,29
1789024541,7054,2011183,2888904,1269252,1490668,2888928,0,1253016,16228,8,29
1789024544,7057,2011183,2888904,1269252,1490668,2888928,0,1253016,16228,8,29
1789024545,7058,2011183,2888904,1269252,1490668,2888928,0,1253016,16228,8,29
1789024548,7061,2011183,2888904,1269252,1490668,2888928,0,1253016,16228,8,29
1789024550,7063,2011183,2888904,1269252,1490668,2888928,0,1253016,16228,8,29
1789024553,7066,2011183,2888904,1269252,1490668,2888928,0,1253016,16228,8,29
1789024554,7067,2011183,2888904,1269252,1490668,2888928,0,1253016,16228,8,29
1789024556,7069,2011183,2888904,1269252,1490668,2888928,0,1253016,16228,8,29
1789024558,7071,2011183,2888904,1269252,1490668,2888928,0,1253016,16228,8,29
1789024560,7073,2011183,2888904,1269252,1490668,2888928,0,1253016,16228,8,29
1789024562,7075,2011183,2888904,1269252,1490668,2888928,0,1253016,16228,8,29
1789024564,7077,2011183,2888904,1269252,1490668,2888928,0,1253016,16228,8,29
1789024566,7079,2011183,2888904,1269252,1490668,2888928,0,1253016,16228,8,29
1789024568,7081,2011183,2888904,1269252,1490668,2888928,0,1253016,16228,8,29
1789024570,7083,2011183,2888904,1269252,1490668,2888928,0,1253016,16228,8,29
1789024572,7085,2011183,2888904,1269252,1490668,2888928,0,1253016,16228,8,29
1789024574,7087,2011183,2888904,1269252,1490668,2888928,0,1253016,16228,8,29
1789024576,7089,2011183,2888904,1269252,1490668,2888928,0,1253016,16228,8,29
1789024578,7091,2011183,2888904,1269288,1490704,2888928,0,1253052,16228,8,29
1789024580,7093,2011183,2888904,1269288,1490704,2888928,0,1253052,16228,8,29
1789024582,7095,2011183,2888904,1269288,1490704,2888928,0,1253052,16228,8,29
1789024584,7097,2011183,2888904,1269288,1490704,2888928,0,1253052,16228,8,29
1789024586,7099,2011183,2888904,1269288,1490704,2888928,0,1253052,16228,8,29
1789024588,7101,2011183,2888904,1269288,1490704,2888928,0,1253052,16228,8,29
1789024590,7103,2011183,2888904,1269288,1490704,2888928,0,1253052,16228,8,29
1789024592,7105,2011183,2888904,1269288,1490704,2888928,0,1253052,16228,8,29
1789024594,7107,2011183,2888904,1269288,1490704,2888928,0,1253052,16228,8,29
1789024596,7109,2011183,2888904,1269288,1490704,2888928,0,1253052,16228,8,29
1789024598,7111,2011183,2888904,1269288,1490704,2888928,0,1253052,16228,8,29
1789024600,7113,2011183,2888904,1269288,1490704,2888928,0,1253052,16228,8,29
1789024602,7115,2011183,2888904,1269288,1490704,2888928,0,1253052,16228,8,29
1789024604,7117,2011183,2888904,1269288,1490704,2888928,0,1253052,16228,8,29
1789024606,7119,2011183,2888904,1269288,1490704,2888928,0,1253052,16228,8,29
1789024608,7121,2011183,2888904,1269288,1490704,2888928,0,1253052,16228,8,29
1789024610,7123,2011183,2888904,1269288,1490704,2888928,0,1253052,16228,8,29
1789024612,7125,2011183,2888904,1269288,1490704,2888928,0,1253052,16228,8,29
1789024614,7127,2011183,2888904,1269288,1490704,2888928,0,1253052,16228,8,29
1789024616,7129,2011183,2888904,1269288,1490704,2888928,0,1253052,16228,8,29
1789024618,7131,2011183,2888904,1269288,1490704,2888928,0,1253052,16228,8,29
1789024620,7133,2011183,2888904,1269288,1490704,2888928,0,1253052,16228,8,29
1789024622,7135,2011183,2888904,1269288,1490704,2888928,0,1253052,16228,8,29
1789024624,7137,2011183,2888904,1269288,1490704,2888928,0,1253052,16228,8,29
1789024626,7139,2011183,2888904,1269288,1490704,2888928,0,1253052,16228,8,29
1789024628,7141,2011183,2888904,1269288,1490704,2888928,0,1253052,16228,8,29
1789024630,7143,2011183,2888904,1269288,1490704,2888928,0,1253052,16228,8,29
1789024632,7145,2011183,2888904,1269288,1490704,2888928,0,1253052,16228,8,29
1789024634,7147,2011183,2888904,1269288,1490704,2888928,0,1253052,16228,8,29
1789024636,7149,2011183,2888904,1274876,1496292,2888928,0,1258640,16228,8,29
1789024638,7151,2011183,2888904,1274876,1496292,2888928,0,1258640,16228,8,29
1789024640,7153,2011183,2888904,1274876,1496292,2888928,0,1258640,16228,8,29
1789024642,7155,2011183,2888904,1274876,1496292,2888928,0,1258640,16228,8,29
1789024644,7157,2011183,2888904,1274876,1496292,2888928,0,1258640,16228,8,29
1789024646,7159,2011183,2888904,1274876,1496292,2888928,0,1258640,16228,8,29
1789024648,7161,2011183,2888904,1274876,1496292,2888928,0,1258640,16228,8,29
1789024650,7163,2011183,2888904,1274876,1496292,2888928,0,1258640,16228,8,29
1789024653,7166,2011183,2888904,1274876,1496292,2888928,0,1258640,16228,8,29
1789024655,7168,2011183,2888904,1274876,1496292,2888928,0,1258640,16228,8,29
1789024657,7170,2011183,2888904,1274876,1496292,2888928,0,1258640,16228,8,29
1789024659,7172,2011183,2888904,1274876,1496292,2888928,0,1258640,16228,8,29
1789024661,7174,2011183,2888904,1274876,1496292,2888928,0,1258640,16228,8,29
1789024663,7176,2011183,2888904,1274876,1496292,2888928,0,1258640,16228,8,29
1789024665,7178,2011183,2888904,1274912,1496328,2888928,0,1258676,16228,8,29
1789024667,7180,2011183,2888904,1274912,1496328,2888928,0,1258676,16228,8,29
1789024669,7182,2011183,2888904,1274912,1496328,2888928,0,1258676,16228,8,29
1789024671,7184,2011183,2888904,1274912,1496328,2888928,0,1258676,16228,8,29
1789024673,7186,2011183,2888904,1274912,1496328,2888928,0,1258676,16228,8,29
1789024675,7188,2011183,2888904,1274912,1496328,2888928,0,1258676,16228,8,29
1789024677,7190,2011183,2888904,1274912,1496328,2888928,0,1258676,16228,8,29
1789024679,7192,2011183,2888904,1274912,1496328,2888928,0,1258676,16228,8,29
1789024681,7194,2011183,2888904,1274912,1496328,2888928,0,1258676,16228,8,29
1789024683,7196,2011183,2888904,1274912,1496328,2888928,0,1258676,16228,8,29
1789024685,7198,2011183,2888904,1274912,1496328,2888928,0,1258676,16228,8,29
1789024687,7200,2011183,2888904,1280500,1501916,2888928,0,1264264,16228,8,29
1789024689,7202,2011183,2888904,1280500,1501916,2888928,0,1264264,16228,8,29
1789024691,7204,2011183,2888904,1280500,1501916,2888928,0,1264264,16228,8,29
1789024693,7206,2011183,2888904,1280500,1501916,2888928,0,1264264,16228,8,29
1789024695,7208,2011183,2888904,1280500,1501916,2888928,0,1264264,16228,8,29
1789024697,7210,2011183,2888904,1280500,1501916,2888928,0,1264264,16228,8,29
1789024699,7212,2011183,2888904,1280500,1501916,2888928,0,1264264,16228,8,29
1789024701,7214,2011183,2888904,1280500,1501916,2888928,0,1264264,16228,8,29
1789024703,7216,2011183,2888904,1280500,1501916,2888928,0,1264264,16228,8,29
1789024705,7218,2011183,2888904,1280500,1501916,2888928,0,1264264,16228,8,29
1789024707,7220,2011183,2888904,1280500,1501916,2888928,0,1264264,16228,8,29
1789024709,7222,2011183,2888904,1280500,1501916,2888928,0,1264264,16228,8,29
1789024711,7224,2011183,2888904,1280500,1501916,2888928,0,1264264,16228,8,29
1789024713,7226,2011183,2888904,1280500,1501916,2888928,0,1264264,16228,8,29
1789024715,7228,2011183,2888904,1280500,1501916,2888928,0,1264264,16228,8,29
1789024717,7230,2011183,2888904,1280500,1501916,2888928,0,1264264,16228,8,29
1789024719,7232,2011183,2888904,1280500,1501916,2888928,0,1264264,16228,8,29
1789024721,7234,2011183,2888904,1280500,1501916,2888928,0,1264264,16228,8,29
1789024723,7236,2011183,2888904,1280500,1501916,2888928,0,1264264,16228,8,29
1789024725,7238,2011183,2888904,1280500,1501916,2888928,0,1264264,16228,8,29
1789024727,7240,2011183,2888904,1280500,1501916,2888928,0,1264264,16228,8,29
1789024729,7242,2011183,2888904,1280500,1501916,2888928,0,1264264,16228,8,29
1789024731,7244,2011183,2888904,1280500,1501916,2888928,0,1264264,16228,8,29
1789024733,7246,2011183,2888904,1280500,1501916,2888928,0,1264264,16228,8,29
1789024735,7248,2011183,2888904,1280500,1501916,2888928,0,1264264,16228,8,29
1789024737,7250,2011183,2888904,1280500,1501916,2888928,0,1264264,16228,8,29
1789024739,7252,2011183,2888904,1280500,1501916,2888928,0,1264264,16228,8,29
1789024741,7254,2011183,2888904,1280500,1501916,2888928,0,1264264,16228,8,29
1789024743,7256,2011183,2888904,1280500,1501916,2888928,0,1264264,16228,8,29
1789024745,7258,2011183,2888904,1280500,1501916,2888928,0,1264264,16228,8,29
1789024747,7260,2011183,2888904,1280500,1501916,2888928,0,1264264,16228,8,29
1789024749,7262,2011183,2888904,1280500,1501916,2888928,0,1264264,16228,8,29
1789024751,7264,2011183,2888904,1280500,1501916,2888928,0,1264264,16228,8,29
1789024753,7266,2011183,2888904,1280500,1501916,2888928,0,1264264,16228,8,29
1789024755,7268,2011183,2888904,1280500,1501916,2888928,0,1264264,16228,8,29
1789024757,7270,2011183,2888904,1280500,1501916,2888928,0,1264264,16228,8,29
1789024759,7272,2011183,2888904,1280500,1501916,2888928,0,1264264,16228,8,29
1789024761,7274,2011183,2888904,1280500,1501916,2888928,0,1264264,16228,8,29
1789024763,7276,2011183,2888904,1280500,1501916,2888928,0,1264264,16228,8,29
1789024765,7278,2011183,2888904,1280500,1501916,2888928,0,1264264,16228,8,29
1789024767,7280,2011183,2888904,1280500,1501916,2888928,0,1264264,16228,8,29
1789024769,7282,2011183,2888904,1280500,1501916,2888928,0,1264264,16228,8,29
1789024771,7284,2011183,2888904,1280500,1501916,2888928,0,1264264,16228,8,29
1789024773,7286,2011183,2888904,1280500,1501916,2888928,0,1264264,16228,8,29
1789024775,7288,2011183,2888904,1280500,1501916,2888928,0,1264264,16228,8,29
1789024777,7290,2011183,2888904,1280500,1501916,2888928,0,1264264,16228,8,29
1789024779,7292,2011183,2888904,1280500,1501916,2888928,0,1264264,16228,8,29
1789024781,7294,2011183,2888904,1280500,1501916,2888928,0,1264264,16228,8,29
1789024783,7296,2011183,2888904,1280500,1501916,2888928,0,1264264,16228,8,29
1789024785,7298,2011183,2888904,1280500,1501916,2888928,0,1264264,16228,8,29
1789024787,7300,2011183,2888904,1280500,1501916,2888928,0,1264264,16228,8,29
1789024789,7302,2011183,2888904,1280500,1501916,2888928,0,1264264,16228,8,29
1789024791,7304,2011183,2888904,1280500,1501916,2888928,0,1264264,16228,8,29
1789024793,7306,2011183,2888904,1280500,1501916,2888928,0,1264264,16228,8,29
1789024796,7309,2011183,2888904,1280500,1501916,2888928,0,1264264,16228,8,29
1789024798,7311,2011183,2888904,1280500,1501916,2888928,0,1264264,16228,8,29
1789024800,7313,2011183,2888904,1280500,1501916,2888928,0,1264264,16228,8,29
1789024802,7315,2011183,2888904,1280500,1501916,2888928,0,1264264,16228,8,29
1789024804,7317,2011183,2888904,1280500,1501916,2888928,0,1264264,16228,8,29
1789024806,7319,2011183,2888904,1280500,1501916,2888928,0,1264264,16228,8,29
1789024808,7321,2011183,2888904,1280500,1501916,2888928,0,1264264,16228,8,29
1789024810,7323,2011183,2888904,1280500,1501916,2888928,0,1264264,16228,8,29
1789024812,7325,2011183,2888904,1280500,1501916,2888928,0,1264264,16228,8,29
1789024814,7327,2011183,2888904,1280500,1501916,2888928,0,1264264,16228,8,29
1789024816,7329,2011183,2888904,1280500,1501916,2888928,0,1264264,16228,8,29
1789024818,7331,2011183,2888904,1280500,1501916,2888928,0,1264264,16228,8,29
1789024820,7333,2011183,2888904,1280500,1501916,2888928,0,1264264,16228,8,29
1789024822,7335,2011183,2888904,1280500,1501916,2888928,0,1264264,16228,8,29
1789024824,7337,2011183,2888904,1280500,1501916,2888928,0,1264264,16228,8,29
1789024826,7339,2011183,2888904,1280500,1501916,2888928,0,1264264,16228,8,29
1789024828,7341,2011183,2888904,1280500,1501916,2888928,0,1264264,16228,8,29
1789024830,7343,2011183,2888904,1280500,1501916,2888928,0,1264264,16228,8,29
1789024833,7346,2011183,2888904,1280500,1501916,2888928,0,1264264,16228,8,29
1789024835,7348,2011183,2888904,1280500,1501916,2888928,0,1264264,16228,8,29
1789024837,7350,2011183,2888904,1280500,1501916,2888928,0,1264264,16228,8,29
1789024839,7352,2011183,2888904,1280500,1501916,2888928,0,1264264,16228,8,29
1789024841,7354,2011183,2888904,1280500,1501916,2888928,0,1264264,16228,8,29
1789024843,7356,2011183,2888904,1280500,1501916,2888928,0,1264264,16228,8,29
1789024845,7358,2011183,2888904,1280500,1501916,2888928,0,1264264,16228,8,29
1789024847,7360,2011183,2888904,1280500,1501916,2888928,0,1264264,16228,8,29
1789024849,7362,2011183,2888904,1280500,1501916,2888928,0,1264264,16228,8,29
1789024851,7364,2011183,2888904,1280500,1501916,2888928,0,1264264,16228,8,29
1789024853,7366,2011183,2888904,1280500,1501916,2888928,0,1264264,16228,8,29
1789024855,7368,2011183,2888904,1280500,1501916,2888928,0,1264264,16228,8,29
1789024858,7371,2011183,2888904,1280500,1501916,2888928,0,1264264,16228,8,29
1789024860,7373,2011183,2888904,1280500,1501916,2888928,0,1264264,16228,8,29
1789024862,7375,2011183,2888904,1280500,1501916,2888928,0,1264264,16228,8,29
1789024864,7377,2011183,2888904,1280500,1501916,2888928,0,1264264,16228,8,29
1789024867,7380,2011183,2888904,1280500,1501916,2888928,0,1264264,16228,8,29
1789024868,7381,2011183,2888904,1280500,1501916,2888928,0,1264264,16228,8,29
1789024870,7383,2011183,2888904,1280500,1501916,2888928,0,1264264,16228,8,29
1789024872,7385,2011183,2888904,1280500,1501916,2888928,0,1264264,16228,8,29
1789024874,7387,2011183,2888904,1280500,1501916,2888928,0,1264264,16228,8,29
1789024876,7389,2011183,2888904,1280500,1501916,2888928,0,1264264,16228,8,29
1789024878,7391,2011183,2888904,1280500,1501916,2888928,0,1264264,16228,8,29
1789024880,7393,2011183,2888904,1280500,1501916,2888928,0,1264264,16228,8,29
1789024882,7395,2011183,2888904,1280500,1501916,2888928,0,1264264,16228,8,29
1789024884,7397,2011183,2888904,1280500,1501916,2888928,0,1264264,16228,8,29
1789024886,7399,2011183,2888904,1280500,1501916,2888928,0,1264264,16228,8,29
1789024888,7401,2011183,2888904,1280500,1501916,2888928,0,1264264,16228,8,29
1789024890,7403,2011183,2888904,1280500,1501916,2888928,0,1264264,16228,8,29
1789024892,7405,2011183,2888904,1280500,1501916,2888928,0,1264264,16228,8,29
1789024895,7408,2011183,2888916,1280512,1501924,2888928,0,1264276,16228,8,30
1789024896,7409,2011183,2888904,1280500,1501916,2888928,0,1264264,16228,8,29
1789024899,7412,2011183,2888904,1280500,1501916,2888928,0,1264264,16228,8,29
1789024900,7413,2011183,2888904,1280500,1501916,2888928,0,1264264,16228,8,29
1789024902,7415,2011183,2888904,1280500,1501916,2888928,0,1264264,16228,8,29
1789024904,7417,2011183,2888904,1280500,1501916,2888928,0,1264264,16228,8,29
1789024906,7419,2011183,2888904,1280500,1501916,2888928,0,1264264,16228,8,29
1789024908,7421,2011183,2888904,1280500,1501916,2888928,0,1264264,16228,8,29
1789024911,7424,2011183,2888904,1280500,1501916,2888928,0,1264264,16228,8,29
1789024913,7426,2011183,2888904,1280500,1501916,2888928,0,1264264,16228,8,29
1789024915,7428,2011183,2888904,1280500,1501916,2888928,0,1264264,16228,8,29
1789024917,7430,2011183,2888904,1280500,1501916,2888928,0,1264264,16228,8,29
1789024920,7433,2011183,2888904,1280500,1501916,2888928,0,1264264,16228,8,29
1789024922,7435,2011183,2888904,1280500,1501916,2888928,0,1264264,16228,8,29
1789024924,7437,2011183,2888904,1280500,1501916,2888928,0,1264264,16228,8,29
1789024926,7439,2011183,2888904,1280500,1501916,2888928,0,1264264,16228,8,29
1789024929,7442,2011183,2888904,1280500,1501916,2888928,0,1264264,16228,8,29
1789024930,7443,2011183,2888904,1280500,1501916,2888928,0,1264264,16228,8,29
1789024933,7446,2011183,2888904,1280500,1501916,2888928,0,1264264,16228,8,29
1789024934,7447,2011183,2888904,1280500,1501916,2888928,0,1264264,16228,8,29
1789024936,7449,2011183,2888904,1280500,1501916,2888928,0,1264264,16228,8,29
1789024938,7451,2011183,2888904,1280500,1501916,2888928,0,1264264,16228,8,29
1789024940,7453,2011183,2888904,1280500,1501916,2888928,0,1264264,16228,8,29
1789024942,7455,2011183,2888904,1280500,1501916,2888928,0,1264264,16228,8,29
1789024944,7457,2011183,2888904,1280500,1501916,2888928,0,1264264,16228,8,29
1789024946,7459,2011183,2888904,1280500,1501916,2888928,0,1264264,16228,8,29
1789024948,7461,2011183,2888904,1280500,1501916,2888928,0,1264264,16228,8,29
1789024950,7463,2011183,2888904,1280500,1501916,2888928,0,1264264,16228,8,29
1789024952,7465,2011183,2888904,1280500,1501916,2888928,0,1264264,16228,8,29
1789024954,7467,2011183,2888904,1280500,1501916,2888928,0,1264264,16228,8,29
1789024956,7469,2011183,2888904,1280500,1501916,2888928,0,1264264,16228,8,29
1789024958,7471,2011183,2888904,1280500,1501916,2888928,0,1264264,16228,8,29
1789024960,7473,2011183,2888904,1280500,1501916,2888928,0,1264264,16228,8,29
1789024962,7475,2011183,2888904,1280500,1501916,2888928,0,1264264,16228,8,29
1789024964,7477,2011183,2888904,1280500,1501916,2888928,0,1264264,16228,8,29
1789024966,7479,2011183,2888904,1280500,1501916,2888928,0,1264264,16228,8,29
1789024968,7481,2011183,2888904,1280500,1501916,2888928,0,1264264,16228,8,29
1789024970,7483,2011183,2888904,1280500,1501916,2888928,0,1264264,16228,8,29
1789024972,7485,2011183,2888904,1280500,1501916,2888928,0,1264264,16228,8,29
1789024974,7487,2011183,2888904,1280500,1501916,2888928,0,1264264,16228,8,29
1789024976,7489,2011183,2888904,1280500,1501916,2888928,0,1264264,16228,8,29
1789024978,7491,2011183,2888904,1280500,1501916,2888928,0,1264264,16228,8,29
1789024980,7493,2011183,2888904,1280500,1501916,2888928,0,1264264,16228,8,29
1789024982,7495,2011183,2888904,1280500,1501916,2888928,0,1264264,16228,8,29
1789024984,7497,2011183,2888904,1280500,1501916,2888928,0,1264264,16228,8,29
1789024986,7499,2011183,2888904,1280500,1501916,2888928,0,1264264,16228,8,29
1789024988,7501,2011183,2888904,1280500,1501916,2888928,0,1264264,16228,8,29
1789024990,7503,2011183,2888904,1280500,1501916,2888928,0,1264264,16228,8,29
1789024992,7505,2011183,2888904,1280500,1501916,2888928,0,1264264,16228,8,29
1789024994,7507,2011183,2888904,1280500,1501916,2888928,0,1264264,16228,8,29
1789024996,7509,2011183,2888904,1280500,1501916,2888928,0,1264264,16228,8,29
1789024998,7511,2011183,2888904,1280500,1501916,2888928,0,1264264,16228,8,29
1789025000,7513,2011183,2888904,1280500,1501916,2888928,0,1264264,16228,8,29
1789025002,7515,2011183,2888904,1280500,1501916,2888928,0,1264264,16228,8,29
1789025004,7517,2011183,2888904,1280500,1501916,2888928,0,1264264,16228,8,29
1789025006,7519,2011183,2888904,1280500,1501916,2888928,0,1264264,16228,8,29
1789025009,7522,2011183,2888904,1280500,1501916,2888928,0,1264264,16228,8,29
1789025011,7524,2011183,2888904,1280500,1501916,2888928,0,1264264,16228,8,29
1789025014,7527,2011183,2888904,1280500,1501916,2888928,0,1264264,16228,8,29
1789025016,7529,2011183,2888904,1280500,1501916,2888928,0,1264264,16228,8,29
1789025018,7531,2011183,2888904,1280500,1501916,2888928,0,1264264,16228,8,29
1789025020,7533,2011183,2888904,1280500,1501916,2888928,0,1264264,16228,8,29
1789025022,7535,2011183,2888904,1280500,1501916,2888928,0,1264264,16228,8,29
1789025024,7537,2011183,2888904,1280500,1501916,2888928,0,1264264,16228,8,29
1789025026,7539,2011183,2888904,1280500,1501916,2888928,0,1264264,16228,8,29
1789025028,7541,2011183,2888904,1280500,1501916,2888928,0,1264264,16228,8,29
1789025030,7543,2011183,2888904,1280500,1501916,2888928,0,1264264,16228,8,29
1789025032,7545,2011183,2888904,1280500,1501916,2888928,0,1264264,16228,8,29
1789025034,7547,2011183,2888904,1280500,1501916,2888928,0,1264264,16228,8,29
1789025036,7549,2011183,2888904,1280500,1501916,2888928,0,1264264,16228,8,29
1789025038,7551,2011183,2888904,1280500,1501916,2888928,0,1264264,16228,8,29
1789025040,7553,2011183,2888904,1280500,1501916,2888928,0,1264264,16228,8,29
1789025042,7555,2011183,2888904,1280500,1501916,2888928,0,1264264,16228,8,29
1789025044,7557,2011183,2888904,1280500,1501916,2888928,0,1264264,16228,8,29
1789025046,7559,2011183,2888904,1280500,1501916,2888928,0,1264264,16228,8,29
1789025048,7561,2011183,2888904,1280500,1501916,2888928,0,1264264,16228,8,29
1789025050,7563,2011183,2888904,1280500,1501916,2888928,0,1264264,16228,8,29
1789025052,7565,2011183,2888904,1280500,1501916,2888928,0,1264264,16228,8,29
1789025054,7567,2011183,2888904,1280500,1501916,2888928,0,1264264,16228,8,29
1789025056,7569,2011183,2888904,1280500,1501916,2888928,0,1264264,16228,8,29
1789025058,7571,2011183,2888904,1280500,1501916,2888928,0,1264264,16228,8,29
1789025060,7573,2011183,2888904,1280500,1501916,2888928,0,1264264,16228,8,29
1789025062,7575,2011183,2888904,1280500,1501916,2888928,0,1264264,16228,8,29
1789025064,7577,2011183,2888904,1280500,1501916,2888928,0,1264264,16228,8,29
1789025066,7579,2011183,2888904,1280500,1501916,2888928,0,1264264,16228,8,29
1789025068,7581,2011183,2888904,1280500,1501916,2888928,0,1264264,16228,8,29
1789025071,7584,2011183,2888904,1280500,1501916,2888928,0,1264264,16228,8,29
1789025073,7586,2011183,2888904,1280500,1501916,2888928,0,1264264,16228,8,29
1789025075,7588,2011183,2888904,1280500,1501916,2888928,0,1264264,16228,8,29
1789025077,7590,2011183,2888904,1280500,1501916,2888928,0,1264264,16228,8,29
1789025080,7593,2011183,2888904,1280500,1501916,2888928,0,1264264,16228,8,29
1789025082,7595,2011183,2888904,1280500,1501916,2888928,0,1264264,16228,8,29
1789025084,7597,2011183,2888904,1280500,1501916,2888928,0,1264264,16228,8,29
1789025086,7599,2011183,2888904,1280500,1501916,2888928,0,1264264,16228,8,29
1789025088,7601,2011183,2888904,1280500,1501916,2888928,0,1264264,16228,8,29
1789025090,7603,2011183,2888904,1280500,1501916,2888928,0,1264264,16228,8,29
1789025092,7605,2011183,2888904,1280500,1501916,2888928,0,1264264,16228,8,29
1789025094,7607,2011183,2888904,1280500,1501916,2888928,0,1264264,16228,8,29
1789025096,7609,2011183,2888904,1280500,1501916,2888928,0,1264264,16228,8,29
1789025098,7611,2011183,2888904,1280500,1501916,2888928,0,1264264,16228,8,29
1789025100,7613,2011183,2888904,1280500,1501916,2888928,0,1264264,16228,8,29
1789025102,7615,2011183,2888904,1280500,1501916,2888928,0,1264264,16228,8,29
1789025104,7617,2011183,2888904,1280500,1501916,2888928,0,1264264,16228,8,29
1789025106,7619,2011183,2888904,1280500,1501916,2888928,0,1264264,16228,8,29
1789025108,7621,2011183,2888904,1280500,1501916,2888928,0,1264264,16228,8,29
1789025110,7623,2011183,2888904,1280500,1501916,2888928,0,1264264,16228,8,29
1789025112,7625,2011183,2888904,1280500,1501916,2888928,0,1264264,16228,8,29
1789025114,7627,2011183,2888904,1280500,1501916,2888928,0,1264264,16228,8,29
1789025116,7629,2011183,2888904,1280500,1501916,2888928,0,1264264,16228,8,29
1789025118,7631,2011183,2888904,1280500,1501916,2888928,0,1264264,16228,8,29
1789025120,7633,2011183,2888904,1280500,1501916,2888928,0,1264264,16228,8,29
1789025122,7635,2011183,2888904,1280500,1501916,2888928,0,1264264,16228,8,29
1789025124,7637,2011183,2888904,1280500,1501916,2888928,0,1264264,16228,8,29
1789025126,7639,2011183,2888904,1280500,1501916,2888928,0,1264264,16228,8,29
1789025128,7641,2011183,2888904,1280500,1501916,2888928,0,1264264,16228,8,29
1789025130,7643,2011183,2888904,1280500,1501916,2888928,0,1264264,16228,8,29
1789025132,7645,2011183,2888904,1280500,1501916,2888928,0,1264264,16228,8,29
1789025134,7647,2011183,2888904,1280500,1501916,2888928,0,1264264,16228,8,29
1789025136,7649,2011183,2888904,1280500,1501916,2888928,0,1264264,16228,8,29
1789025138,7651,2011183,2888904,1280500,1501916,2888928,0,1264264,16228,8,29
1789025140,7653,2011183,2888904,1280500,1501916,2888928,0,1264264,16228,8,29
1789025142,7655,2011183,2888904,1280500,1501916,2888928,0,1264264,16228,8,29
1789025144,7657,2011183,2888904,1280500,1501916,2888928,0,1264264,16228,8,29
1789025146,7659,2011183,2888904,1280500,1501916,2888928,0,1264264,16228,8,29
1789025148,7661,2011183,2888904,1280500,1501916,2888928,0,1264264,16228,8,29
1789025150,7663,2011183,2888904,1280500,1501916,2888928,0,1264264,16228,8,29
1789025152,7665,2011183,2888904,1280500,1501916,2888928,0,1264264,16228,8,29
1789025154,7667,2011183,2888904,1280500,1501916,2888928,0,1264264,16228,8,29
1789025156,7669,2011183,2888904,1280500,1501916,2888928,0,1264264,16228,8,29
1789025158,7671,2011183,2888904,1280500,1501916,2888928,0,1264264,16228,8,29
1789025160,7673,2011183,2888904,1280500,1501916,2888928,0,1264264,16228,8,29
1789025162,7675,2011183,2888904,1280500,1501916,2888928,0,1264264,16228,8,29
1789025164,7677,2011183,2888904,1280500,1501916,2888928,0,1264264,16228,8,29
1789025166,7679,2011183,2888904,1280500,1501916,2888928,0,1264264,16228,8,29
1789025169,7682,2011183,2888904,1280500,1501916,2888928,0,1264264,16228,8,29
1789025171,7684,2011183,2888904,1280500,1501916,2888928,0,1264264,16228,8,29
1789025173,7686,2011183,2888904,1280500,1501916,2888928,0,1264264,16228,8,29
1789025175,7688,2011183,2888904,1280500,1501916,2888928,0,1264264,16228,8,29
1789025177,7690,2011183,2888904,1280500,1501916,2888928,0,1264264,16228,8,29
1789025179,7692,2011183,2888904,1280500,1501916,2888928,0,1264264,16228,8,29
1789025181,7694,2011183,2888904,1280500,1501916,2888928,0,1264264,16228,8,29
1789025183,7696,2011183,2888904,1280500,1501916,2888928,0,1264264,16228,8,29
1789025185,7698,2011183,2888904,1280500,1501916,2888928,0,1264264,16228,8,29
1789025187,7700,2011183,2888904,1280500,1501916,2888928,0,1264264,16228,8,29
1789025189,7702,2011183,2888904,1280500,1501916,2888928,0,1264264,16228,8,29
1789025191,7704,2011183,2888904,1280500,1501916,2888928,0,1264264,16228,8,29
1789025193,7706,2011183,2888904,1280500,1501916,2888928,0,1264264,16228,8,29
1789025195,7708,2011183,2888904,1280500,1501916,2888928,0,1264264,16228,8,29
1789025197,7710,2011183,2888904,1280500,1501916,2888928,0,1264264,16228,8,29
1789025199,7712,2011183,2888904,1280500,1501916,2888928,0,1264264,16228,8,29
1789025201,7714,2011183,2888904,1280500,1501916,2888928,0,1264264,16228,8,29
1789025203,7716,2011183,2888904,1280500,1501916,2888928,0,1264264,16228,8,29
1789025205,7718,2011183,2888904,1280500,1501916,2888928,0,1264264,16228,8,29
1789025207,7720,2011183,2888904,1280500,1501916,2888928,0,1264264,16228,8,29
1789025209,7722,2011183,2888904,1280500,1501916,2888928,0,1264264,16228,8,29
1789025211,7724,2011183,2888904,1280500,1501916,2888928,0,1264264,16228,8,29
1789025213,7726,2011183,2888904,1280500,1501916,2888928,0,1264264,16228,8,29
1789025215,7728,2011183,2888904,1280500,1501916,2888928,0,1264264,16228,8,29
1789025217,7730,2011183,2888904,1280500,1501916,2888928,0,1264264,16228,8,29
1789025219,7732,2011183,2888904,1280500,1501916,2888928,0,1264264,16228,8,29
1789025221,7734,2011183,2888904,1280500,1501916,2888928,0,1264264,16228,8,29
1789025223,7736,2011183,2888904,1280500,1501916,2888928,0,1264264,16228,8,29
1789025225,7738,2011183,2888904,1280500,1501916,2888928,0,1264264,16228,8,29
1789025227,7740,2011183,2888904,1280500,1501916,2888928,0,1264264,16228,8,29
1789025229,7742,2011183,2888904,1280500,1501916,2888928,0,1264264,16228,8,29
1789025231,7744,2011183,2888904,1280500,1501916,2888928,0,1264264,16228,8,29
1789025233,7746,2011183,2888904,1280500,1501916,2888928,0,1264264,16228,8,29
1789025235,7748,2011183,2888904,1280500,1501916,2888928,0,1264264,16228,8,29
1789025237,7750,2011183,2888904,1280500,1501916,2888928,0,1264264,16228,8,29
1789025239,7752,2011183,2888904,1280500,1501916,2888928,0,1264264,16228,8,29
1789025241,7754,2011183,2888904,1280500,1501916,2888928,0,1264264,16228,8,29
1789025243,7756,2011183,2888904,1280500,1501916,2888928,0,1264264,16228,8,29
1789025245,7758,2011183,2888904,1280500,1501916,2888928,0,1264264,16228,8,29
1789025247,7760,2011183,2888904,1280500,1501916,2888928,0,1264264,16228,8,29
1789025249,7762,2011183,2888904,1280500,1501916,2888928,0,1264264,16228,8,29
1789025251,7764,2011183,2888904,1280500,1501916,2888928,0,1264264,16228,8,29
1789025253,7766,2011183,2888904,1280500,1501916,2888928,0,1264264,16228,8,29
1789025255,7768,2011183,2888904,1280500,1501916,2888928,0,1264264,16228,8,29
1789025257,7770,2011183,2888904,1280500,1501916,2888928,0,1264264,16228,8,29
1789025259,7772,2011183,2888904,1280500,1501916,2888928,0,1264264,16228,8,29
1789025261,7774,2011183,2888904,1280500,1501916,2888928,0,1264264,16228,8,29
1789025263,7776,2011183,2888904,1280500,1501916,2888928,0,1264264,16228,8,29
1789025265,7778,2011183,2888904,1280500,1501916,2888928,0,1264264,16228,8,29
1789025267,7780,2011183,2888904,1280500,1501916,2888928,0,1264264,16228,8,29
1789025269,7782,2011183,2888904,1280500,1501916,2888928,0,1264264,16228,8,29
1789025271,7784,2011183,2888904,1280500,1501916,2888928,0,1264264,16228,8,29
1789025273,7786,2011183,2888904,1280500,1501916,2888928,0,1264264,16228,8,29
1789025275,7788,2011183,2888904,1280500,1501916,2888928,0,1264264,16228,8,29
1789025277,7790,2011183,2888904,1280500,1501916,2888928,0,1264264,16228,8,29
1789025279,7792,2011183,2888904,1280500,1501916,2888928,0,1264264,16228,8,29
1789025281,7794,2011183,2888904,1280500,1501916,2888928,0,1264264,16228,8,29
1789025283,7796,2011183,2888904,1280500,1501916,2888928,0,1264264,16228,8,29
1789025285,7798,2011183,2888904,1280500,1501916,2888928,0,1264264,16228,8,29
1789025287,7800,2011183,2888904,1280500,1501916,2888928,0,1264264,16228,8,29
1789025289,7802,2011183,2888904,1280500,1501916,2888928,0,1264264,16228,8,29
1789025291,7804,2011183,2888904,1280500,1501916,2888928,0,1264264,16228,8,29
1789025293,7806,2011183,2888904,1280500,1501916,2888928,0,1264264,16228,8,29
1789025295,7808,2011183,2888904,1280500,1501916,2888928,0,1264264,16228,8,29
1789025297,7810,2011183,2888904,1280500,1501916,2888928,0,1264264,16228,8,29
1789025299,7812,2011183,2888904,1280500,1501916,2888928,0,1264264,16228,8,29
1789025301,7814,2011183,2888904,1280500,1501916,2888928,0,1264264,16228,8,29
1789025303,7816,2011183,2888904,1280500,1501916,2888928,0,1264264,16228,8,29
1789025305,7818,2011183,2888904,1280500,1501916,2888928,0,1264264,16228,8,29
1789025307,7820,2011183,2888904,1280500,1501916,2888928,0,1264264,16228,8,29
1789025309,7822,2011183,2888904,1280500,1501916,2888928,0,1264264,16228,8,29
1789025311,7824,2011183,2888904,1280500,1501916,2888928,0,1264264,16228,8,29
1789025313,7826,2011183,2888904,1280500,1501916,2888928,0,1264264,16228,8,29
1789025315,7828,2011183,2888904,1280500,1501916,2888928,0,1264264,16228,8,29
1789025317,7830,2011183,2888904,1280500,1501916,2888928,0,1264264,16228,8,29
1789025319,7832,2011183,2888904,1280500,1501916,2888928,0,1264264,16228,8,29
1789025321,7834,2011183,2888904,1280500,1501916,2888928,0,1264264,16228,8,29
1789025323,7836,2011183,2888904,1280500,1501916,2888928,0,1264264,16228,8,29
1789025325,7838,2011183,2888904,1280500,1501916,2888928,0,1264264,16228,8,29
1789025327,7840,2011183,2888904,1280500,1501916,2888928,0,1264264,16228,8,29
1789025329,7842,2011183,2888904,1280500,1501916,2888928,0,1264264,16228,8,29
1789025331,7844,2011183,2888904,1280500,1501916,2888928,0,1264264,16228,8,29
1789025333,7846,2011183,2888904,1280500,1501916,2888928,0,1264264,16228,8,29
1789025335,7848,2011183,2888904,1280500,1501916,2888928,0,1264264,16228,8,29
1789025337,7850,2011183,2888904,1280500,1501916,2888928,0,1264264,16228,8,29
1789025339,7852,2011183,2888904,1280500,1501916,2888928,0,1264264,16228,8,29
1789025341,7854,2011183,2888904,1280500,1501916,2888928,0,1264264,16228,8,29
1789025343,7856,2011183,2888904,1280500,1501916,2888928,0,1264264,16228,8,29
1789025345,7858,2011183,2888904,1280500,1501916,2888928,0,1264264,16228,8,29
1789025347,7860,2011183,2888904,1280500,1501916,2888928,0,1264264,16228,8,29
1789025349,7862,2011183,2888904,1280500,1501916,2888928,0,1264264,16228,8,29
1789025351,7864,2011183,2888904,1280500,1501916,2888928,0,1264264,16228,8,29
1789025353,7866,2011183,2888904,1280500,1501916,2888928,0,1264264,16228,8,29
1789025355,7868,2011183,2888904,1280500,1501916,2888928,0,1264264,16228,8,29
1789025357,7870,2011183,2888904,1280500,1501916,2888928,0,1264264,16228,8,29
1789025359,7872,2011183,2888904,1280500,1501916,2888928,0,1264264,16228,8,29
1789025361,7874,2011183,2888904,1280500,1501916,2888928,0,1264264,16228,8,29
1789025363,7876,2011183,2888904,1280500,1501916,2888928,0,1264264,16228,8,29
1789025365,7878,2011183,2888904,1280500,1501916,2888928,0,1264264,16228,8,29
1789025367,7880,2011183,2888904,1280500,1501916,2888928,0,1264264,16228,8,29
1789025369,7882,2011183,2888904,1280500,1501916,2888928,0,1264264,16228,8,29
1789025371,7884,2011183,2888904,1280500,1501916,2888928,0,1264264,16228,8,29
1789025373,7886,2011183,2888904,1280500,1501916,2888928,0,1264264,16228,8,29
1789025375,7888,2011183,2888904,1280500,1501916,2888928,0,1264264,16228,8,29
1789025377,7890,2011183,2888904,1280500,1501916,2888928,0,1264264,16228,8,29
1789025379,7892,2011183,2888904,1280500,1501916,2888928,0,1264264,16228,8,29
1789025381,7894,2011183,2888904,1280500,1501916,2888928,0,1264264,16228,8,29
1789025383,7896,2011183,2888904,1280500,1501916,2888928,0,1264264,16228,8,29
1789025385,7898,2011183,2888904,1280500,1501916,2888928,0,1264264,16228,8,29
1789025387,7900,2011183,2888904,1280500,1501916,2888928,0,1264264,16228,8,29
1789025389,7902,2011183,2888904,1280500,1501916,2888928,0,1264264,16228,8,29
1789025391,7904,2011183,2888904,1280500,1501916,2888928,0,1264264,16228,8,29
1789025393,7906,2011183,2888904,1280500,1501916,2888928,0,1264264,16228,8,29
1789025395,7908,2011183,2888904,1280500,1501916,2888928,0,1264264,16228,8,29
1789025397,7910,2011183,2888904,1280500,1501916,2888928,0,1264264,16228,8,29
1789025399,7912,2011183,2888904,1280500,1501916,2888928,0,1264264,16228,8,29
1789025401,7914,2011183,2888904,1280500,1501916,2888928,0,1264264,16228,8,29
1789025403,7916,2011183,2888904,1280500,1501916,2888928,0,1264264,16228,8,29
1789025405,7918,2011183,2888904,1280500,1501916,2888928,0,1264264,16228,8,29
1789025407,7920,2011183,2888904,1280500,1501916,2888928,0,1264264,16228,8,29
1789025409,7922,2011183,2888904,1280500,1501916,2888928,0,1264264,16228,8,29
1789025411,7924,2011183,2888904,1280500,1501916,2888928,0,1264264,16228,8,29
1789025413,7926,2011183,2888904,1280500,1501916,2888928,0,1264264,16228,8,29
1789025415,7928,2011183,2888904,1280500,1501916,2888928,0,1264264,16228,8,29
1789025417,7930,2011183,2888904,1280500,1501916,2888928,0,1264264,16228,8,29
1789025419,7932,2011183,2888904,1280500,1501916,2888928,0,1264264,16228,8,29
1789025421,7934,2011183,2888904,1280500,1501916,2888928,0,1264264,16228,8,29
1789025423,7936,2011183,2888904,1280500,1501916,2888928,0,1264264,16228,8,29
1789025425,7938,2011183,2888904,1280500,1501916,2888928,0,1264264,16228,8,29
1789025427,7940,2011183,2888904,1280500,1501916,2888928,0,1264264,16228,8,29
1789025429,7942,2011183,2888904,1280500,1501916,2888928,0,1264264,16228,8,29
1789025431,7944,2011183,2888904,1280500,1501916,2888928,0,1264264,16228,8,29
1789025433,7946,2011183,2888904,1280500,1501916,2888928,0,1264264,16228,8,29
1789025435,7948,2011183,2888904,1280500,1501916,2888928,0,1264264,16228,8,29
1789025437,7950,2011183,2888904,1280500,1501916,2888928,0,1264264,16228,8,29
1789025439,7952,2011183,2888904,1280500,1501916,2888928,0,1264264,16228,8,29
1789025441,7954,2011183,2888904,1280500,1501916,2888928,0,1264264,16228,8,29
1789025443,7956,2011183,2888904,1280500,1501916,2888928,0,1264264,16228,8,29
1789025445,7958,2011183,2888904,1280500,1501916,2888928,0,1264264,16228,8,29
1789025447,7960,2011183,2888904,1280500,1501916,2888928,0,1264264,16228,8,29
1789025449,7962,2011183,2888904,1280500,1501916,2888928,0,1264264,16228,8,29
1789025451,7964,2011183,2888904,1280500,1501916,2888928,0,1264264,16228,8,29
1789025453,7966,2011183,2888904,1280500,1501916,2888928,0,1264264,16228,8,29
1789025455,7968,2011183,2888904,1280500,1501916,2888928,0,1264264,16228,8,29
1789025458,7971,2011183,2888904,1280500,1501916,2888928,0,1264264,16228,8,29
1789025460,7973,2011183,2888904,1280500,1501916,2888928,0,1264264,16228,8,29
1789025463,7976,2011183,2888904,1280500,1501916,2888928,0,1264264,16228,8,29
1789025464,7977,2011183,2888904,1280500,1501916,2888928,0,1264264,16228,8,29
1789025466,7979,2011183,2888904,1280500,1501916,2888928,0,1264264,16228,8,29
1789025468,7981,2011183,2888904,1280500,1501916,2888928,0,1264264,16228,8,29
1789025470,7983,2011183,2888904,1280500,1501916,2888928,0,1264264,16228,8,29
1789025472,7985,2011183,2888904,1280500,1501916,2888928,0,1264264,16228,8,29
1789025474,7987,2011183,2888904,1280500,1501916,2888928,0,1264264,16228,8,29
1789025476,7989,2011183,2888904,1280500,1501916,2888928,0,1264264,16228,8,29
1789025478,7991,2011183,2888904,1280500,1501916,2888928,0,1264264,16228,8,29
1789025480,7993,2011183,2888904,1280500,1501916,2888928,0,1264264,16228,8,29
1789025482,7995,2011183,2888904,1280500,1501916,2888928,0,1264264,16228,8,29
1789025484,7997,2011183,2888904,1280500,1501916,2888928,0,1264264,16228,8,29
1789025486,7999,2011183,2888904,1280500,1501916,2888928,0,1264264,16228,8,29
1789025488,8001,2011183,2888904,1280500,1501916,2888928,0,1264264,16228,8,29
1789025490,8003,2011183,2888904,1280500,1501916,2888928,0,1264264,16228,8,29
1789025492,8005,2011183,2888904,1280500,1501916,2888928,0,1264264,16228,8,29
1789025494,8007,2011183,2888904,1280500,1501916,2888928,0,1264264,16228,8,29
1789025496,8009,2011183,2888904,1280500,1501916,2888928,0,1264264,16228,8,29
1789025498,8011,2011183,2888904,1280500,1501916,2888928,0,1264264,16228,8,29
1789025500,8013,2011183,2888904,1280500,1501916,2888928,0,1264264,16228,8,29
1789025502,8015,2011183,2888904,1280500,1501916,2888928,0,1264264,16228,8,29
1789025504,8017,2011183,2888904,1280500,1501916,2888928,0,1264264,16228,8,29
1789025506,8019,2011183,2888904,1280500,1501916,2888928,0,1264264,16228,8,29
1789025508,8021,2011183,2888904,1280500,1501916,2888928,0,1264264,16228,8,29
1789025510,8023,2011183,2888904,1280500,1501916,2888928,0,1264264,16228,8,29
1789025512,8025,2011183,2888904,1280500,1501916,2888928,0,1264264,16228,8,29
1789025514,8027,2011183,2888904,1280500,1501916,2888928,0,1264264,16228,8,29
1789025516,8029,2011183,2888904,1280500,1501916,2888928,0,1264264,16228,8,29
1789025518,8031,2011183,2888904,1280500,1501916,2888928,0,1264264,16228,8,29
1789025520,8033,2011183,2888904,1280500,1501916,2888928,0,1264264,16228,8,29
1789025522,8035,2011183,2888904,1280500,1501916,2888928,0,1264264,16228,8,29
1789025524,8037,2011183,2888904,1280500,1501916,2888928,0,1264264,16228,8,29
1789025526,8039,2011183,2888904,1280500,1501916,2888928,0,1264264,16228,8,29
1789025528,8041,2011183,2888904,1280500,1501916,2888928,0,1264264,16228,8,29
1789025531,8044,2011183,2888904,1280500,1501916,2888928,0,1264264,16228,8,29
1789025533,8046,2011183,2888904,1280500,1501916,2888928,0,1264264,16228,8,29
1789025535,8048,2011183,2888904,1280500,1501916,2888928,0,1264264,16228,8,29
1789025537,8050,2011183,2888904,1280500,1501916,2888928,0,1264264,16228,8,29
1789025539,8052,2011183,2888904,1280500,1501916,2888928,0,1264264,16228,8,29
1789025541,8054,2011183,2888904,1280500,1501916,2888928,0,1264264,16228,8,29
1789025543,8056,2011183,2888904,1280500,1501916,2888928,0,1264264,16228,8,29
1789025545,8058,2011183,2888904,1280500,1501916,2888928,0,1264264,16228,8,29
1789025547,8060,2011183,2888904,1280500,1501916,2888928,0,1264264,16228,8,29
1789025549,8062,2011183,2888904,1280500,1501916,2888928,0,1264264,16228,8,29
1789025551,8064,2011183,2888904,1280500,1501916,2888928,0,1264264,16228,8,29
1789025553,8066,2011183,2888904,1280500,1501916,2888928,0,1264264,16228,8,29
1789025556,8069,2011183,2888904,1280500,1501916,2888928,0,1264264,16228,8,29
1789025558,8071,2011183,2888904,1280500,1501916,2888928,0,1264264,16228,8,29
1789025560,8073,2011183,2888904,1280500,1501916,2888928,0,1264264,16228,8,29
1789025562,8075,2011183,2888904,1280500,1501916,2888928,0,1264264,16228,8,29
1789025564,8077,2011183,2888904,1280500,1501916,2888928,0,1264264,16228,8,29
1789025566,8079,2011183,2888904,1280500,1501916,2888928,0,1264264,16228,8,29
1789025568,8081,2011183,2888904,1280500,1501916,2888928,0,1264264,16228,8,29
1789025570,8083,2011183,2888904,1280500,1501916,2888928,0,1264264,16228,8,29
1789025572,8085,2011183,2888904,1280500,1501916,2888928,0,1264264,16228,8,29
1789025574,8087,2011183,2888904,1280500,1501916,2888928,0,1264264,16228,8,29
1789025576,8089,2011183,2888904,1280500,1501916,2888928,0,1264264,16228,8,29
1789025578,8091,2011183,2888904,1280500,1501916,2888928,0,1264264,16228,8,29
1789025580,8093,2011183,2888904,1280500,1501916,2888928,0,1264264,16228,8,29
1789025582,8095,2011183,2888904,1280500,1501916,2888928,0,1264264,16228,8,29
1789025584,8097,2011183,2888904,1280500,1501916,2888928,0,1264264,16228,8,29
1789025586,8099,2011183,2888904,1280500,1501916,2888928,0,1264264,16228,8,29
1789025588,8101,2011183,2888904,1280500,1501916,2888928,0,1264264,16228,8,29
1789025590,8103,2011183,2888904,1280500,1501916,2888928,0,1264264,16228,8,29
1789025592,8105,2011183,2888904,1280500,1501916,2888928,0,1264264,16228,8,29
1789025594,8107,2011183,2888904,1280500,1501916,2888928,0,1264264,16228,8,29
1789025596,8109,2011183,2888904,1280500,1501916,2888928,0,1264264,16228,8,29
1789025598,8111,2011183,2888904,1280500,1501916,2888928,0,1264264,16228,8,29
1789025600,8113,2011183,2888904,1280500,1501916,2888928,0,1264264,16228,8,29
1789025602,8115,2011183,2888904,1280500,1501916,2888928,0,1264264,16228,8,29
1789025604,8117,2011183,2888904,1280500,1501916,2888928,0,1264264,16228,8,29
1789025606,8119,2011183,2888904,1280500,1501916,2888928,0,1264264,16228,8,29
1789025608,8121,2011183,2888904,1280500,1501916,2888928,0,1264264,16228,8,29
1789025610,8123,2011183,2888904,1280500,1501916,2888928,0,1264264,16228,8,29
1789025612,8125,2011183,2888904,1280500,1501916,2888928,0,1264264,16228,8,29
1789025614,8127,2011183,2888904,1280500,1501916,2888928,0,1264264,16228,8,29
1789025616,8129,2011183,2888904,1280500,1501916,2888928,0,1264264,16228,8,29
1789025618,8131,2011183,2888904,1280500,1501916,2888928,0,1264264,16228,8,29
1789025620,8133,2011183,2888904,1280500,1501916,2888928,0,1264264,16228,8,29
1789025622,8135,2011183,2888904,1280500,1501916,2888928,0,1264264,16228,8,29
1789025624,8137,2011183,2888904,1280500,1501916,2888928,0,1264264,16228,8,29
1789025626,8139,2011183,2888904,1280500,1501916,2888928,0,1264264,16228,8,29
1789025628,8141,2011183,2888904,1280500,1501916,2888928,0,1264264,16228,8,29
1789025630,8143,2011183,2888904,1280500,1501916,2888928,0,1264264,16228,8,29
1789025632,8145,2011183,2888904,1280500,1501916,2888928,0,1264264,16228,8,29
1789025634,8147,2011183,2888904,1280500,1501916,2888928,0,1264264,16228,8,29
1789025636,8149,2011183,2888904,1280500,1501916,2888928,0,1264264,16228,8,29
1789025638,8151,2011183,2888904,1280500,1501916,2888928,0,1264264,16228,8,29
1789025640,8153,2011183,2888904,1280500,1501916,2888928,0,1264264,16228,8,29
1789025642,8155,2011183,2888904,1280500,1501916,2888928,0,1264264,16228,8,29
1789025644,8157,2011183,2888904,1280500,1501916,2888928,0,1264264,16228,8,29
1789025646,8159,2011183,2888904,1280500,1501916,2888928,0,1264264,16228,8,29
1789025648,8161,2011183,2888904,1280500,1501916,2888928,0,1264264,16228,8,29
1789025650,8163,2011183,2888904,1280500,1501916,2888928,0,1264264,16228,8,29
1789025653,8166,2011183,2888904,1280500,1501916,2888928,0,1264264,16228,8,29
1789025655,8168,2011183,2888904,1280500,1501916,2888928,0,1264264,16228,8,29
1789025657,8170,2011183,2888904,1280500,1501916,2888928,0,1264264,16228,8,29
1789025659,8172,2011183,2888904,1280500,1501916,2888928,0,1264264,16228,8,29
1789025661,8174,2011183,2888904,1280500,1501916,2888928,0,1264264,16228,8,29
1789025663,8176,2011183,2888904,1280500,1501916,2888928,0,1264264,16228,8,29
1789025665,8178,2011183,2888904,1280500,1501916,2888928,0,1264264,16228,8,29
1789025667,8180,2011183,2888904,1280500,1501916,2888928,0,1264264,16228,8,29
1789025669,8182,2011183,2888904,1280500,1501916,2888928,0,1264264,16228,8,29
1789025671,8184,2011183,2888904,1280500,1501916,2888928,0,1264264,16228,8,29
1789025673,8186,2011183,2888904,1280500,1501916,2888928,0,1264264,16228,8,29
1789025675,8188,2011183,2888904,1280500,1501916,2888928,0,1264264,16228,8,29
1789025678,8191,2011183,2888904,1280500,1501916,2888928,0,1264264,16228,8,29
1789025680,8193,2011183,2888904,1280500,1501916,2888928,0,1264264,16228,8,29
1789025683,8196,2011183,2888904,1280500,1501916,2888928,0,1264264,16228,8,29
1789025685,8198,2011183,2888904,1280500,1501916,2888928,0,1264264,16228,8,29
1789025687,8200,2011183,2888904,1280500,1501916,2888928,0,1264264,16228,8,29
1789025689,8202,2011183,2888904,1280500,1501916,2888928,0,1264264,16228,8,29
1789025691,8204,2011183,2888904,1280500,1501916,2888928,0,1264264,16228,8,29
1789025693,8206,2011183,2888904,1280500,1501916,2888928,0,1264264,16228,8,29
1789025695,8208,2011183,2888904,1280500,1501916,2888928,0,1264264,16228,8,29
1789025697,8210,2011183,2888904,1280500,1501916,2888928,0,1264264,16228,8,29
1789025700,8213,2011183,2888904,1280500,1501916,2888928,0,1264264,16228,8,29
1789025702,8215,2011183,2888904,1280500,1501916,2888928,0,1264264,16228,8,29
1789025704,8217,2011183,2888904,1280500,1501916,2888928,0,1264264,16228,8,29
1789025706,8219,2011183,2888904,1280500,1501916,2888928,0,1264264,16228,8,29
1789025709,8222,2011183,2888904,1280500,1501916,2888928,0,1264264,16228,8,29
1789025711,8224,2011183,2888904,1280500,1501916,2888928,0,1264264,16228,8,29
1789025713,8226,2011183,2888904,1280500,1501916,2888928,0,1264264,16228,8,29
1789025715,8228,2011183,2888904,1280500,1501916,2888928,0,1264264,16228,8,29
1789025717,8230,2011183,2888904,1280500,1501916,2888928,0,1264264,16228,8,29
1789025719,8232,2011183,2888904,1280500,1501916,2888928,0,1264264,16228,8,29
1789025721,8234,2011183,2888904,1280500,1501916,2888928,0,1264264,16228,8,29
1789025723,8236,2011183,2888904,1280500,1501916,2888928,0,1264264,16228,8,29
1789025725,8238,2011183,2888904,1280500,1501916,2888928,0,1264264,16228,8,29
1789025727,8240,2011183,2888904,1280500,1501916,2888928,0,1264264,16228,8,29
1789025729,8242,2011183,2888904,1280500,1501916,2888928,0,1264264,16228,8,29
1789025731,8244,2011183,2888904,1280500,1501916,2888928,0,1264264,16228,8,29
1789025733,8246,2011183,2888904,1280500,1501916,2888928,0,1264264,16228,8,29
1789025735,8248,2011183,2888904,1280500,1501916,2888928,0,1264264,16228,8,29
1789025737,8250,2011183,2888904,1280500,1501916,2888928,0,1264264,16228,8,29
1789025739,8252,2011183,2888904,1280500,1501916,2888928,0,1264264,16228,8,29
1789025741,8254,2011183,2888904,1280500,1501916,2888928,0,1264264,16228,8,29
1789025743,8256,2011183,2888904,1280500,1501916,2888928,0,1264264,16228,8,29
1789025745,8258,2011183,2888904,1280500,1501916,2888928,0,1264264,16228,8,29
1789025747,8260,2011183,2888904,1280500,1501916,2888928,0,1264264,16228,8,29
1789025749,8262,2011183,2888904,1280500,1501916,2888928,0,1264264,16228,8,29
1789025751,8264,2011183,2888904,1280500,1501916,2888928,0,1264264,16228,8,29
1789025753,8266,2011183,2888904,1280500,1501916,2888928,0,1264264,16228,8,29
1789025755,8268,2011183,2888904,1280500,1501916,2888928,0,1264264,16228,8,29
1789025757,8270,2011183,2888904,1280500,1501916,2888928,0,1264264,16228,8,29
1789025759,8272,2011183,2888904,1280500,1501916,2888928,0,1264264,16228,8,29
1789025761,8274,2011183,2888904,1280500,1501916,2888928,0,1264264,16228,8,29
1789025763,8276,2011183,2888904,1280500,1501916,2888928,0,1264264,16228,8,29
1789025765,8278,2011183,2888904,1280500,1501916,2888928,0,1264264,16228,8,29
1789025767,8280,2011183,2888904,1280500,1501916,2888928,0,1264264,16228,8,29
1789025770,8283,2011183,2888904,1280500,1501916,2888928,0,1264264,16228,8,29
1789025772,8285,2011183,2888904,1280500,1501916,2888928,0,1264264,16228,8,29
1789025774,8287,2011183,2888904,1280500,1501916,2888928,0,1264264,16228,8,29
1789025776,8289,2011183,2888904,1280500,1501916,2888928,0,1264264,16228,8,29
1789025778,8291,2011183,2888904,1280500,1501916,2888928,0,1264264,16228,8,29
1789025780,8293,2011183,2888904,1280500,1501916,2888928,0,1264264,16228,8,29
1789025782,8295,2011183,2888904,1280500,1501916,2888928,0,1264264,16228,8,29
1789025784,8297,2011183,2888904,1280500,1501916,2888928,0,1264264,16228,8,29
1789025786,8299,2011183,2888904,1280500,1501916,2888928,0,1264264,16228,8,29
1789025788,8301,2011183,2888904,1280504,1501920,2888928,0,1264268,16228,8,29
1789025790,8303,2011183,2888904,1280504,1501920,2888928,0,1264268,16228,8,29
1789025792,8305,2011183,2888904,1280504,1501920,2888928,0,1264268,16228,8,29
1789025794,8307,2011183,2888904,1280504,1501920,2888928,0,1264268,16228,8,29
1789025796,8309,2011183,2888904,1280504,1501920,2888928,0,1264268,16228,8,29
1789025798,8311,2011183,2888904,1280504,1501920,2888928,0,1264268,16228,8,29
1789025800,8313,2011183,2888904,1280504,1501920,2888928,0,1264268,16228,8,29
1789025802,8315,2011183,2888904,1280504,1501920,2888928,0,1264268,16228,8,29
1789025804,8317,2011183,2888904,1280504,1501920,2888928,0,1264268,16228,8,29
1789025806,8319,2011183,2888904,1280504,1501920,2888928,0,1264268,16228,8,29
1789025808,8321,2011183,2888904,1280504,1501920,2888928,0,1264268,16228,8,29
1789025810,8323,2011183,2888904,1280504,1501920,2888928,0,1264268,16228,8,29
1789025812,8325,2011183,2888904,1280504,1501920,2888928,0,1264268,16228,8,29
1789025814,8327,2011183,2888904,1280504,1501920,2888928,0,1264268,16228,8,29
1789025816,8329,2011183,2888916,1280516,1501928,2888928,0,1264280,16228,8,30
1789025818,8331,2011183,2888904,1280504,1501920,2888928,0,1264268,16228,8,29
1789025820,8333,2011183,2888904,1280504,1501920,2888928,0,1264268,16228,8,29
1789025822,8335,2011183,2888904,1280504,1501920,2888928,0,1264268,16228,8,29
1789025824,8337,2011183,2888904,1280504,1501920,2888928,0,1264268,16228,8,29
1789025826,8339,2011183,2888904,1280504,1501920,2888928,0,1264268,16228,8,29
1789025828,8341,2011183,2888904,1280504,1501920,2888928,0,1264268,16228,8,29
1789025831,8344,2011183,2888904,1280504,1501920,2888928,0,1264268,16228,8,29
1789025832,8345,2011183,2888904,1280504,1501920,2888928,0,1264268,16228,8,29
1789025835,8348,2011183,2888904,1280504,1501920,2888928,0,1264268,16228,8,29
1789025836,8349,2011183,2888904,1280504,1501920,2888928,0,1264268,16228,8,29
1789025839,8352,2011183,2888904,1280504,1501920,2888928,0,1264268,16228,8,29
1789025840,8353,2011183,2888904,1280504,1501920,2888928,0,1264268,16228,8,29
1789025842,8355,2011183,2888904,1280504,1501920,2888928,0,1264268,16228,8,29
1789025844,8357,2011183,2888904,1280504,1501920,2888928,0,1264268,16228,8,29
1789025847,8360,2011183,2888904,1280504,1501920,2888928,0,1264268,16228,8,29
1789025848,8361,2011183,2888904,1280504,1501920,2888928,0,1264268,16228,8,29
1789025851,8364,2011183,2888904,1280504,1501920,2888928,0,1264268,16228,8,29
1789025853,8366,2011183,2888904,1280504,1501920,2888928,0,1264268,16228,8,29
1789025856,8369,2011183,2888904,1280504,1501920,2888928,0,1264268,16228,8,29
1789025858,8371,2011183,2888904,1280504,1501920,2888928,0,1264268,16228,8,29
1789025860,8373,2011183,2888904,1280504,1501920,2888928,0,1264268,16228,8,29
1789025862,8375,2011183,2888904,1280504,1501920,2888928,0,1264268,16228,8,29
1789025865,8378,2011183,2888904,1280504,1501920,2888928,0,1264268,16228,8,29
1789025866,8379,2011183,2888904,1280504,1501920,2888928,0,1264268,16228,8,29
1789025868,8381,2011183,2888904,1280504,1501920,2888928,0,1264268,16228,8,29
1789025870,8383,2011183,2888904,1280504,1501920,2888928,0,1264268,16228,8,29
1789025872,8385,2011183,2888904,1280504,1501920,2888928,0,1264268,16228,8,29
1789025874,8387,2011183,2888904,1280504,1501920,2888928,0,1264268,16228,8,29
1789025877,8390,2011183,2888904,1280504,1501920,2888928,0,1264268,16228,8,29
1789025879,8392,2011183,2888904,1280504,1501920,2888928,0,1264268,16228,8,29
1789025881,8394,2011183,2888904,1280504,1501920,2888928,0,1264268,16228,8,29
1789025883,8396,2011183,2888904,1280504,1501920,2888928,0,1264268,16228,8,29
1789025885,8398,2011183,2888904,1280504,1501920,2888928,0,1264268,16228,8,29
1789025887,8400,2011183,2888904,1280504,1501920,2888928,0,1264268,16228,8,29
1789025889,8402,2011183,2888904,1280504,1501920,2888928,0,1264268,16228,8,29
1789025891,8404,2011183,2888904,1280504,1501920,2888928,0,1264268,16228,8,29
1789025893,8406,2011183,2888904,1280504,1501920,2888928,0,1264268,16228,8,29
1789025895,8408,2011183,2888904,1280504,1501920,2888928,0,1264268,16228,8,29
1789025897,8410,2011183,2888904,1280504,1501920,2888928,0,1264268,16228,8,29
1789025899,8412,2011183,2888904,1280504,1501920,2888928,0,1264268,16228,8,29
1789025901,8414,2011183,2888904,1280504,1501920,2888928,0,1264268,16228,8,29
1789025903,8416,2011183,2888904,1280504,1501920,2888928,0,1264268,16228,8,29
1789025905,8418,2011183,2888904,1280504,1501920,2888928,0,1264268,16228,8,29
1789025907,8420,2011183,2888904,1280504,1501920,2888928,0,1264268,16228,8,29
1789025909,8422,2011183,2888904,1280504,1501920,2888928,0,1264268,16228,8,29
1789025911,8424,2011183,2888904,1280504,1501920,2888928,0,1264268,16228,8,29
1789025913,8426,2011183,2888904,1280504,1501920,2888928,0,1264268,16228,8,29
1789025915,8428,2011183,2888904,1280504,1501920,2888928,0,1264268,16228,8,29
1789025917,8430,2011183,2888904,1280504,1501920,2888928,0,1264268,16228,8,29
1789025919,8432,2011183,2888904,1280504,1501920,2888928,0,1264268,16228,8,29
1789025922,8435,2011183,2888904,1280504,1501920,2888928,0,1264268,16228,8,29
1789025924,8437,2011183,2888904,1280504,1501920,2888928,0,1264268,16228,8,29
1789025926,8439,2011183,2888904,1280504,1501920,2888928,0,1264268,16228,8,29
1789025928,8441,2011183,2888904,1280504,1501920,2888928,0,1264268,16228,8,29
1789025930,8443,2011183,2888904,1280504,1501920,2888928,0,1264268,16228,8,29
1789025932,8445,2011183,2888904,1280504,1501920,2888928,0,1264268,16228,8,29
1789025934,8447,2011183,2888904,1280504,1501920,2888928,0,1264268,16228,8,29
1789025936,8449,2011183,2888904,1280504,1501920,2888928,0,1264268,16228,8,29
1789025938,8451,2011183,2888904,1280504,1501920,2888928,0,1264268,16228,8,29
1789025940,8453,2011183,2888904,1280504,1501920,2888928,0,1264268,16228,8,29
1789025942,8455,2011183,2888904,1280504,1501920,2888928,0,1264268,16228,8,29
1789025944,8457,2011183,2888904,1280504,1501920,2888928,0,1264268,16228,8,29
1789025946,8459,2011183,2888904,1280504,1501920,2888928,0,1264268,16228,8,29
1789025948,8461,2011183,2888904,1280504,1501920,2888928,0,1264268,16228,8,29
1789025950,8463,2011183,2888904,1280504,1501920,2888928,0,1264268,16228,8,29
1789025952,8465,2011183,2888904,1280504,1501920,2888928,0,1264268,16228,8,29
1789025955,8468,2011183,2888904,1280504,1501920,2888928,0,1264268,16228,8,29
1789025957,8470,2011183,2888904,1280504,1501920,2888928,0,1264268,16228,8,29
1789025959,8472,2011183,2888904,1280504,1501920,2888928,0,1264268,16228,8,29
1789025961,8474,2011183,2888904,1280504,1501920,2888928,0,1264268,16228,8,29
1789025963,8476,2011183,2888904,1280504,1501920,2888928,0,1264268,16228,8,29
1789025965,8478,2011183,2888904,1280504,1501920,2888928,0,1264268,16228,8,29
1789025967,8480,2011183,2888904,1280504,1501920,2888928,0,1264268,16228,8,29
1789025969,8482,2011183,2888904,1280504,1501920,2888928,0,1264268,16228,8,29
1789025971,8484,2011183,2888904,1280504,1501920,2888928,0,1264268,16228,8,29
1789025973,8486,2011183,2888904,1280504,1501920,2888928,0,1264268,16228,8,29
1789025975,8488,2011183,2888904,1280504,1501920,2888928,0,1264268,16228,8,29
1789025977,8490,2011183,2888904,1280504,1501920,2888928,0,1264268,16228,8,29
1789025979,8492,2011183,2888904,1280504,1501920,2888928,0,1264268,16228,8,29
1789025981,8494,2011183,2888904,1280504,1501920,2888928,0,1264268,16228,8,29
1789025983,8496,2011183,2888904,1280504,1501920,2888928,0,1264268,16228,8,29
1789025985,8498,2011183,2888904,1280504,1501920,2888928,0,1264268,16228,8,29
1789025987,8500,2011183,2888904,1280504,1501920,2888928,0,1264268,16228,8,29
1789025989,8502,2011183,2888904,1280504,1501920,2888928,0,1264268,16228,8,29
1789025991,8504,2011183,2888904,1280504,1501920,2888928,0,1264268,16228,8,29
1789025993,8506,2011183,2888904,1280504,1501920,2888928,0,1264268,16228,8,29
1789025995,8508,2011183,2888904,1280504,1501920,2888928,0,1264268,16228,8,29
1789025997,8510,2011183,2888904,1280504,1501920,2888928,0,1264268,16228,8,29
1789025999,8512,2011183,2888904,1280504,1501920,2888928,0,1264268,16228,8,29
1789026001,8514,2011183,2888904,1280504,1501920,2888928,0,1264268,16228,8,29
1789026003,8516,2011183,2888904,1280504,1501920,2888928,0,1264268,16228,8,29
1789026005,8518,2011183,2888904,1280504,1501920,2888928,0,1264268,16228,8,29
1789026007,8520,2011183,2888904,1280504,1501920,2888928,0,1264268,16228,8,29
1789026009,8522,2011183,2888904,1280504,1501920,2888928,0,1264268,16228,8,29
1789026011,8524,2011183,2888904,1280504,1501920,2888928,0,1264268,16228,8,29
1789026013,8526,2011183,2888904,1280504,1501920,2888928,0,1264268,16228,8,29
1789026016,8529,2011183,2888904,1280504,1501920,2888928,0,1264268,16228,8,29
1789026018,8531,2011183,2888904,1280504,1501920,2888928,0,1264268,16228,8,29
1789026020,8533,2011183,2888904,1280504,1501920,2888928,0,1264268,16228,8,29
1789026022,8535,2011183,2888904,1280504,1501920,2888928,0,1264268,16228,8,29
1789026024,8537,2011183,2888904,1280504,1501920,2888928,0,1264268,16228,8,29
1789026026,8539,2011183,2888904,1280504,1501920,2888928,0,1264268,16228,8,29
1789026028,8541,2011183,2888904,1280504,1501920,2888928,0,1264268,16228,8,29
1789026030,8543,2011183,2888904,1280504,1501920,2888928,0,1264268,16228,8,29
1789026032,8545,2011183,2888904,1280504,1501920,2888928,0,1264268,16228,8,29
1789026034,8547,2011183,2888904,1280504,1501920,2888928,0,1264268,16228,8,29
1789026036,8549,2011183,2888904,1280504,1501920,2888928,0,1264268,16228,8,29
1789026038,8551,2011183,2888904,1280504,1501920,2888928,0,1264268,16228,8,29
1789026040,8553,2011183,2888904,1280504,1501920,2888928,0,1264268,16228,8,29
1789026042,8555,2011183,2888904,1280504,1501920,2888928,0,1264268,16228,8,29
1789026045,8558,2011183,2888904,1280504,1501920,2888928,0,1264268,16228,8,29
1789026047,8560,2011183,2888904,1280504,1501920,2888928,0,1264268,16228,8,29
1789026049,8562,2011183,2888904,1280504,1501920,2888928,0,1264268,16228,8,29
1789026051,8564,2011183,2888904,1280504,1501920,2888928,0,1264268,16228,8,29
1789026053,8566,2011183,2888904,1280504,1501920,2888928,0,1264268,16228,8,29
1789026055,8568,2011183,2888904,1280504,1501920,2888928,0,1264268,16228,8,29
1789026057,8570,2011183,2888904,1280504,1501920,2888928,0,1264268,16228,8,29
1789026059,8572,2011183,2888904,1280504,1501920,2888928,0,1264268,16228,8,29
1789026062,8575,2011183,2888904,1280504,1501920,2888928,0,1264268,16228,8,29
1789026063,8576,2011183,2888904,1280504,1501920,2888928,0,1264268,16228,8,29
1789026065,8578,2011183,2888904,1280504,1501920,2888928,0,1264268,16228,8,29
1789026067,8580,2011183,2888904,1280504,1501920,2888928,0,1264268,16228,8,29
1789026070,8583,2011183,2888904,1280504,1501920,2888928,0,1264268,16228,8,29
1789026071,8584,2011183,2888904,1280504,1501920,2888928,0,1264268,16228,8,29
1789026073,8586,2011183,2888904,1280504,1501920,2888928,0,1264268,16228,8,29
1789026075,8588,2011183,2888904,1280504,1501920,2888928,0,1264268,16228,8,29
1789026078,8591,2011183,2888904,1280504,1501920,2888928,0,1264268,16228,8,29
1789026079,8592,2011183,2888904,1280504,1501920,2888928,0,1264268,16228,8,29
1789026082,8595,2011183,2888904,1280504,1501920,2888928,0,1264268,16228,8,29
1789026084,8597,2011183,2888904,1280504,1501920,2888928,0,1264268,16228,8,29
1789026086,8599,2011183,2888904,1280504,1501920,2888928,0,1264268,16228,8,29
1789026088,8601,2011183,2888904,1280504,1501920,2888928,0,1264268,16228,8,29
1789026090,8603,2011183,2888904,1280504,1501920,2888928,0,1264268,16228,8,29
1789026092,8605,2011183,2888904,1280504,1501920,2888928,0,1264268,16228,8,29
1789026094,8607,2011183,2888904,1280504,1501920,2888928,0,1264268,16228,8,29
1789026096,8609,2011183,2888904,1280504,1501920,2888928,0,1264268,16228,8,29
1789026099,8612,2011183,2888904,1280504,1501920,2888928,0,1264268,16228,8,29
1789026101,8614,2011183,2888904,1280504,1501920,2888928,0,1264268,16228,8,29
1789026103,8616,2011183,2888904,1280504,1501920,2888928,0,1264268,16228,8,29
1789026105,8618,2011183,2888904,1280504,1501920,2888928,0,1264268,16228,8,29
1789026108,8621,2011183,2888904,1280504,1501920,2888928,0,1264268,16228,8,29
1789026110,8623,2011183,2888904,1280504,1501920,2888928,0,1264268,16228,8,29
1789026113,8626,2011183,2888904,1280504,1501920,2888928,0,1264268,16228,8,29
1789026115,8628,2011183,2888904,1280504,1501920,2888928,0,1264268,16228,8,29
1789026117,8630,2011183,2888904,1280504,1501920,2888928,0,1264268,16228,8,29
1789026119,8632,2011183,2888904,1280504,1501920,2888928,0,1264268,16228,8,29
1789026121,8634,2011183,2888904,1280504,1501920,2888928,0,1264268,16228,8,29
1789026123,8636,2011183,2888904,1280504,1501920,2888928,0,1264268,16228,8,29
1789026125,8638,2011183,2888904,1280504,1501920,2888928,0,1264268,16228,8,29
1789026127,8640,2011183,2888904,1280504,1501920,2888928,0,1264268,16228,8,29
1789026129,8642,2011183,2888904,1280504,1501920,2888928,0,1264268,16228,8,29
1789026131,8644,2011183,2888904,1280504,1501920,2888928,0,1264268,16228,8,29
1789026133,8646,2011183,2888904,1280504,1501920,2888928,0,1264268,16228,8,29
1789026135,8648,2011183,2888904,1280504,1501920,2888928,0,1264268,16228,8,29
1789026137,8650,2011183,2888904,1280504,1501920,2888928,0,1264268,16228,8,29
1789026139,8652,2011183,2888904,1280504,1501920,2888928,0,1264268,16228,8,29
1789026141,8654,2011183,2888904,1280504,1501920,2888928,0,1264268,16228,8,29
1789026143,8656,2011183,2888904,1280504,1501920,2888928,0,1264268,16228,8,29
1789026145,8658,2011183,2888904,1280504,1501920,2888928,0,1264268,16228,8,29
1789026147,8660,2011183,2888904,1280504,1501920,2888928,0,1264268,16228,8,29
1789026149,8662,2011183,2888904,1280504,1501920,2888928,0,1264268,16228,8,29
1789026151,8664,2011183,2888904,1280504,1501920,2888928,0,1264268,16228,8,29
1789026153,8666,2011183,2888904,1280504,1501920,2888928,0,1264268,16228,8,29
1789026155,8668,2011183,2888904,1280504,1501920,2888928,0,1264268,16228,8,29
1789026157,8670,2011183,2888904,1280504,1501920,2888928,0,1264268,16228,8,29
1789026159,8672,2011183,2888904,1280504,1501920,2888928,0,1264268,16228,8,29
1789026161,8674,2011183,2888904,1280504,1501920,2888928,0,1264268,16228,8,29
1789026163,8676,2011183,2888904,1280504,1501920,2888928,0,1264268,16228,8,29
1789026165,8678,2011183,2888904,1280504,1501920,2888928,0,1264268,16228,8,29
1789026167,8680,2011183,2888904,1280504,1501920,2888928,0,1264268,16228,8,29
1789026169,8682,2011183,2888904,1280504,1501920,2888928,0,1264268,16228,8,29
1789026171,8684,2011183,2888904,1280504,1501920,2888928,0,1264268,16228,8,29
1789026173,8686,2011183,2888904,1280504,1501920,2888928,0,1264268,16228,8,29
1789026175,8688,2011183,2888904,1280504,1501920,2888928,0,1264268,16228,8,29
1789026177,8690,2011183,2888904,1280504,1501920,2888928,0,1264268,16228,8,29
1789026179,8692,2011183,2888904,1280504,1501920,2888928,0,1264268,16228,8,29
1789026181,8694,2011183,2888904,1280504,1501920,2888928,0,1264268,16228,8,29
1789026183,8696,2011183,2888904,1280504,1501920,2888928,0,1264268,16228,8,29
1789026185,8698,2011183,2888904,1280504,1501920,2888928,0,1264268,16228,8,29
1789026187,8700,2011183,2888904,1280504,1501920,2888928,0,1264268,16228,8,29
1789026189,8702,2011183,2888904,1280504,1501920,2888928,0,1264268,16228,8,29
1789026191,8704,2011183,2888904,1280504,1501920,2888928,0,1264268,16228,8,29
1789026193,8706,2011183,2888904,1280504,1501920,2888928,0,1264268,16228,8,29
1789026195,8708,2011183,2888904,1280504,1501920,2888928,0,1264268,16228,8,29
1789026197,8710,2011183,2888904,1280504,1501920,2888928,0,1264268,16228,8,29
1789026199,8712,2011183,2888904,1280504,1501920,2888928,0,1264268,16228,8,29
1789026201,8714,2011183,2888904,1280504,1501920,2888928,0,1264268,16228,8,29
1789026203,8716,2011183,2888904,1280504,1501920,2888928,0,1264268,16228,8,29
1789026205,8718,2011183,2888904,1280504,1501920,2888928,0,1264268,16228,8,29
1789026207,8720,2011183,2888904,1280504,1501920,2888928,0,1264268,16228,8,29
1789026209,8722,2011183,2888904,1280504,1501920,2888928,0,1264268,16228,8,29
1789026212,8725,2011183,2888904,1280504,1501920,2888928,0,1264268,16228,8,29
1789026214,8727,2011183,2888904,1280504,1501920,2888928,0,1264268,16228,8,29
1789026217,8730,2011183,2888904,1280504,1501920,2888928,0,1264268,16228,8,29
1789026219,8732,2011183,2888904,1280504,1501920,2888928,0,1264268,16228,8,29
1789026222,8735,2011183,2888904,1280504,1501920,2888928,0,1264268,16228,8,29
1789026224,8737,2011183,2888904,1280504,1501920,2888928,0,1264268,16228,8,29
1789026227,8740,2011183,2888904,1280504,1501920,2888928,0,1264268,16228,8,29
1789026229,8742,2011183,2888904,1280504,1501920,2888928,0,1264268,16228,8,29
1789026231,8744,2011183,2888904,1280504,1501920,2888928,0,1264268,16228,8,29
1789026233,8746,2011183,2888904,1280504,1501920,2888928,0,1264268,16228,8,29
1789026235,8748,2011183,2888904,1280504,1501920,2888928,0,1264268,16228,8,29
1789026237,8750,2011183,2888904,1280504,1501920,2888928,0,1264268,16228,8,29
1789026239,8752,2011183,2888904,1280504,1501920,2888928,0,1264268,16228,8,29
1789026241,8754,2011183,2888904,1280504,1501920,2888928,0,1264268,16228,8,29
1789026244,8757,2011183,2888904,1280504,1501920,2888928,0,1264268,16228,8,29
1789026245,8758,2011183,2888904,1280504,1501920,2888928,0,1264268,16228,8,29
1789026247,8760,2011183,2888904,1280504,1501920,2888928,0,1264268,16228,8,29
1789026249,8762,2011183,2888904,1280504,1501920,2888928,0,1264268,16228,8,29
1789026251,8764,2011183,2888904,1280504,1501920,2888928,0,1264268,16228,8,29
1789026253,8766,2011183,2888904,1280504,1501920,2888928,0,1264268,16228,8,29
1789026255,8768,2011183,2888904,1280504,1501920,2888928,0,1264268,16228,8,29
1789026257,8770,2011183,2888904,1280504,1501920,2888928,0,1264268,16228,8,29
1789026259,8772,2011183,2888904,1280504,1501920,2888928,0,1264268,16228,8,29
1789026261,8774,2011183,2888904,1280504,1501920,2888928,0,1264268,16228,8,29
1789026263,8776,2011183,2888904,1280504,1501920,2888928,0,1264268,16228,8,29
1789026265,8778,2011183,2888904,1280504,1501920,2888928,0,1264268,16228,8,29
1789026267,8780,2011183,2888904,1280504,1501920,2888928,0,1264268,16228,8,29
1789026269,8782,2011183,2888904,1280504,1501920,2888928,0,1264268,16228,8,29
1789026271,8784,2011183,2888904,1280504,1501920,2888928,0,1264268,16228,8,29
1789026273,8786,2011183,2888904,1280504,1501920,2888928,0,1264268,16228,8,29
1789026275,8788,2011183,2888904,1280504,1501920,2888928,0,1264268,16228,8,29
1789026277,8790,2011183,2888904,1280504,1501920,2888928,0,1264268,16228,8,29
1789026279,8792,2011183,2888904,1280504,1501920,2888928,0,1264268,16228,8,29
1789026281,8794,2011183,2888904,1280504,1501920,2888928,0,1264268,16228,8,29
1789026283,8796,2011183,2888904,1280504,1501920,2888928,0,1264268,16228,8,29
1789026286,8799,2011183,2888904,1280504,1501920,2888928,0,1264268,16228,8,29
1789026288,8801,2011183,2888904,1280504,1501920,2888928,0,1264268,16228,8,29
1789026290,8803,2011183,2888904,1280504,1501920,2888928,0,1264268,16228,8,29
1789026292,8805,2011183,2888904,1280504,1501920,2888928,0,1264268,16228,8,29
1789026295,8808,2011183,2888904,1280504,1501920,2888928,0,1264268,16228,8,29
1789026297,8810,2011183,2888904,1280504,1501920,2888928,0,1264268,16228,8,29
1789026300,8813,2011183,2888904,1280504,1501920,2888928,0,1264268,16228,8,29
1789026302,8815,2011183,2888904,1280504,1501920,2888928,0,1264268,16228,8,29
1789026305,8818,2011183,2888904,1280504,1501920,2888928,0,1264268,16228,8,29
1789026307,8820,2011183,2888904,1280504,1501920,2888928,0,1264268,16228,8,29
